space,metric,floor_mean,floor_sd,n
pixels_pca16,mtd_PQ,33550.867431640625,7711.794461537659,8
pixels_pca16,mtd_QP,39769.50830078125,6052.710429298879,8
pixels_pca16,ntd_PQ,1.567949937413731,0.09379342355171784,8
pixels_pca16,ntd_QP,1.3742048817490629,0.08763029954229033,8
pixels_pca16,rtd,35.49206590652466,1.695108748567037,8
pixels_pca16,precision@1,0.5694444444444444,0.12109873243860289,8
pixels_pca16,recall@1,0.36277777777777775,0.1132352516764202,8
pixels_pca16,precision@3,0.8511111111111112,0.1241947608570451,8
pixels_pca16,recall@3,0.6833333333333333,0.10189734433766558,8
pixels_pca16,precision@10,0.995,0.014142135623730963,8
pixels_pca16,recall@10,0.9355555555555555,0.061216359584477215,8
pixels_pca16,mmd,0.06231888430225296,0.04101823436321422,8
pixels_pca16,frechet,296.7729907839611,84.70145298093745,8
pixels_pca16,js,0.0,0.0,8
clip_pca16,mtd_PQ,2.3332714289426804,0.211765668657112,8
clip_pca16,mtd_QP,2.6647357046604156,0.2976675809609286,8
clip_pca16,ntd_PQ,1.4587937439792438,0.0408046675379351,8
clip_pca16,ntd_QP,1.3764394749060291,0.06039471418075107,8
clip_pca16,rtd,34.56153726577759,1.5263624685900063,8
clip_pca16,precision@1,0.5888888888888889,0.053899115377230196,8
clip_pca16,recall@1,0.5013888888888889,0.03182707908311667,8
clip_pca16,precision@3,0.8905555555555555,0.02658054877522736,8
clip_pca16,recall@3,0.8163888888888888,0.03380486591358745,8
clip_pca16,precision@10,0.9891666666666667,0.008519093608376941,8
clip_pca16,recall@10,0.9716666666666667,0.012040496043500245,8
clip_pca16,mmd,0.06858757436231024,0.039332581399183754,8
clip_pca16,frechet,0.0409690712743351,0.0077680365706336695,8
clip_pca16,js,0.0,0.0,8
dino_pca16,mtd_PQ,6.694282650947571,0.49661120200781644,8
dino_pca16,mtd_QP,7.413363575935364,0.5683299055611152,8
dino_pca16,ntd_PQ,1.6880267985266524,0.03610590827519986,8
dino_pca16,ntd_QP,1.5650090435303001,0.07645786848319984,8
dino_pca16,rtd,30.6712863445282,1.2442170331837141,8
dino_pca16,precision@1,0.20472222222222222,0.03773924271785414,8
dino_pca16,recall@1,0.16749999999999998,0.058456785467520936,8
dino_pca16,precision@3,0.5952777777777778,0.08364228443814616,8
dino_pca16,recall@3,0.5133333333333333,0.08318187294050701,8
dino_pca16,precision@10,0.933888888888889,0.039889618421944384,8
dino_pca16,recall@10,0.8772222222222223,0.0461077642694365,8
dino_pca16,mmd,0.12631105651624475,0.02054764274074297,8
dino_pca16,frechet,0.10526267168347711,0.014055187849709464,8
dino_pca16,js,0.0,0.0,8
vae_latent16,mtd_PQ,73.3519549369812,7.471750477796604,8
vae_latent16,mtd_QP,70.3829460144043,6.398555631883202,8
vae_latent16,ntd_PQ,1.4634183617907945,0.0762577256794949,8
vae_latent16,ntd_QP,1.458516118232151,0.08837005343455415,8
vae_latent16,rtd,34.15331244468689,2.2132424880917094,8
vae_latent16,precision@1,0.4691666666666666,0.09586467166463673,8
vae_latent16,recall@1,0.4738888888888889,0.06804656565177823,8
vae_latent16,precision@3,0.7880555555555555,0.09140052755531433,8
vae_latent16,recall@3,0.7941666666666667,0.05609185588208235,8
vae_latent16,precision@10,0.9544444444444444,0.046915436703266464,8
vae_latent16,recall@10,0.9758333333333333,0.025598652411621296,8
vae_latent16,mmd,0.048667349093417245,0.02619053455241866,8
vae_latent16,frechet,0.6705197069659273,0.08642404294821483,8
vae_latent16,js,0.0,0.0,8
