space,comp,metric,mean,sd,floor_mean,floor_sd,z
pixels_pca16,arc,mtd_PQ,37657.27294921875,9835.84857594619,33550.867431640625,7711.794461537659,0.5324837867578938
pixels_pca16,arc,mtd_QP,39321.76220703125,2809.780451119871,39769.50830078125,6052.710429298879,-0.073974477877321
pixels_pca16,arc,ntd_PQ,2.326599411749183,0.13211394947611957,1.567949937413731,0.09379342355171784,8.088514584576728
pixels_pca16,arc,ntd_QP,1.2691192469326578,0.0815696792962635,1.3742048817490629,0.08763029954229033,-1.1991929203173706
pixels_pca16,arc,rtd,47.96949338912964,2.633212794578448,35.49206590652466,1.695108748567037,7.360841888848013
pixels_pca16,arc,precision@1,0.5533333333333332,0.118580671533668,0.5694444444444444,0.12109873243860289,-0.1330411209653208
pixels_pca16,arc,recall@1,0.04638888888888889,0.0368693292952391,0.36277777777777775,0.1132352516764202,-2.794084741322413
pixels_pca16,arc,precision@3,0.856111111111111,0.1299776130500168,0.8511111111111112,0.1241947608570451,0.040259347217997093
pixels_pca16,arc,recall@3,0.2822222222222222,0.06425258797689316,0.6833333333333333,0.10189734433766558,-3.9364236008145257
pixels_pca16,arc,precision@10,0.9947222222222223,0.014051429848097825,0.995,0.014142135623730963,-0.019641855032954857
pixels_pca16,arc,recall@10,0.6316666666666666,0.07265923946316173,0.9355555555555555,0.061216359584477215,-4.964177728823109
pixels_pca16,arc,mmd,0.1781848698857093,0.017218347534403378,0.06231888430225296,0.04101823436321422,2.8247433704110563
pixels_pca16,arc,frechet,654.6421221041082,31.773695572562147,296.7729907839611,84.70145298093745,4.225064845117682
pixels_pca16,arc,js,0.0,0.0,0.0,0.0,
pixels_pca16,zoom,mtd_PQ,45087.647705078125,10810.519304241601,33550.867431640625,7711.794461537659,1.4959916697698366
pixels_pca16,zoom,mtd_QP,15447.257446289062,1442.7181434255942,39769.50830078125,6052.710429298879,-4.018406487242044
pixels_pca16,zoom,ntd_PQ,3.5784805429035305,0.22381827071432514,1.567949937413731,0.09379342355171784,21.435731092395727
pixels_pca16,zoom,ntd_QP,1.0990568308711544,0.05843348727684873,1.3742048817490629,0.08763029954229033,-3.1398734491957567
pixels_pca16,zoom,rtd,51.537657260894775,2.1376785169513437,35.49206590652466,1.695108748567037,9.465818265603481
pixels_pca16,zoom,precision@1,0.2475,0.08614771367499297,0.5694444444444444,0.12109873243860289,-2.6585286068759673
pixels_pca16,zoom,recall@1,0.0008333333333333333,0.0011501092655705903,0.36277777777777775,0.1132352516764202,-3.1963936944188793
pixels_pca16,zoom,precision@3,0.5208333333333333,0.14694028109443943,0.8511111111111112,0.1241947608570451,-2.6593535467888656
pixels_pca16,zoom,recall@3,0.014444444444444444,0.008482786803738025,0.6833333333333333,0.10189734433766558,-6.564340741524499
pixels_pca16,zoom,precision@10,0.9113888888888888,0.07314972203785307,0.995,0.014142135623730963,-5.912198364920856
pixels_pca16,zoom,recall@10,0.15083333333333332,0.02946764584549443,0.9355555555555555,0.061216359584477215,-12.818831886586182
pixels_pca16,zoom,mmd,0.3576025187651768,0.020464958087112916,0.06231888430225296,0.04101823436321422,7.1988382495502705
pixels_pca16,zoom,frechet,1075.676068665367,47.615012626965715,296.7729907839611,84.70145298093745,9.195864421082629
pixels_pca16,zoom,js,0.5914786258341926,0.056778323208565,0.0,0.0,
clip_pca16,arc,mtd_PQ,2.48752298951149,0.20966148421462774,2.3332714289426804,0.211765668657112,0.728406835475166
clip_pca16,arc,mtd_QP,2.9847348034381866,0.1565448968730612,2.6647357046604156,0.2976675809609286,1.0750216659293295
clip_pca16,arc,ntd_PQ,1.9516761201909198,0.07493387796265942,1.4587937439792438,0.0408046675379351,12.079068546593485
clip_pca16,arc,ntd_QP,1.2473634086083898,0.06136006668697609,1.3764394749060291,0.06039471418075107,-2.1372079998811935
clip_pca16,arc,rtd,36.44391679763794,1.5572504263251905,34.56153726577759,1.5263624685900063,1.2332454253800016
clip_pca16,arc,precision@1,0.5947222222222223,0.06285323460673366,0.5888888888888889,0.053899115377230196,0.10822688447680279
clip_pca16,arc,recall@1,0.20666666666666667,0.018554462471368202,0.5013888888888889,0.03182707908311667,-9.260109023908628
clip_pca16,arc,precision@3,0.8905555555555555,0.023116910139366263,0.8905555555555555,0.02658054877522736,0.0
clip_pca16,arc,recall@3,0.4913888888888889,0.021819768394026533,0.8163888888888888,0.03380486591358745,-9.614000565207691
clip_pca16,arc,precision@10,0.9886111111111111,0.007170141891501739,0.9891666666666667,0.008519093608376941,-0.06521298873971253
clip_pca16,arc,recall@10,0.7302777777777778,0.03553446795293848,0.9716666666666667,0.012040496043500245,-20.048085063671152
clip_pca16,arc,mmd,0.17797020951989878,0.009300015809148512,0.06858757436231024,0.039332581399183754,2.7809676168332675
clip_pca16,arc,frechet,0.09736039878244925,0.005828908127403864,0.0409690712743351,0.0077680365706336695,7.259405513266537
clip_pca16,arc,js,0.0,0.0,0.0,0.0,
clip_pca16,zoom,mtd_PQ,3.098207801580429,0.29090601875596533,2.3332714289426804,0.211765668657112,3.6121831148953754
clip_pca16,zoom,mtd_QP,1.99224092066288,0.10852645470598228,2.6647357046604156,0.2976675809609286,-2.2592140596117063
clip_pca16,zoom,ntd_PQ,3.420447467334917,0.2902245507511354,1.4587937439792438,0.0408046675379351,48.07424840631213
clip_pca16,zoom,ntd_QP,1.0447774352727472,0.08391970621920522,1.3764394749060291,0.06039471418075107,-5.491573958619525
clip_pca16,zoom,rtd,42.65694999694824,3.0347961785837008,34.56153726577759,1.5263624685900063,5.303728896484777
clip_pca16,zoom,precision@1,0.3752777777777778,0.07636760165155497,0.5888888888888889,0.053899115377230196,-3.96316543631719
clip_pca16,zoom,recall@1,0.014444444444444444,0.005696621728548051,0.5013888888888889,0.03182707908311667,-15.299690027249602
clip_pca16,zoom,precision@3,0.6669444444444445,0.0768740007606299,0.8905555555555555,0.02658054877522736,-8.412584442933436
clip_pca16,zoom,recall@3,0.06416666666666666,0.014423061095274635,0.8163888888888888,0.03380486591358745,-22.251891906480704
clip_pca16,zoom,precision@10,0.9072222222222222,0.04636714156143855,0.9891666666666667,0.008519093608376941,-9.618915839106112
clip_pca16,zoom,recall@10,0.24694444444444444,0.05088892354611699,0.9716666666666667,0.012040496043500245,-60.19039577804148
clip_pca16,zoom,mmd,0.5489108187941035,0.05640659762379147,0.06858757436231024,0.039332581399183754,12.211841362686691
clip_pca16,zoom,frechet,0.20940742213427338,0.015749863472389977,0.0409690712743351,0.0077680365706336695,21.68351671987534
clip_pca16,zoom,js,0.531137511468511,0.06347420233251796,0.0,0.0,
dino_pca16,arc,mtd_PQ,6.837993502616882,0.5170712069321718,6.694282650947571,0.49661120200781644,0.289383024563851
dino_pca16,arc,mtd_QP,6.599890053272247,0.5624240183736675,7.413363575935364,0.5683299055611152,-1.4313403442318764
dino_pca16,arc,ntd_PQ,2.0249463154391565,0.07368646847060789,1.6880267985266524,0.03610590827519986,9.331423387676546
dino_pca16,arc,ntd_QP,1.5257181723592237,0.05543659623470803,1.5650090435303001,0.07645786848319984,-0.5138891777987488
dino_pca16,arc,rtd,35.73624086380005,1.118153227443111,30.6712863445282,1.2442170331837141,4.070796640929756
dino_pca16,arc,precision@1,0.18666666666666665,0.03473253815011517,0.20472222222222222,0.03773924271785414,-0.4784291961166892
dino_pca16,arc,recall@1,0.0625,0.020138409955990956,0.16749999999999998,0.058456785467520936,-1.796198664709999
dino_pca16,arc,precision@3,0.5516666666666667,0.08566988856066332,0.5952777777777778,0.08364228443814616,-0.5214002869967242
dino_pca16,arc,recall@3,0.25805555555555554,0.0570087712549569,0.5133333333333333,0.08318187294050701,-3.068911155202726
dino_pca16,arc,precision@10,0.9283333333333333,0.03988961842194439,0.933888888888889,0.039889618421944384,-0.13927321883077684
dino_pca16,arc,recall@10,0.6997222222222221,0.06762733759452207,0.8772222222222223,0.0461077642694365,-3.8496770080361453
dino_pca16,arc,mmd,0.18090315721186212,0.013040628823055518,0.12631105651624475,0.02054764274074297,2.6568546759560516
dino_pca16,arc,frechet,0.13600389608968283,0.011831767778818144,0.10526267168347711,0.014055187849709464,2.1871799035998776
dino_pca16,arc,js,0.14430227014843316,0.10106869740517345,0.0,0.0,
dino_pca16,zoom,mtd_PQ,7.0850255489349365,0.36089694836049224,6.694282650947571,0.49661120200781644,0.7868185341119542
dino_pca16,zoom,mtd_QP,2.596340596675873,0.11624981756256969,7.413363575935364,0.5683299055611152,-8.475751376313056
dino_pca16,zoom,ntd_PQ,3.2812061258271146,0.22741376446377895,1.6880267985266524,0.03610590827519986,44.12516963033367
dino_pca16,zoom,ntd_QP,1.2952350920784386,0.09007020952359794,1.5650090435303001,0.07645786848319984,-3.5284001085007914
dino_pca16,zoom,rtd,37.400991916656494,1.7470317101721458,30.6712863445282,1.2442170331837141,5.408787528738666
dino_pca16,zoom,precision@1,0.06805555555555556,0.03916117827131717,0.20472222222222222,0.03773924271785414,-3.621340992144782
dino_pca16,zoom,recall@1,0.0030555555555555553,0.0037444844800271267,0.16749999999999998,0.058456785467520936,-2.813094205048464
dino_pca16,zoom,precision@3,0.4658333333333334,0.12422280432609165,0.5952777777777778,0.08364228443814616,-1.5475957563087503
dino_pca16,zoom,recall@3,0.010833333333333334,0.0040171589634424645,0.5133333333333333,0.08318187294050701,-6.040979629773375
dino_pca16,zoom,precision@10,0.9033333333333333,0.06542763952726208,0.933888888888889,0.039889618421944384,-0.7660027035692628
dino_pca16,zoom,recall@10,0.1575,0.06230649055621811,0.8772222222222223,0.0461077642694365,-15.609566710206014
dino_pca16,zoom,mmd,0.3707018777952799,0.030038710879901506,0.12631105651624475,0.02054764274074297,11.89386171263548
dino_pca16,zoom,frechet,0.24228781341845115,0.015453041024378314,0.10526267168347711,0.014055187849709464,9.749079357755186
dino_pca16,zoom,js,0.6974093796305978,0.04709072997352584,0.0,0.0,
vae_latent16,arc,mtd_PQ,81.49591255187988,7.067721327594201,73.3519549369812,7.471750477796604,1.0899664863139686
vae_latent16,arc,mtd_QP,80.35764598846436,3.4216744877403342,70.3829460144043,6.398555631883202,1.5588986871282915
vae_latent16,arc,ntd_PQ,2.1007798845361974,0.06555928782082496,1.4634183617907945,0.0762577256794949,8.357992807498379
vae_latent16,arc,ntd_QP,1.3713506870385044,0.08817746366904639,1.458516118232151,0.08837005343455415,-0.9863684337160715
vae_latent16,arc,rtd,48.221177101135254,1.8452479373755482,34.15331244468689,2.2132424880917094,6.356223835454147
vae_latent16,arc,precision@1,0.47305555555555556,0.10232870575339073,0.4691666666666666,0.09586467166463673,0.0405664445656627
vae_latent16,arc,recall@1,0.02888888888888889,0.019226671656795834,0.4738888888888889,0.06804656565177823,-6.5396393739728875
vae_latent16,arc,precision@3,0.7872222222222222,0.08533159720456121,0.7880555555555555,0.09140052755531433,-0.009117379906029873
vae_latent16,arc,recall@3,0.3461111111111111,0.04664020413736746,0.7941666666666667,0.05609185588208235,-7.987889659016966
vae_latent16,arc,precision@10,0.9516666666666667,0.053197578547483686,0.9544444444444444,0.046915436703266464,-0.05920818333945864
vae_latent16,arc,recall@10,0.7069444444444444,0.032798621298507226,0.9758333333333333,0.025598652411621296,-10.504025155903072
vae_latent16,arc,mmd,0.17881192003691304,0.013154509723599698,0.048667349093417245,0.02619053455241866,4.969145272045512
vae_latent16,arc,frechet,1.4631672384771228,0.06837391201100068,0.6705197069659273,0.08642404294821483,9.171609016094616
vae_latent16,arc,js,0.0,0.0,0.0,0.0,
vae_latent16,zoom,mtd_PQ,96.381516456604,9.466948549467011,73.3519549369812,7.471750477796604,3.082217692903223
vae_latent16,zoom,mtd_QP,34.44809126853943,3.1888278375591894,70.3829460144043,6.398555631883202,-5.616088507038367
vae_latent16,zoom,ntd_PQ,3.067676544888661,0.08214504045807233,1.4634183617907945,0.0762577256794949,21.037320072204025
vae_latent16,zoom,ntd_QP,1.3519865235993578,0.06756197958776401,1.458516118232151,0.08837005343455415,-1.205494287854968
vae_latent16,zoom,rtd,57.84976148605347,1.9329121717115798,34.15331244468689,2.2132424880917094,10.706666426686038
vae_latent16,zoom,precision@1,0.16944444444444445,0.060959407663756446,0.4691666666666666,0.09586467166463673,-3.1265138347392463
vae_latent16,zoom,recall@1,0.0005555555555555556,0.0015713484026367722,0.4738888888888889,0.06804656565177823,-6.956020907147193
vae_latent16,zoom,precision@3,0.44833333333333336,0.11877535002790116,0.7880555555555555,0.09140052755531433,-3.716851875024758
vae_latent16,zoom,recall@3,0.005555555555555555,0.002057377999494559,0.7941666666666667,0.05609185588208235,-14.05928006320469
vae_latent16,zoom,precision@10,0.7677777777777779,0.089616073136318,0.9544444444444444,0.046915436703266464,-3.978789920411632
vae_latent16,zoom,recall@10,0.2011111111111111,0.05616805220214976,0.9758333333333333,0.025598652411621296,-30.264179917162874
vae_latent16,zoom,mmd,0.33540061224020307,0.017933079036425867,0.048667349093417245,0.02619053455241866,10.947972924069486
vae_latent16,zoom,frechet,2.615709086301541,0.1159041432539343,0.6705197069659273,0.08642404294821483,22.507502692290945
vae_latent16,zoom,js,0.7283400534226361,0.0646339278364176,0.0,0.0,
