space,alpha_max,metric,mean,sd,n
pixels_pca16,180.0,mtd_PQ,31351.401041666668,9385.930619138699,3
pixels_pca16,180.0,mtd_QP,37385.83203125,3708.6212576269613,3
pixels_pca16,180.0,ntd_PQ,2.2745536411660545,0.2210184398425372,3
pixels_pca16,180.0,ntd_QP,1.3301922858933766,0.07215975661270499,3
pixels_pca16,180.0,rtd,48.808753967285156,3.016653064496612,3
pixels_pca16,180.0,precision@1,0.477037037037037,0.14079725960670258,3
pixels_pca16,180.0,recall@1,0.05185185185185185,0.050102775031365496,3
pixels_pca16,180.0,precision@3,0.7888888888888889,0.20842738617715756,3
pixels_pca16,180.0,recall@3,0.3140740740740741,0.07982491128028488,3
pixels_pca16,180.0,precision@10,0.9866666666666667,0.023094010767585053,3
pixels_pca16,180.0,recall@10,0.6651851851851851,0.07242990083507933,3
pixels_pca16,180.0,mmd,0.18280668602192787,0.022761515711436614,3
pixels_pca16,180.0,frechet,653.4871273483511,34.57087017094306,3
pixels_pca16,180.0,js,0.0,0.0,3
pixels_pca16,270.0,mtd_PQ,29768.179036458332,10980.124355854396,3
pixels_pca16,270.0,mtd_QP,43007.94921875,8453.241984471677,3
pixels_pca16,270.0,ntd_PQ,1.7533630691761264,0.16634818450102173,3
pixels_pca16,270.0,ntd_QP,1.4087094753415614,0.07574841975680996,3
pixels_pca16,270.0,rtd,38.392852783203125,3.8566737321594315,3
pixels_pca16,270.0,precision@1,0.47851851851851857,0.14126996016878654,3
pixels_pca16,270.0,recall@1,0.1859259259259259,0.10782549535503962,3
pixels_pca16,270.0,precision@3,0.7903703703703703,0.21004800548696836,3
pixels_pca16,270.0,recall@3,0.5385185185185185,0.11089608823953745,3
pixels_pca16,270.0,precision@10,0.9866666666666667,0.023094010767585053,3
pixels_pca16,270.0,recall@10,0.9125925925925925,0.07119208352901077,3
pixels_pca16,270.0,mmd,0.12971802459773626,0.03189957636585459,3
pixels_pca16,270.0,frechet,460.3194885800442,58.45706775034622,3
pixels_pca16,270.0,js,0.0,0.0,3
pixels_pca16,315.0,mtd_PQ,29415.731770833332,11971.825556996304,3
pixels_pca16,315.0,mtd_QP,42756.205729166664,12191.177760858822,3
pixels_pca16,315.0,ntd_PQ,1.6048714369791905,0.1496316468076986,3
pixels_pca16,315.0,ntd_QP,1.4275982513868979,0.08250388326855294,3
pixels_pca16,315.0,rtd,37.120155334472656,2.872235088459221,3
pixels_pca16,315.0,precision@1,0.4696296296296297,0.1481462962847221,3
pixels_pca16,315.0,recall@1,0.3074074074074074,0.12421274727000502,3
pixels_pca16,315.0,precision@3,0.7822222222222223,0.2146602253461945,3
pixels_pca16,315.0,recall@3,0.6555555555555556,0.10751973691913728,3
pixels_pca16,315.0,precision@10,0.9844444444444443,0.0214303350244288,3
pixels_pca16,315.0,recall@10,0.9622222222222222,0.0519734025045622,3
pixels_pca16,315.0,mmd,0.09497679183460946,0.043607360968766974,3
pixels_pca16,315.0,frechet,346.69195396722495,85.51898538190997,3
pixels_pca16,315.0,js,0.0,0.0,3
pixels_pca16,330.0,mtd_PQ,29189.772786458332,12484.550332544224,3
pixels_pca16,330.0,mtd_QP,42749.30859375,11118.806847225891,3
pixels_pca16,330.0,ntd_PQ,1.575989658467887,0.14726976570037176,3
pixels_pca16,330.0,ntd_QP,1.4328597109467107,0.08013776774562022,3
pixels_pca16,330.0,rtd,36.8192392985026,2.4324811312520564,3
pixels_pca16,330.0,precision@1,0.4762962962962963,0.1603442798039382,3
pixels_pca16,330.0,recall@1,0.3451851851851852,0.138783663843387,3
pixels_pca16,330.0,precision@3,0.7829629629629631,0.20715990523614497,3
pixels_pca16,330.0,recall@3,0.6874074074074074,0.09620793666943131,3
pixels_pca16,330.0,precision@10,0.9837037037037036,0.021003625005567177,3
pixels_pca16,330.0,recall@10,0.9703703703703703,0.047523007206949436,3
pixels_pca16,330.0,mmd,0.08280432071996358,0.0496605290069626,3
pixels_pca16,330.0,frechet,314.9134973400859,95.08866869153603,3
pixels_pca16,330.0,js,0.0,0.0,3
pixels_pca16,345.0,mtd_PQ,28358.452799479168,13577.573910977195,3
pixels_pca16,345.0,mtd_QP,39579.583333333336,9690.447808461728,3
pixels_pca16,345.0,ntd_PQ,1.5493112355478385,0.1510391452270085,3
pixels_pca16,345.0,ntd_QP,1.4348731906484868,0.06941029965395548,3
pixels_pca16,345.0,rtd,36.12385559082031,2.2531523689040087,3
pixels_pca16,345.0,precision@1,0.46074074074074073,0.15476518786369756,3
pixels_pca16,345.0,recall@1,0.362962962962963,0.1311362185627222,3
pixels_pca16,345.0,precision@3,0.7837037037037037,0.21124362312921355,3
pixels_pca16,345.0,recall@3,0.7200000000000001,0.06089862047130991,3
pixels_pca16,345.0,precision@10,0.9837037037037036,0.021003625005567177,3
pixels_pca16,345.0,recall@10,0.9725925925925926,0.04556007204350154,3
pixels_pca16,345.0,mmd,0.07308948232081447,0.05530930465716146,3
pixels_pca16,345.0,frechet,293.9620219748529,102.02262751741092,3
pixels_pca16,345.0,js,0.0,0.0,3
pixels_pca16,350.0,mtd_PQ,28420.626953125,13026.910733856444,3
pixels_pca16,350.0,mtd_QP,39819.1640625,7073.028495189685,3
pixels_pca16,350.0,ntd_PQ,1.542503479574924,0.1493063843414774,3
pixels_pca16,350.0,ntd_QP,1.440255009867229,0.07231652725452627,3
pixels_pca16,350.0,rtd,36.42527389526367,2.1004803687345754,3
pixels_pca16,350.0,precision@1,0.4740740740740741,0.1924158733388626,3
pixels_pca16,350.0,recall@1,0.39111111111111113,0.1323482126162497,3
pixels_pca16,350.0,precision@3,0.782962962962963,0.21857375322006944,3
pixels_pca16,350.0,recall@3,0.725925925925926,0.08077810891979606,3
pixels_pca16,350.0,precision@10,0.9829629629629629,0.020647940540394625,3
pixels_pca16,350.0,recall@10,0.9725925925925926,0.04556007204350154,3
pixels_pca16,350.0,mmd,0.07061557376688915,0.056819113044232795,3
pixels_pca16,350.0,frechet,289.6640514772635,103.23750453562309,3
pixels_pca16,350.0,js,0.0,0.0,3
pixels_pca16,360.0,mtd_PQ,30691.290364583332,9067.950803275011,3
pixels_pca16,360.0,mtd_QP,43554.665364583336,5378.644860995708,3
pixels_pca16,360.0,ntd_PQ,1.5361812597753175,0.1471332887660221,3
pixels_pca16,360.0,ntd_QP,1.4434207902116978,0.07786569462164268,3
pixels_pca16,360.0,rtd,36.74481964111328,1.624030360674051,3
pixels_pca16,360.0,precision@1,0.4903703703703704,0.1567782633795666,3
pixels_pca16,360.0,recall@1,0.4192592592592593,0.15809566307501155,3
pixels_pca16,360.0,precision@3,0.7925925925925926,0.203492146035031,3
pixels_pca16,360.0,recall@3,0.7362962962962962,0.05521376341802737,3
pixels_pca16,360.0,precision@10,0.9866666666666667,0.023094010767585053,3
pixels_pca16,360.0,recall@10,0.9733333333333333,0.046188021535170036,3
pixels_pca16,360.0,mmd,0.06823007081184283,0.05886743339660247,3
pixels_pca16,360.0,frechet,286.3024421512297,105.09406392308755,3
pixels_pca16,360.0,js,0.0,0.0,3
clip_pca16,180.0,mtd_PQ,2.5511860847473145,0.17009111368133076,3
clip_pca16,180.0,mtd_QP,2.8768880367279053,0.1580359742342649,3
clip_pca16,180.0,ntd_PQ,1.880151229803084,0.06802447434449727,3
clip_pca16,180.0,ntd_QP,1.2470570781582528,0.09229483631261458,3
clip_pca16,180.0,rtd,37.24470011393229,2.4864179217010567,3
clip_pca16,180.0,precision@1,0.542962962962963,0.049307968120422555,3
clip_pca16,180.0,recall@1,0.2074074074074074,0.011184939904104803,3
clip_pca16,180.0,precision@3,0.8696296296296296,0.010020555006273106,3
clip_pca16,180.0,recall@3,0.49629629629629624,0.03113755489923509,3
clip_pca16,180.0,precision@10,0.9866666666666667,0.00801233616769776,3
clip_pca16,180.0,recall@10,0.7392592592592594,0.03401766667616309,3
clip_pca16,180.0,mmd,0.17541795203584712,0.0056914950250840654,3
clip_pca16,180.0,frechet,0.09407972496514595,0.009094038315672046,3
clip_pca16,180.0,js,0.0,0.0,3
clip_pca16,330.0,mtd_PQ,2.4947699705759683,0.17405816761455117,3
clip_pca16,330.0,mtd_QP,2.730643113454183,0.3435862934852893,3
clip_pca16,330.0,ntd_PQ,1.4610832288253395,0.03808914763656465,3
clip_pca16,330.0,ntd_QP,1.36496187138973,0.0931385677916113,3
clip_pca16,330.0,rtd,35.991259256998696,2.1329907048801005,3
clip_pca16,330.0,precision@1,0.5748148148148148,0.05485484024169961,3
clip_pca16,330.0,recall@1,0.49333333333333335,0.031111111111111114,3
clip_pca16,330.0,precision@3,0.8770370370370371,0.022479986526657017,3
clip_pca16,330.0,recall@3,0.8229629629629628,0.031453146289721706,3
clip_pca16,330.0,precision@10,0.9777777777777777,0.0058794473579212875,3
clip_pca16,330.0,recall@10,0.9733333333333333,0.013877773329774246,3
clip_pca16,330.0,mmd,0.08284934996723488,0.037216240266190116,3
clip_pca16,330.0,frechet,0.044047740749127935,0.006796131849981167,3
clip_pca16,330.0,js,0.0,0.0,3
clip_pca16,360.0,mtd_PQ,2.4119600454966226,0.15641357040122558,3
clip_pca16,360.0,mtd_QP,2.5353499253590903,0.37979004756083773,3
clip_pca16,360.0,ntd_PQ,1.4641455053956196,0.058415722494315085,3
clip_pca16,360.0,ntd_QP,1.3623939435734351,0.09965556168778758,3
clip_pca16,360.0,rtd,35.21006647745768,2.1366442938805914,3
clip_pca16,360.0,precision@1,0.56,0.04666666666666669,3
clip_pca16,360.0,recall@1,0.522962962962963,0.006415002990995819,3
clip_pca16,360.0,precision@3,0.8725925925925925,0.0290026251117806,3
clip_pca16,360.0,recall@3,0.8451851851851853,0.0067890010295642515,3
clip_pca16,360.0,precision@10,0.9822222222222222,0.010183501544346316,3
clip_pca16,360.0,recall@10,0.9814814814814815,0.005132002392796707,3
clip_pca16,360.0,mmd,0.07890117164783265,0.047711073579678354,3
clip_pca16,360.0,frechet,0.04290979763233115,0.008794137650236265,3
clip_pca16,360.0,js,0.0,0.0,3
dino_pca16,180.0,mtd_PQ,7.0710428555806475,0.42326936727611225,3
dino_pca16,180.0,mtd_QP,6.776455720265706,0.6458111395537977,3
dino_pca16,180.0,ntd_PQ,1.955187527039893,0.034616281951269735,3
dino_pca16,180.0,ntd_QP,1.532566338926039,0.089381951581901,3
dino_pca16,180.0,rtd,35.76675796508789,1.6939633152089875,3
dino_pca16,180.0,precision@1,0.19111111111111112,0.05528824579833212,3
dino_pca16,180.0,recall@1,0.07555555555555556,0.0058794473579213136,3
dino_pca16,180.0,precision@3,0.5266666666666667,0.11269975407205304,3
dino_pca16,180.0,recall@3,0.29703703703703704,0.07543563467900213,3
dino_pca16,180.0,precision@10,0.9088888888888889,0.03906310184721543,3
dino_pca16,180.0,recall@10,0.7414814814814815,0.06525669478292456,3
dino_pca16,180.0,mmd,0.17248193120965447,0.009905229331529496,3
dino_pca16,180.0,frechet,0.1293291994700554,0.007350102043136751,3
dino_pca16,180.0,js,0.14672721972245648,0.08595000219070299,3
dino_pca16,330.0,mtd_PQ,6.85016409556071,0.532583617374227,3
dino_pca16,330.0,mtd_QP,7.2793833414713545,0.25968918828636517,3
dino_pca16,330.0,ntd_PQ,1.680045457490331,0.05324360021140189,3
dino_pca16,330.0,ntd_QP,1.5731967147400034,0.08625484605217286,3
dino_pca16,330.0,rtd,32.97392654418945,1.2084046910320032,3
dino_pca16,330.0,precision@1,0.2096296296296296,0.07188239137160374,3
dino_pca16,330.0,recall@1,0.21185185185185187,0.050885168875838806,3
dino_pca16,330.0,precision@3,0.5748148148148148,0.10558089364501831,3
dino_pca16,330.0,recall@3,0.5592592592592592,0.07845210328785368,3
dino_pca16,330.0,precision@10,0.9229629629629629,0.043338081411289135,3
dino_pca16,330.0,recall@10,0.9103703703703703,0.02891736488287868,3
dino_pca16,330.0,mmd,0.14654236326658457,0.01660319433706847,3
dino_pca16,330.0,frechet,0.11099959835840308,0.012727875464787028,3
dino_pca16,330.0,js,0.011880347798642894,0.01761923552209491,3
dino_pca16,360.0,mtd_PQ,7.008347670237224,0.2720110198794826,3
dino_pca16,360.0,mtd_QP,7.631083647410075,0.6614703434244232,3
dino_pca16,360.0,ntd_PQ,1.670469326690916,0.03631700781866496,3
dino_pca16,360.0,ntd_QP,1.5816518148080183,0.12154604673875889,3
dino_pca16,360.0,rtd,30.752899169921875,1.0301151044719559,3
dino_pca16,360.0,precision@1,0.2096296296296296,0.06247303945252075,3
dino_pca16,360.0,recall@1,0.19555555555555557,0.07726817178094983,3
dino_pca16,360.0,precision@3,0.5674074074074074,0.12037663801346118,3
dino_pca16,360.0,recall@3,0.5637037037037037,0.12172288570909663,3
dino_pca16,360.0,precision@10,0.9177777777777778,0.04591995182171517,3
dino_pca16,360.0,recall@10,0.9014814814814814,0.03401766667616309,3
dino_pca16,360.0,mmd,0.14315552722689925,0.023495620214579425,3
dino_pca16,360.0,frechet,0.10832044141074863,0.016944279814533926,3
dino_pca16,360.0,js,0.0,0.0,3
vae_latent16,180.0,mtd_PQ,79.90730539957683,9.77228653290303,3
vae_latent16,180.0,mtd_QP,78.36917622884114,3.4991153993574913,3
vae_latent16,180.0,ntd_PQ,2.0618599940071873,0.08103277225556876,3
vae_latent16,180.0,ntd_QP,1.4314304392650559,0.08924947167940303,3
vae_latent16,180.0,rtd,48.83358383178711,2.1552341512769835,3
vae_latent16,180.0,precision@1,0.38888888888888884,0.07121520159538693,3
vae_latent16,180.0,recall@1,0.024444444444444446,0.02188635067065801,3
vae_latent16,180.0,precision@3,0.7237037037037037,0.09024885576603282,3
vae_latent16,180.0,recall@3,0.3844444444444444,0.03576328208762462,3
vae_latent16,180.0,precision@10,0.9311111111111111,0.07316478948068589,3
vae_latent16,180.0,recall@10,0.7355555555555555,0.014572085609559986,3
vae_latent16,180.0,mmd,0.18653203062848633,0.010286561121759893,3
vae_latent16,180.0,frechet,1.5077576471102996,0.020436899988207486,3
vae_latent16,180.0,js,0.0,0.0,3
vae_latent16,270.0,mtd_PQ,78.4898198445638,8.723412376773442,3
vae_latent16,270.0,mtd_QP,94.06600952148438,7.18956908319296,3
vae_latent16,270.0,ntd_PQ,1.5796346881665813,0.07104265985880463,3
vae_latent16,270.0,ntd_QP,1.5128127198256156,0.09007625658743741,3
vae_latent16,270.0,rtd,36.162366231282554,2.08373268761136,3
vae_latent16,270.0,precision@1,0.3970370370370371,0.05847161739812116,3
vae_latent16,270.0,recall@1,0.2333333333333333,0.11333333333333334,3
vae_latent16,270.0,precision@3,0.7162962962962963,0.09494204426673843,3
vae_latent16,270.0,recall@3,0.6866666666666666,0.034712220781807385,3
vae_latent16,270.0,precision@10,0.9281481481481482,0.06290629257944341,3
vae_latent16,270.0,recall@10,0.9688888888888889,0.0058794473579212875,3
vae_latent16,270.0,mmd,0.12111879095924494,0.022093127076597854,3
vae_latent16,270.0,frechet,1.0485125208640234,0.08330083652522106,3
vae_latent16,270.0,js,0.0,0.0,3
vae_latent16,315.0,mtd_PQ,77.07101949055989,8.224028679516039,3
vae_latent16,315.0,mtd_QP,85.13370768229167,11.539689024017923,3
vae_latent16,315.0,ntd_PQ,1.472443368766111,0.05605338661495045,3
vae_latent16,315.0,ntd_QP,1.5166997317705888,0.09106068882435049,3
vae_latent16,315.0,rtd,34.25031280517578,3.1451745890660057,3
vae_latent16,315.0,precision@1,0.41333333333333333,0.0737362667690536,3
vae_latent16,315.0,recall@1,0.39111111111111113,0.10571333237570044,3
vae_latent16,315.0,precision@3,0.7274074074074074,0.09120140061013883,3
vae_latent16,315.0,recall@3,0.7644444444444444,0.02562791687704621,3
vae_latent16,315.0,precision@10,0.9325925925925925,0.06349232804177689,3
vae_latent16,315.0,recall@10,0.985925925925926,0.0078041879650761,3
vae_latent16,315.0,mmd,0.08555797392435549,0.026008356332196454,3
vae_latent16,315.0,frechet,0.8314609696022575,0.09680405798953216,3
vae_latent16,315.0,js,0.0,0.0,3
vae_latent16,330.0,mtd_PQ,76.41223653157552,9.831381217098443,3
vae_latent16,330.0,mtd_QP,80.28950500488281,10.137263471239473,3
vae_latent16,330.0,ntd_PQ,1.450772606450608,0.040739061742322016,3
vae_latent16,330.0,ntd_QP,1.5205583463282764,0.08194859147163204,3
vae_latent16,330.0,rtd,34.34425354003906,3.4238935546425866,3
vae_latent16,330.0,precision@1,0.40444444444444444,0.07152656417524923,3
vae_latent16,330.0,recall@1,0.45037037037037037,0.09577064508974217,3
vae_latent16,330.0,precision@3,0.7222222222222222,0.09261629326299872,3
vae_latent16,330.0,recall@3,0.8125925925925926,0.03253361667555221,3
vae_latent16,330.0,precision@10,0.931111111111111,0.06016438386969283,3
vae_latent16,330.0,recall@10,0.9918518518518519,0.007804187965076095,3
vae_latent16,330.0,mmd,0.07279702069454344,0.028449339025374,3
vae_latent16,330.0,frechet,0.7524190468500365,0.09891762359530405,3
vae_latent16,330.0,js,0.0,0.0,3
vae_latent16,345.0,mtd_PQ,76.04814147949219,8.727734284019217,3
vae_latent16,345.0,mtd_QP,74.77227274576823,9.27497315790937,3
vae_latent16,345.0,ntd_PQ,1.434711941403758,0.04543134728355713,3
vae_latent16,345.0,ntd_QP,1.5143855766833039,0.0839422137148715,3
vae_latent16,345.0,rtd,34.36857604980469,3.5556303598671057,3
vae_latent16,345.0,precision@1,0.41333333333333333,0.07710822921287765,3
vae_latent16,345.0,recall@1,0.48148148148148157,0.07014388504391167,3
vae_latent16,345.0,precision@3,0.7155555555555555,0.1020530000284892,3
vae_latent16,345.0,recall@3,0.8340740740740742,0.017824013948912545,3
vae_latent16,345.0,precision@10,0.937037037037037,0.057962667139228555,3
vae_latent16,345.0,recall@10,0.994074074074074,0.0046259244432580405,3
vae_latent16,345.0,mmd,0.062399093443209395,0.033497898607484956,3
vae_latent16,345.0,frechet,0.6976635921057008,0.10072046538269816,3
vae_latent16,345.0,js,0.0,0.0,3
vae_latent16,350.0,mtd_PQ,75.6561279296875,8.807804050540051,3
vae_latent16,350.0,mtd_QP,73.48399607340495,9.385254759055435,3
vae_latent16,350.0,ntd_PQ,1.4215076634597692,0.04960367252668081,3
vae_latent16,350.0,ntd_QP,1.5137214118659141,0.08399889340865993,3
vae_latent16,350.0,rtd,34.490901947021484,3.4879784405829435,3
vae_latent16,350.0,precision@1,0.41111111111111115,0.08700787533534175,3
vae_latent16,350.0,recall@1,0.4992592592592593,0.06686390575642524,3
vae_latent16,350.0,precision@3,0.7140740740740741,0.09692388087116392,3
vae_latent16,350.0,recall@3,0.8422222222222221,0.018189672826383233,3
vae_latent16,350.0,precision@10,0.9288888888888889,0.060491811505849806,3
vae_latent16,350.0,recall@10,0.994074074074074,0.006789001029564191,3
vae_latent16,350.0,mmd,0.05954915464614111,0.03546531348665468,3
vae_latent16,350.0,frechet,0.6863294853157145,0.10358633034024757,3
vae_latent16,350.0,js,0.0,0.0,3
vae_latent16,360.0,mtd_PQ,75.59998575846355,9.187563095552035,3
vae_latent16,360.0,mtd_QP,72.68313852945964,7.368257109026295,3
vae_latent16,360.0,ntd_PQ,1.4009782928438785,0.055442448267151466,3
vae_latent16,360.0,ntd_QP,1.5259392250851038,0.08775619562908069,3
vae_latent16,360.0,rtd,34.35453987121582,3.424937052830686,3
vae_latent16,360.0,precision@1,0.39925925925925926,0.07663713870445962,3
vae_latent16,360.0,recall@1,0.522962962962963,0.08468775862487656,3
vae_latent16,360.0,precision@3,0.7162962962962963,0.10077069271513453,3
vae_latent16,360.0,recall@3,0.8503703703703703,0.02566001196398334,3
vae_latent16,360.0,precision@10,0.9325925925925925,0.06302393561898013,3
vae_latent16,360.0,recall@10,0.994074074074074,0.006789001029564191,3
vae_latent16,360.0,mmd,0.05654491583186372,0.03903299468777249,3
vae_latent16,360.0,frechet,0.6818221551439171,0.10579173599990603,3
vae_latent16,360.0,js,0.0,0.0,3
