space,metric,floor_mean,floor_sd,rot_mean,rot_sd,z
pixels_pca16,mtd_PQ,21650.589192708332,2031.1762487999574,41263.277994791664,2465.436736792803,9.655828150644602
pixels_pca16,mtd_QP,26057.467447916668,1517.1110679164235,29498.612630208332,3149.222664611135,2.2682223174455376
pixels_pca16,ntd_PQ,1.3863498878559144,0.03192792380531824,2.098558497193325,0.09772355418669636,22.306762371400353
pixels_pca16,ntd_QP,1.3097668623467973,0.018076557444832386,1.2583984011635494,0.053318756693651256,-2.841717032682724
pixels_pca16,rtd,56.91938781738281,0.7202098748189241,54.44525655110677,0.7344790512840916,-3.43529206246733
pixels_pca16,precision@1,0.7022222222222222,0.03104755412724087,0.3840740740740742,0.09141322990039814,-10.247124357825257
pixels_pca16,recall@1,0.6307407407407407,0.022549442703870635,0.3914814814814815,0.05302534528693193,-10.610428931717685
pixels_pca16,precision@3,0.9614814814814814,0.007908946853356537,0.7074074074074074,0.0940361545040495,-32.124893337252054
pixels_pca16,recall@3,0.8937037037037037,0.027448417766058632,0.682962962962963,0.06297429091996536,-7.6777008619175255
pixels_pca16,precision@10,0.998888888888889,0.001217161238900377,0.9600000000000001,0.010795518045769862,-31.950482521134553
pixels_pca16,recall@10,0.9933333333333333,0.00506744633377393,0.9166666666666666,0.028380135636839932,-15.129250833046301
pixels_pca16,mmd,0.012891096218504048,0.018617098839999797,0.40442071185112943,0.01220287189882516,21.03064602049616
pixels_pca16,frechet,189.3258614967964,19.779979708098605,960.6655295822438,36.43254720704197,38.99597873549053
pixels_pca16,js,0.0,0.0,0.31438463417344426,0.017609049481466302,
clip_pca16,mtd_PQ,1.565264920393626,0.11789332221153924,2.731455626587073,0.15345531615973212,9.891914862666425
clip_pca16,mtd_QP,1.7293341557184856,0.0694430084069792,2.851630449295044,0.12982278244341072,16.161400828132393
clip_pca16,ntd_PQ,1.41965225180409,0.06672136982095672,1.5682465505258174,0.07492466221825218,2.227087050527776
clip_pca16,ntd_QP,1.3665437994250944,0.05819722819930962,1.6513107508682123,0.061520675010364706,4.893135983519161
clip_pca16,rtd,37.79732449849447,0.6270037586813607,39.54407946268717,0.7930875622552525,2.785876384323867
clip_pca16,precision@1,0.6555555555555556,0.030920048232757503,0.36925925925925923,0.12346772791053923,-9.259244815568774
clip_pca16,recall@1,0.6062962962962962,0.03279315395783179,0.45222222222222225,0.13500983046055445,-4.698360952782871
clip_pca16,precision@3,0.9044444444444443,0.01777777777777776,0.668888888888889,0.10770788111517644,-13.249999999999998
clip_pca16,recall@3,0.8688888888888888,0.014673399128194837,0.7544444444444444,0.08218918255096022,-7.799450109998046
clip_pca16,precision@10,0.9918518518518518,0.00790894685335653,0.9018518518518519,0.04526829030343299,-11.37951761071756
clip_pca16,recall@10,0.9785185185185185,0.00990489757063515,0.9385185185185185,0.03219283461926031,-4.038406224269004
clip_pca16,mmd,0.005474442397357719,0.00886076163545337,0.5397475018209038,0.015689102888195593,60.29651641748621
clip_pca16,frechet,0.018876814485511293,0.0028882044305416255,0.15750163491865155,0.004527311170617615,47.99688656635151
clip_pca16,js,0.0,0.0,0.27340626301873333,0.03622029079706066,
dino_pca16,mtd_PQ,3.859425942103068,0.15419982164418133,6.586817820866902,0.2463937282503919,17.687386727705412
dino_pca16,mtd_QP,4.242017030715942,0.30648798554965406,6.357717196146647,0.30710032497973555,6.903044377535448
dino_pca16,ntd_PQ,1.3849036417023595,0.05613962930035213,1.9383144600282272,0.057072621127069845,9.85775690404134
dino_pca16,ntd_QP,1.3583662283833184,0.014106725859633839,1.4020819298807246,0.0537646201111947,3.098926138665377
dino_pca16,rtd,40.43524042765299,1.1583258014208289,46.6957098642985,1.3361827905213128,5.404756959541325
dino_pca16,precision@1,0.6385185185185186,0.03780826656402184,0.3022222222222222,0.04693047129320639,-8.894782196026787
dino_pca16,recall@1,0.5955555555555555,0.03713173079858742,0.09555555555555555,0.04807401700618652,-13.465572146694038
dino_pca16,precision@3,0.9137037037037037,0.02302619728302684,0.5903703703703704,0.06208980619169148,-14.04197702986198
dino_pca16,recall@3,0.8740740740740741,0.01841452280689784,0.44333333333333336,0.04301593158784744,-23.391360463567967
dino_pca16,precision@10,0.9911111111111112,0.0031426968052735175,0.8914814814814814,0.03953848986835434,-31.701954023197185
dino_pca16,recall@10,0.9822222222222222,0.004868644955601468,0.8200000000000002,0.04829947728674546,-33.31978891489763
dino_pca16,mmd,0.005632627985873321,0.01379706447631017,0.32921850943584513,0.011944246206630253,23.45324123153698
dino_pca16,frechet,0.037082702574444217,0.0029660399403224234,0.18979248292507553,0.012801301201752513,51.486083607502266
dino_pca16,js,0.0,0.0,0.3553620744984247,0.03979187067814514,
vae_latent16,mtd_PQ,46.43773206075033,3.82074818493852,83.3812764485677,5.2127793636693385,9.669191111167626
vae_latent16,mtd_QP,44.221502939860024,0.8712483475514615,87.78769938151042,12.573255675156467,50.004337527971146
vae_latent16,ntd_PQ,1.3550864911094003,0.030890463554714157,1.481203246657176,0.08847246242756587,4.0827084166087
vae_latent16,ntd_QP,1.3703072800037972,0.016604792070271726,1.8054530521468715,0.08247308509854141,26.206035601140375
vae_latent16,rtd,47.76417541503906,0.8679735714927002,52.98089599609375,1.2440684211107784,6.010229749372687
vae_latent16,precision@1,0.6296296296296297,0.027708060659569853,0.13962962962962963,0.0350918840933072,-17.684384555826465
vae_latent16,recall@1,0.6355555555555555,0.021268419758231807,0.4274074074074074,0.04344809116076797,-9.786723720627421
vae_latent16,precision@3,0.8944444444444445,0.0102077191803163,0.2759259259259259,0.047441538639438806,-60.59321456562179
vae_latent16,recall@3,0.8985185185185186,0.014515494772048448,0.7600000000000001,0.04571516753999569,-9.542803789592805
vae_latent16,precision@10,0.9914814814814815,0.004952448785317541,0.504074074074074,0.06318957042661068,-98.4174553914455
vae_latent16,recall@10,0.9885185185185185,0.0060314675513547375,0.9622222222222222,0.011504159204928685,-4.359850413253041
vae_latent16,mmd,0.006667343469288639,0.016331589439634933,0.4122748122758079,0.0045475493329394075,24.835762024616876
vae_latent16,frechet,0.39281094673729045,0.022838841736236914,2.6232771279271705,0.050515910178463484,97.66109012660407
vae_latent16,js,0.0,0.0,0.4397024848485522,0.04156541226633623,
