family,space,metric,level,level_classes,mean,sd,floor_mean,floor_sd,signed_z_worse,n_repeats
c1_drop,clip_pca16,mtd_PQ,0.1,1,4.525692462921143,0.13984368029959304,4.382807064056396,0.188362066826216,0.7585678012153754,5
c1_drop,clip_pca16,mtd_PQ,0.2,2,4.855893135070801,0.13930321724914088,4.382807064056396,0.188362066826216,2.511578254505333,5
c1_drop,clip_pca16,mtd_PQ,0.3,3,5.003045177459716,0.16001675835348153,4.382807064056396,0.188362066826216,3.2927973442527345,5
c1_drop,clip_pca16,mtd_PQ,0.4,4,5.2160848617553714,0.1279050382018581,4.382807064056396,0.188362066826216,4.423808953358758,5
c1_drop,clip_pca16,mtd_PQ,0.5,5,5.338236618041992,0.16128089790371947,4.382807064056396,0.188362066826216,5.072303410575128,5
c1_drop,clip_pca16,mtd_QP,0.1,1,4.549650955200195,0.21277616411691072,4.6025725364685055,0.20859336796520028,-0.2537069216751862,5
c1_drop,clip_pca16,mtd_QP,0.2,2,4.656625366210937,0.22400658941730672,4.6025725364685055,0.20859336796520028,0.259130145266408,5
c1_drop,clip_pca16,mtd_QP,0.3,3,4.6382951736450195,0.15889070818097,4.6025725364685055,0.20859336796520028,0.17125490385904144,5
c1_drop,clip_pca16,mtd_QP,0.4,4,4.693965053558349,0.2441682466932924,4.6025725364685055,0.20859336796520028,0.43813721395538713,5
c1_drop,clip_pca16,mtd_QP,0.5,5,4.908482265472412,0.11602146951100524,4.6025725364685055,0.20859336796520028,1.466536218231741,5
c1_drop,clip_pca16,ntd_PQ,0.1,1,1.2807093865933594,0.031874344124714835,1.2554521458155654,0.04544383223842711,0.5557902917447309,5
c1_drop,clip_pca16,ntd_PQ,0.2,2,1.3004174349160569,0.04220547489345866,1.2554521458155654,0.04544383223842711,0.9894695690401967,5
c1_drop,clip_pca16,ntd_PQ,0.3,3,1.3804743529833652,0.026759725184779815,1.2554521458155654,0.04544383223842711,2.7511369752413075,5
c1_drop,clip_pca16,ntd_PQ,0.4,4,1.41813152438834,0.030531440882573146,1.2554521458155654,0.04544383223842711,3.5797900520197214,5
c1_drop,clip_pca16,ntd_PQ,0.5,5,1.5013586775573244,0.0393950880697311,1.2554521458155654,0.04544383223842711,5.411219072625252,5
c1_drop,clip_pca16,ntd_QP,0.1,1,1.1978389366028148,0.015111644205623019,1.2225231805116699,0.037388335007279526,-0.6602124406997265,5
c1_drop,clip_pca16,ntd_QP,0.2,2,1.2004390527019992,0.02470990590552046,1.2225231805116699,0.037388335007279526,-0.5906689293698376,5
c1_drop,clip_pca16,ntd_QP,0.3,3,1.1712943337650006,0.04029791735767903,1.2225231805116699,0.037388335007279526,-1.3701826180998697,5
c1_drop,clip_pca16,ntd_QP,0.4,4,1.1792133327276677,0.0230774346835801,1.2225231805116699,0.037388335007279526,-1.1583786166345655,5
c1_drop,clip_pca16,ntd_QP,0.5,5,1.1490327981238462,0.03580074435532471,1.2225231805116699,0.037388335007279526,-1.9655965523341725,5
c1_drop,clip_pca16,rtd,0.1,1,44.861148071289065,0.4825921358579506,40.39415054321289,0.4600775236654105,9.709227898133062,5
c1_drop,clip_pca16,rtd,0.2,2,44.32054748535156,0.4196126151024864,40.39415054321289,0.4600775236654105,8.53420725893606,5
c1_drop,clip_pca16,rtd,0.3,3,44.57504425048828,0.7144448848419239,40.39415054321289,0.4600775236654105,9.087367872193498,5
c1_drop,clip_pca16,rtd,0.4,4,43.984073638916016,0.6631871926508691,40.39415054321289,0.4600775236654105,7.802865628171579,5
c1_drop,clip_pca16,rtd,0.5,5,42.473717498779294,0.44437920011630616,40.39415054321289,0.4600775236654105,4.520035969152805,5
c1_drop,clip_pca16,precision@1,0.1,1,0.6242,0.01619259089830903,0.623,0.012629330940315101,-0.09501690989578573,5
c1_drop,clip_pca16,precision@1,0.2,2,0.6264,0.017038192392387182,0.623,0.012629330940315101,-0.26921457803806104,5
c1_drop,clip_pca16,precision@1,0.3,3,0.6222000000000001,0.010756393447619894,0.623,0.012629330940315101,0.06334460659718463,5
c1_drop,clip_pca16,precision@1,0.4,4,0.6228,0.014601369798755197,0.623,0.012629330940315101,0.015836151649296158,5
c1_drop,clip_pca16,precision@1,0.5,5,0.6246,0.012280065146407011,0.623,0.012629330940315101,-0.12668921319438683,5
c1_drop,clip_pca16,recall@1,0.1,1,0.5788,0.013311649033835,0.6092000000000001,0.007918333157931669,3.8391918341486924,5
c1_drop,clip_pca16,recall@1,0.2,2,0.551,0.013322912594474212,0.6092000000000001,0.007918333157931669,7.350031735113596,5
c1_drop,clip_pca16,recall@1,0.3,3,0.5008000000000001,0.009549869109050665,0.6092000000000001,0.007918333157931669,13.689749829661736,5
c1_drop,clip_pca16,recall@1,0.4,4,0.453,0.012020815280171298,0.6092000000000001,0.007918333157931669,19.72637383204027,5
c1_drop,clip_pca16,recall@1,0.5,5,0.3968,0.012517987058628876,0.6092000000000001,0.007918333157931669,26.823827157012506,5
c1_drop,clip_pca16,precision@3,0.1,1,0.8972,0.009121403400793112,0.8948,0.009576011695899299,-0.25062626030706514,5
c1_drop,clip_pca16,precision@3,0.2,2,0.8946,0.01013903348450927,0.8948,0.009576011695899299,0.020885521692265086,5
c1_drop,clip_pca16,precision@3,0.3,3,0.8950000000000001,0.010124228365658303,0.8948,0.009576011695899299,-0.020885521692265086,5
c1_drop,clip_pca16,precision@3,0.4,4,0.8960000000000001,0.012708265027138847,0.8948,0.009576011695899299,-0.12531313015354414,5
c1_drop,clip_pca16,precision@3,0.5,5,0.9004,0.014943225890014525,0.8948,0.009576011695899299,-0.5847946073831558,5
c1_drop,clip_pca16,recall@3,0.1,1,0.8545999999999999,0.014842506526863997,0.8896000000000001,0.010163660757817538,3.4436411086506746,5
c1_drop,clip_pca16,recall@3,0.2,2,0.8303999999999998,0.005504543577809158,0.8896000000000001,0.010163660757817538,5.824672960917714,5
c1_drop,clip_pca16,recall@3,0.3,3,0.7714000000000001,0.01740114938732498,0.8896000000000001,0.010163660757817538,11.629667972643086,5
c1_drop,clip_pca16,recall@3,0.4,4,0.7215999999999999,0.020815859338494745,0.8896000000000001,0.010163660757817538,16.529477321523185,5
c1_drop,clip_pca16,recall@3,0.5,5,0.6487999999999999,0.02387886094435827,0.8896000000000001,0.010163660757817538,23.69225082751656,5
c1_drop,clip_pca16,precision@10,0.1,1,0.9914,0.0036469165057620967,0.9914,0.003911521443121593,-0.0,5
c1_drop,clip_pca16,precision@10,0.2,2,0.9911999999999999,0.004868264577855238,0.9914,0.003911521443121593,0.05113099925651407,5
c1_drop,clip_pca16,precision@10,0.3,3,0.9906,0.0053197744313081595,0.9914,0.003911521443121593,0.20452399702594273,5
c1_drop,clip_pca16,precision@10,0.4,4,0.9902,0.005630275304103704,0.9914,0.003911521443121593,0.3067859955389425,5
c1_drop,clip_pca16,precision@10,0.5,5,0.9926,0.004505552130427528,0.9914,0.003911521443121593,-0.3067859955389709,5
c1_drop,clip_pca16,recall@10,0.1,1,0.9789999999999999,0.005787918451395118,0.9892,0.0019235384061671362,5.302727498082417,5
c1_drop,clip_pca16,recall@10,0.2,2,0.9768000000000001,0.005848076606885384,0.9892,0.0019235384061671362,6.44645303688437,5
c1_drop,clip_pca16,recall@10,0.3,3,0.9348000000000001,0.011009087155618262,0.9892,0.0019235384061671362,28.281213323105895,5
c1_drop,clip_pca16,recall@10,0.4,4,0.916,0.009407443861113397,0.9892,0.0019235384061671362,38.05486792741459,5
c1_drop,clip_pca16,recall@10,0.5,5,0.8666,0.02042792206760151,0.9892,0.0019235384061671362,63.736705025970366,5
c1_drop,clip_pca16,mmd,0.1,1,0.030016265829953943,0.008038425141146608,0.0,0.0,,5
c1_drop,clip_pca16,mmd,0.2,2,0.048752245340094286,0.0036341653533285396,0.0,0.0,,5
c1_drop,clip_pca16,mmd,0.3,3,0.0775737935304657,0.0021573038303187714,0.0,0.0,,5
c1_drop,clip_pca16,mmd,0.4,4,0.0958929823973916,0.004675652794231087,0.0,0.0,,5
c1_drop,clip_pca16,mmd,0.5,5,0.11566561151818237,0.0049315784916553135,0.0,0.0,,5
c1_drop,clip_pca16,frechet,0.1,1,0.020440469218055014,0.0009725146551583066,0.013411170942452444,0.000531599848717972,13.22291248305415,5
c1_drop,clip_pca16,frechet,0.2,2,0.02558071794313783,0.0010712379292522234,0.013411170942452444,0.000531599848717972,22.892307117908263,5
c1_drop,clip_pca16,frechet,0.3,3,0.04004896220909597,0.0011130220075343924,0.013411170942452444,0.000531599848717972,50.108726198632894,5
c1_drop,clip_pca16,frechet,0.4,4,0.04561641014244924,0.0013106815798622617,0.013411170942452444,0.000531599848717972,60.58173131099318,5
c1_drop,clip_pca16,frechet,0.5,5,0.05475934698069681,0.0013676078413841178,0.013411170942452444,0.000531599848717972,77.780639211921,5
c1_drop,clip_pca16,js,0.1,1,0.0,0.0,0.0,0.0,,5
c1_drop,clip_pca16,js,0.2,2,0.0,0.0,0.0,0.0,,5
c1_drop,clip_pca16,js,0.3,3,0.0,0.0,0.0,0.0,,5
c1_drop,clip_pca16,js,0.4,4,0.0,0.0,0.0,0.0,,5
c1_drop,clip_pca16,js,0.5,5,0.0,0.0,0.0,0.0,,5
c1_drop,clip_raw,mtd_PQ,0.1,1,3.8568459510803224,0.2329802943351808,3.646792697906494,0.20953506802524519,1.0024730235061214,5
c1_drop,clip_raw,mtd_PQ,0.2,2,4.097797870635986,0.11755202330940383,3.646792697906494,0.20953506802524519,2.1524090310036046,5
c1_drop,clip_raw,mtd_PQ,0.3,3,4.144239521026611,0.14735198261610755,3.646792697906494,0.20953506802524519,2.3740504527871376,5
c1_drop,clip_raw,mtd_PQ,0.4,4,4.229112339019776,0.0517613081601041,3.646792697906494,0.20953506802524519,2.779103500914332,5
c1_drop,clip_raw,mtd_PQ,0.5,5,4.2898530006408695,0.11800349672706614,3.646792697906494,0.20953506802524519,3.068986536692266,5
c1_drop,clip_raw,mtd_QP,0.1,1,3.693686294555664,0.13780587036007783,3.6999269485473634,0.13873330675206733,-0.044983098419561676,5
c1_drop,clip_raw,mtd_QP,0.2,2,3.9269003868103027,0.18122697651317787,3.6999269485473634,0.13873330675206733,1.6360414350143582,5
c1_drop,clip_raw,mtd_QP,0.3,3,3.891790533065796,0.14223345593379577,3.6999269485473634,0.13873330675206733,1.382966996247809,5
c1_drop,clip_raw,mtd_QP,0.4,4,3.9483099937438966,0.09471766438051096,3.6999269485473634,0.13873330675206733,1.790363475156134,5
c1_drop,clip_raw,mtd_QP,0.5,5,4.262853908538818,0.15056290307385084,3.6999269485473634,0.13873330675206733,4.057619422259366,5
c1_drop,clip_raw,ntd_PQ,0.1,1,1.2730848221717082,0.02381894013284319,1.2528712651330887,0.03574390946984265,0.5655105258050687,5
c1_drop,clip_raw,ntd_PQ,0.2,2,1.2922240385781447,0.03133318828731522,1.2528712651330887,0.03574390946984265,1.1009644448170457,5
c1_drop,clip_raw,ntd_PQ,0.3,3,1.3426200806456543,0.020670827879047355,1.2528712651330887,0.03574390946984265,2.510884143445116,5
c1_drop,clip_raw,ntd_PQ,0.4,4,1.3705114418642583,0.013684952659397426,1.2528712651330887,0.03574390946984265,3.2911950168859785,5
c1_drop,clip_raw,ntd_PQ,0.5,5,1.4179026731467466,0.03746147041351841,1.2528712651330887,0.03574390946984265,4.617049742499373,5
c1_drop,clip_raw,ntd_QP,0.1,1,1.21957512070215,0.01047476029558234,1.2349312707097377,0.027538877269124115,-0.5576171409429518,5
c1_drop,clip_raw,ntd_QP,0.2,2,1.2172268564109754,0.022655241241857308,1.2349312707097377,0.027538877269124115,-0.6428880206605985,5
c1_drop,clip_raw,ntd_QP,0.3,3,1.1982370074497253,0.01996818086664327,1.2349312707097377,0.027538877269124115,-1.33245313167335,5
c1_drop,clip_raw,ntd_QP,0.4,4,1.2045680844499207,0.01761339061423348,1.2349312707097377,0.027538877269124115,-1.1025571581256681,5
c1_drop,clip_raw,ntd_QP,0.5,5,1.1903902533579576,0.029216478566366264,1.2349312707097377,0.027538877269124115,-1.6173868279560701,5
c1_drop,clip_raw,rtd,0.1,1,40.85381240844727,0.44605581725893795,36.725888061523435,1.0190661008423165,4.050693417739897,5
c1_drop,clip_raw,rtd,0.2,2,41.29729995727539,0.405185485060521,36.725888061523435,1.0190661008423165,4.485883586916907,5
c1_drop,clip_raw,rtd,0.3,3,41.43100357055664,0.8681279264110963,36.725888061523435,1.0190661008423165,4.617085687713641,5
c1_drop,clip_raw,rtd,0.4,4,40.89234085083008,0.3789859553535777,36.725888061523435,1.0190661008423165,4.088501016629672,5
c1_drop,clip_raw,rtd,0.5,5,39.54527740478515,0.42651546519143485,36.725888061523435,1.0190661008423165,2.7666403003017486,5
c1_drop,clip_raw,precision@1,0.1,1,0.5771999999999999,0.019149412523625866,0.5755999999999999,0.01969263821837996,-0.08124863628006426,5
c1_drop,clip_raw,precision@1,0.2,2,0.5798,0.018253766734567398,0.5755999999999999,0.01969263821837996,-0.21327767023516728,5
c1_drop,clip_raw,precision@1,0.3,3,0.5748000000000001,0.019728152473052277,0.5755999999999999,0.01969263821837996,0.040624318140020856,5
c1_drop,clip_raw,precision@1,0.4,4,0.5740000000000001,0.01595305613354378,0.5755999999999999,0.01969263821837996,0.08124863628005298,5
c1_drop,clip_raw,precision@1,0.5,5,0.5782,0.017412639087743112,0.5755999999999999,0.01969263821837996,-0.13202903395510865,5
c1_drop,clip_raw,recall@1,0.1,1,0.5389999999999999,0.01298075498574718,0.5748,0.013442470011125163,2.6632010315344954,5
c1_drop,clip_raw,recall@1,0.2,2,0.5056,0.012340988615179915,0.5748,0.013442470011125163,5.147863446429794,5
c1_drop,clip_raw,recall@1,0.3,3,0.4584,0.014363147287415808,0.5748,0.013442470011125163,8.659122907000414,5
c1_drop,clip_raw,recall@1,0.4,4,0.40939999999999993,0.011567194992736991,0.5748,0.013442470011125163,12.304286330050418,5
c1_drop,clip_raw,recall@1,0.5,5,0.356,0.00997496867162999,0.5748,0.013442470011125163,16.276770550272254,5
c1_drop,clip_raw,precision@3,0.1,1,0.8482,0.008197560612767685,0.8478000000000001,0.00772657750883275,-0.05176936354324784,5
c1_drop,clip_raw,precision@3,0.2,2,0.8512000000000001,0.003898717737923589,0.8478000000000001,0.00772657750883275,-0.4400395901177719,5
c1_drop,clip_raw,precision@3,0.3,3,0.8466000000000001,0.003847076812334272,0.8478000000000001,0.00772657750883275,0.155308090629801,5
c1_drop,clip_raw,precision@3,0.4,4,0.8478,0.0013038404810405309,0.8478000000000001,0.00772657750883275,1.4368884843981553e-14,5
c1_drop,clip_raw,precision@3,0.5,5,0.8523999999999999,0.004277849927241491,0.8478000000000001,0.00772657750883275,-0.5953476807475585,5
c1_drop,clip_raw,recall@3,0.1,1,0.7972,0.015172343260024122,0.8325999999999999,0.012361229712289966,2.863792747480775,5
c1_drop,clip_raw,recall@3,0.2,2,0.763,0.013874436925511621,0.8325999999999999,0.012361229712289966,5.630507774707976,5
c1_drop,clip_raw,recall@3,0.3,3,0.7002,0.017340703561274536,0.8325999999999999,0.012361229712289966,10.710908467978971,5
c1_drop,clip_raw,recall@3,0.4,4,0.6434,0.012280065146407011,0.8325999999999999,0.012361229712289966,15.305920559982045,5
c1_drop,clip_raw,recall@3,0.5,5,0.5632,0.016664333169977095,0.8325999999999999,0.012361229712289966,21.79394819693003,5
c1_drop,clip_raw,precision@10,0.1,1,0.9655999999999999,0.0035777087639996667,0.9650000000000001,0.0035355339059327407,-0.16970562748472118,5
c1_drop,clip_raw,precision@10,0.2,2,0.9645999999999999,0.004159326868617088,0.9650000000000001,0.0035355339059327407,0.11313708498989784,5
c1_drop,clip_raw,precision@10,0.3,3,0.9638,0.0037013511046643526,0.9650000000000001,0.0035355339059327407,0.3394112549695679,5
c1_drop,clip_raw,precision@10,0.4,4,0.967,0.006000000000000005,0.9650000000000001,0.0035355339059327407,-0.5656854249492066,5
c1_drop,clip_raw,precision@10,0.5,5,0.9676,0.0033615472627943252,0.9650000000000001,0.0035355339059327407,-0.7353910524339906,5
c1_drop,clip_raw,recall@10,0.1,1,0.9507999999999999,0.007694153624668545,0.9635999999999999,0.007635443667528437,1.676392434723226,5
c1_drop,clip_raw,recall@10,0.2,2,0.9364000000000001,0.012300406497347918,0.9635999999999999,0.007635443667528437,3.562333923786817,5
c1_drop,clip_raw,recall@10,0.3,3,0.8814,0.00559464029227975,0.9635999999999999,0.007635443667528437,10.765582666738181,5
c1_drop,clip_raw,recall@10,0.4,4,0.8475999999999999,0.01248198702130395,0.9635999999999999,0.007635443667528437,15.192306439679195,5
c1_drop,clip_raw,recall@10,0.5,5,0.7878000000000001,0.02279692961782351,0.9635999999999999,0.007635443667528437,23.024202345651727,5
c1_drop,clip_raw,mmd,0.1,1,0.02621218792680154,0.006157969155405542,0.0,0.0,,5
c1_drop,clip_raw,mmd,0.2,2,0.040747794284295896,0.0031254714090292604,0.0,0.0,,5
c1_drop,clip_raw,mmd,0.3,3,0.06619638894356697,0.0018658996252710579,0.0,0.0,,5
c1_drop,clip_raw,mmd,0.4,4,0.08121979558990629,0.0038356808844485077,0.0,0.0,,5
c1_drop,clip_raw,mmd,0.5,5,0.09808178998848013,0.0038734044749573187,0.0,0.0,,5
c1_drop,clip_raw,frechet,0.1,1,0.049360932615173055,0.00042310889724263414,0.04509496179453072,0.0007147169209054639,5.968755875036287,5
c1_drop,clip_raw,frechet,0.2,2,0.05378271697061131,0.000734075189471686,0.04509496179453072,0.0007147169209054639,12.155519090095423,5
c1_drop,clip_raw,frechet,0.3,3,0.06534228801642684,0.0010436678676086952,0.04509496179453072,0.0007147169209054639,28.32915470399819,5
c1_drop,clip_raw,frechet,0.4,4,0.07058326351158044,0.0010763950573752965,0.04509496179453072,0.0007147169209054639,35.66209358071302,5
c1_drop,clip_raw,frechet,0.5,5,0.07930712626760619,0.0010121236429380947,0.04509496179453072,0.0007147169209054639,47.86813278428137,5
c1_drop,clip_raw,js,0.1,1,0.0,0.0,0.0,0.0,,5
c1_drop,clip_raw,js,0.2,2,0.0,0.0,0.0,0.0,,5
c1_drop,clip_raw,js,0.3,3,0.0,0.0,0.0,0.0,,5
c1_drop,clip_raw,js,0.4,4,0.0,0.0,0.0,0.0,,5
c1_drop,clip_raw,js,0.5,5,0.0,0.0,0.0,0.0,,5
c1_drop,dino_pca16,mtd_PQ,0.1,1,12.409562492370606,0.43183031065060945,12.018445587158203,0.35196065349464767,1.1112517871783951,5
c1_drop,dino_pca16,mtd_PQ,0.2,2,12.362067222595215,0.6174129132654145,12.018445587158203,0.35196065349464767,0.9763069593864065,5
c1_drop,dino_pca16,mtd_PQ,0.3,3,12.906073570251465,0.4014900654600611,12.018445587158203,0.35196065349464767,2.5219523099526246,5
c1_drop,dino_pca16,mtd_PQ,0.4,4,13.249837112426757,0.3048497841001234,12.018445587158203,0.35196065349464767,3.4986624585503003,5
c1_drop,dino_pca16,mtd_PQ,0.5,5,13.824588966369628,0.3859499162598365,12.018445587158203,0.35196065349464767,5.13166276195385,5
c1_drop,dino_pca16,mtd_QP,0.1,1,12.168746948242188,0.4559834982611292,11.775192832946777,0.27197412847940367,1.4470277650883767,5
c1_drop,dino_pca16,mtd_QP,0.2,2,12.433707427978515,0.5581867830981859,11.775192832946777,0.27197412847940367,2.421239838926836,5
c1_drop,dino_pca16,mtd_QP,0.3,3,12.545402145385742,0.32464962717504026,11.775192832946777,0.27197412847940367,2.8319212446609314,5
c1_drop,dino_pca16,mtd_QP,0.4,4,12.305979919433593,0.5502301178993043,11.775192832946777,0.27197412847940367,1.9516087410755765,5
c1_drop,dino_pca16,mtd_QP,0.5,5,12.310537147521973,0.40991046077563675,11.775192832946777,0.27197412847940367,1.9683648498784967,5
c1_drop,dino_pca16,ntd_PQ,0.1,1,1.2503330718695664,0.03541797848665812,1.2341091581616077,0.032246144120652354,0.5031272466951472,5
c1_drop,dino_pca16,ntd_PQ,0.2,2,1.2942058310715325,0.04446556623974998,1.2341091581616077,0.032246144120652354,1.863685552141266,5
c1_drop,dino_pca16,ntd_PQ,0.3,3,1.3296478319391138,0.026199801633261955,1.2341091581616077,0.032246144120652354,2.9627937349668256,5
c1_drop,dino_pca16,ntd_PQ,0.4,4,1.3564436411918355,0.03597658918620326,1.2341091581616077,0.032246144120652354,3.7937708946688438,5
c1_drop,dino_pca16,ntd_PQ,0.5,5,1.3978052584909915,0.035373427825939496,1.2341091581616077,0.032246144120652354,5.076455024107611,5
c1_drop,dino_pca16,ntd_QP,0.1,1,1.256463433497835,0.038590287199012946,1.2558282371426033,0.026040819114771623,0.02439233391362404,5
c1_drop,dino_pca16,ntd_QP,0.2,2,1.2417268892617335,0.021034958744569683,1.2558282371426033,0.026040819114771623,-0.541509382585851,5
c1_drop,dino_pca16,ntd_QP,0.3,3,1.2135733021148383,0.04593459647939234,1.2558282371426033,0.026040819114771623,-1.6226423155712466,5
c1_drop,dino_pca16,ntd_QP,0.4,4,1.2241316239728697,0.035055479760131576,1.2558282371426033,0.026040819114771623,-1.217189560360401,5
c1_drop,dino_pca16,ntd_QP,0.5,5,1.2204021220354964,0.031791598629780524,1.2558282371426033,0.026040819114771623,-1.3604070959124128,5
c1_drop,dino_pca16,rtd,0.1,1,45.417545318603516,0.6657450349168902,40.38304824829102,0.3618871065226912,13.911789007041682,5
c1_drop,dino_pca16,rtd,0.2,2,45.142058563232425,0.700614028682546,40.38304824829102,0.3618871065226912,13.150538466733147,5
c1_drop,dino_pca16,rtd,0.3,3,45.09943771362305,0.654566305902981,40.38304824829102,0.3618871065226912,13.032764584101864,5
c1_drop,dino_pca16,rtd,0.4,4,44.54863357543945,0.4301306206144857,40.38304824829102,0.3618871065226912,11.510731529439672,5
c1_drop,dino_pca16,rtd,0.5,5,42.68674163818359,0.8947392465385637,40.38304824829102,0.3618871065226912,6.36577912937643,5
c1_drop,dino_pca16,precision@1,0.1,1,0.6092000000000001,0.0075630681604756216,0.6056,0.007700649323271389,-0.46749304492035954,5
c1_drop,dino_pca16,precision@1,0.2,2,0.6135999999999999,0.011148990985734996,0.6056,0.007700649323271389,-1.0388734331563272,5
c1_drop,dino_pca16,precision@1,0.3,3,0.6164,0.01654690303349846,0.6056,0.007700649323271389,-1.4024791347610497,5
c1_drop,dino_pca16,precision@1,0.4,4,0.6262,0.016053037095827085,0.6056,0.007700649323271389,-2.675099090377571,5
c1_drop,dino_pca16,precision@1,0.5,5,0.6247999999999999,0.021614809737770094,0.6056,0.007700649323271389,-2.4932962395752027,5
c1_drop,dino_pca16,recall@1,0.1,1,0.597,0.017102631376487085,0.631,0.018627936010197174,1.8252156321230644,5
c1_drop,dino_pca16,recall@1,0.2,2,0.5474,0.012837445228704942,0.631,0.018627936010197174,4.487883142514355,5
c1_drop,dino_pca16,recall@1,0.3,3,0.5146,0.0222328585656456,0.631,0.018627936010197174,6.248679399386019,5
c1_drop,dino_pca16,recall@1,0.4,4,0.4600000000000001,0.011113055385446416,0.631,0.018627936010197174,9.179760973324813,5
c1_drop,dino_pca16,recall@1,0.5,5,0.43599999999999994,0.02779388421937458,0.631,0.018627936010197174,10.468148478352864,5
c1_drop,dino_pca16,precision@3,0.1,1,0.8959999999999999,0.006082762530298226,0.8966000000000001,0.004335896677735763,0.13837968120436864,5
c1_drop,dino_pca16,precision@3,0.2,2,0.8972,0.005167204273105529,0.8966000000000001,0.004335896677735763,-0.13837968120431743,5
c1_drop,dino_pca16,precision@3,0.3,3,0.9012,0.007918333157931669,0.8966000000000001,0.004335896677735763,-1.0609108892332026,5
c1_drop,dino_pca16,precision@3,0.4,4,0.9048,0.01177709641634984,0.8966000000000001,0.004335896677735763,-1.8911889764592096,5
c1_drop,dino_pca16,precision@3,0.5,5,0.9057999999999999,0.014411800720243128,0.8966000000000001,0.004335896677735763,-2.1218217784664053,5
c1_drop,dino_pca16,recall@3,0.1,1,0.8746,0.016994116628998416,0.9024000000000001,0.012177848742696727,2.2828334123194134,5
c1_drop,dino_pca16,recall@3,0.2,2,0.8145999999999999,0.014690132742763049,0.9024000000000001,0.012177848742696727,7.20981200005916,5
c1_drop,dino_pca16,recall@3,0.3,3,0.7896,0.011970797801316345,0.9024000000000001,0.012177848742696727,9.262719744950708,5
c1_drop,dino_pca16,recall@3,0.4,4,0.737,0.010653637876331268,0.9024000000000001,0.012177848742696727,13.582037640202538,5
c1_drop,dino_pca16,recall@3,0.5,5,0.7184,0.011480418110852942,0.9024000000000001,0.012177848742696727,15.109401002401851,5
c1_drop,dino_pca16,precision@10,0.1,1,0.9922000000000001,0.002863564212655273,0.9921999999999999,0.002167948338867882,-1.0242153880889273e-13,5
c1_drop,dino_pca16,precision@10,0.2,2,0.9926,0.0026076809620810618,0.9921999999999999,0.002167948338867882,-0.18450624160585893,5
c1_drop,dino_pca16,precision@10,0.3,3,0.9928000000000001,0.0024899799195977484,0.9921999999999999,0.002167948338867882,-0.2767593624087884,5
c1_drop,dino_pca16,precision@10,0.4,4,0.993,0.00244948974278318,0.9921999999999999,0.002167948338867882,-0.36901248321161545,5
c1_drop,dino_pca16,precision@10,0.5,5,0.992,0.002645751311064593,0.9921999999999999,0.002167948338867882,0.09225312080282705,5
c1_drop,dino_pca16,recall@10,0.1,1,0.9864,0.004159326868617088,0.993,0.0038078865529319575,1.7332449137483203,5
c1_drop,dino_pca16,recall@10,0.2,2,0.9414,0.007503332592921584,0.993,0.0038078865529319575,13.55082387112335,5
c1_drop,dino_pca16,recall@10,0.3,3,0.9332,0.009203260291874803,0.993,0.0038078865529319575,15.704249370022794,5
c1_drop,dino_pca16,recall@10,0.4,4,0.9084,0.014432601983010562,0.993,0.0038078865529319575,22.21704843986504,5
c1_drop,dino_pca16,recall@10,0.5,5,0.9030000000000001,0.006595452979136465,0.993,0.0038078865529319575,23.635157914750003,5
c1_drop,dino_pca16,mmd,0.1,1,0.02537128935812032,0.010955923093242233,0.0,0.0,,5
c1_drop,dino_pca16,mmd,0.2,2,0.06448360193410141,0.0035919253692755153,0.0,0.0,,5
c1_drop,dino_pca16,mmd,0.3,3,0.07133860313393767,0.003939864504142937,0.0,0.0,,5
c1_drop,dino_pca16,mmd,0.4,4,0.09594317053140199,0.007146412855318415,0.0,0.0,,5
c1_drop,dino_pca16,mmd,0.5,5,0.10786324891294549,0.007877838284568818,0.0,0.0,,5
c1_drop,dino_pca16,frechet,0.1,1,0.041165402615640015,0.0034293218335105457,0.030211181008741927,0.002044113463143164,5.358910747573743,5
c1_drop,dino_pca16,frechet,0.2,2,0.07225721175350043,0.0014157401454831392,0.030211181008741927,0.002044113463143164,20.569323329100207,5
c1_drop,dino_pca16,frechet,0.3,3,0.07778799081978101,0.0018096243558689026,0.030211181008741927,0.002044113463143164,23.275033734126396,5
c1_drop,dino_pca16,frechet,0.4,4,0.09765000848742275,0.0036179709401802673,0.030211181008741927,0.002044113463143164,32.99172413598921,5
c1_drop,dino_pca16,frechet,0.5,5,0.11112951330515333,0.004747277129649923,0.030211181008741927,0.002044113463143164,39.58602775991995,5
c1_drop,dino_pca16,js,0.1,1,0.0,0.0,0.0,0.0,,5
c1_drop,dino_pca16,js,0.2,2,0.0,0.0,0.0,0.0,,5
c1_drop,dino_pca16,js,0.3,3,0.0,0.0,0.0,0.0,,5
c1_drop,dino_pca16,js,0.4,4,0.0,0.0,0.0,0.0,,5
c1_drop,dino_pca16,js,0.5,5,0.0,0.0,0.0,0.0,,5
c1_drop,pixels_pca16,mtd_PQ,0.1,1,47260.503125,3487.7276568978086,44777.88515625,3593.5418801358305,0.6908554433366351,5
c1_drop,pixels_pca16,mtd_PQ,0.2,2,50294.12578125,3947.486329470078,44777.88515625,3593.5418801358305,1.535042809850735,5
c1_drop,pixels_pca16,mtd_PQ,0.3,3,51092.4671875,3066.9917537932834,44777.88515625,3593.5418801358305,1.75720284941032,5
c1_drop,pixels_pca16,mtd_PQ,0.4,4,53572.6234375,2876.4918319273206,44777.88515625,3593.5418801358305,2.4473732530752006,5
c1_drop,pixels_pca16,mtd_PQ,0.5,5,57372.075,3110.42931679623,44777.88515625,3593.5418801358305,3.5046731786729466,5
c1_drop,pixels_pca16,mtd_QP,0.1,1,46034.003125,2132.7960857462754,45341.9390625,2441.8662546175124,0.28341603934749676,5
c1_drop,pixels_pca16,mtd_QP,0.2,2,45916.859375,2168.9921930136557,45341.9390625,2441.8662546175124,0.23544299832672555,5
c1_drop,pixels_pca16,mtd_QP,0.3,3,48353.83125,1994.420881250646,45341.9390625,2441.8662546175124,1.2334386380927225,5
c1_drop,pixels_pca16,mtd_QP,0.4,4,49903.5375,1920.9742028731798,45341.9390625,2441.8662546175124,1.8680787405428616,5
c1_drop,pixels_pca16,mtd_QP,0.5,5,49898.78515625,1616.6078250839566,45341.9390625,2441.8662546175124,1.8661325472405004,5
c1_drop,pixels_pca16,ntd_PQ,0.1,1,1.2748496476163231,0.04409407379036232,1.2666751556681537,0.022553141317853284,0.36245469457943896,5
c1_drop,pixels_pca16,ntd_PQ,0.2,2,1.3040229254813558,0.031669538887079664,1.2666751556681537,0.022553141317853284,1.6559897039104365,5
c1_drop,pixels_pca16,ntd_PQ,0.3,3,1.3533289406104716,0.014696552137915386,1.2666751556681537,0.022553141317853284,3.8422046721146526,5
c1_drop,pixels_pca16,ntd_PQ,0.4,4,1.4128038886507979,0.04058108997685308,1.2666751556681537,0.022553141317853284,6.47930729130701,5
c1_drop,pixels_pca16,ntd_PQ,0.5,5,1.4338248179079347,0.033654950401086105,1.2666751556681537,0.022553141317853284,7.411369435594487,5
c1_drop,pixels_pca16,ntd_QP,0.1,1,1.242666078842961,0.01723406084404538,1.256002504133948,0.01806899064519328,-0.7380835793688701,5
c1_drop,pixels_pca16,ntd_QP,0.2,2,1.2478545060456703,0.03400533421184818,1.256002504133948,0.01806899064519328,-0.45093819839046967,5
c1_drop,pixels_pca16,ntd_QP,0.3,3,1.2384938099913985,0.01735188317166979,1.256002504133948,0.01806899064519328,-0.9689912672132125,5
c1_drop,pixels_pca16,ntd_QP,0.4,4,1.233820143191742,0.023038550552547582,1.256002504133948,0.01806899064519328,-1.227648039549293,5
c1_drop,pixels_pca16,ntd_QP,0.5,5,1.2235034081257656,0.013512669626911198,1.256002504133948,0.01806899064519328,-1.7986115907823423,5
c1_drop,pixels_pca16,rtd,0.1,1,56.24243240356445,1.0181262301831198,48.95676727294922,0.4409981881443411,16.520850485287234,5
c1_drop,pixels_pca16,rtd,0.2,2,56.52269973754883,1.4479001141484076,48.95676727294922,0.4409981881443411,17.15637993080197,5
c1_drop,pixels_pca16,rtd,0.3,3,57.51732330322265,0.9491492384221233,48.95676727294922,0.4409981881443411,19.41177143220261,5
c1_drop,pixels_pca16,rtd,0.4,4,58.6367546081543,0.5987369379036163,48.95676727294922,0.4409981881443411,21.95017484297864,5
c1_drop,pixels_pca16,rtd,0.5,5,57.790279388427734,1.108263035916976,48.95676727294922,0.4409981881443411,20.03072201418491,5
c1_drop,pixels_pca16,precision@1,0.1,1,0.6284,0.021972710347155647,0.6308,0.018363006289820863,0.13069755366420896,5
c1_drop,pixels_pca16,precision@1,0.2,2,0.6314,0.019243180610283756,0.6308,0.018363006289820863,-0.0326743884160477,5
c1_drop,pixels_pca16,precision@1,0.3,3,0.6268,0.019651971911235796,0.6308,0.018363006289820863,0.21782925610700887,5
c1_drop,pixels_pca16,precision@1,0.4,4,0.62,0.019735754355990568,0.6308,0.018363006289820863,0.5881389914889251,5
c1_drop,pixels_pca16,precision@1,0.5,5,0.6218,0.01449827575955156,0.6308,0.018363006289820863,0.49011582624077,5
c1_drop,pixels_pca16,recall@1,0.1,1,0.6112,0.015530614926653755,0.6374000000000001,0.010358571330062858,2.5293063266323164,5
c1_drop,pixels_pca16,recall@1,0.2,2,0.5768,0.013899640283115218,0.6374000000000001,0.010358571330062858,5.850227610454883,5
c1_drop,pixels_pca16,recall@1,0.3,3,0.5269999999999999,0.015215124054702952,0.6374000000000001,0.010358571330062858,10.65784039924454,5
c1_drop,pixels_pca16,recall@1,0.4,4,0.4716,0.009555103348472985,0.6374000000000001,0.010358571330062858,16.00606828074948,5
c1_drop,pixels_pca16,recall@1,0.5,5,0.4128,0.02277498627881035,0.6374000000000001,0.010358571330062858,21.682526754260152,5
c1_drop,pixels_pca16,precision@3,0.1,1,0.9128000000000001,0.008167006795638174,0.9172,0.006300793600809351,0.6983247315758399,5
c1_drop,pixels_pca16,precision@3,0.2,2,0.9148,0.007155417527999333,0.9172,0.006300793600809351,0.3809043990413816,5
c1_drop,pixels_pca16,precision@3,0.3,3,0.9184000000000001,0.006767569726275458,0.9172,0.006300793600809351,-0.1904521995206996,5
c1_drop,pixels_pca16,precision@3,0.4,4,0.9141999999999999,0.007259476565152621,0.9172,0.006300793600809351,0.4761304988017314,5
c1_drop,pixels_pca16,precision@3,0.5,5,0.9146000000000001,0.007092249290598864,0.9172,0.006300793600809351,0.4126464322948081,5
c1_drop,pixels_pca16,recall@3,0.1,1,0.9022,0.0027748873851023243,0.9202,0.008671793355471528,2.0756952180649915,5
c1_drop,pixels_pca16,recall@3,0.2,2,0.8704000000000001,0.011349008767288896,0.9202,0.008671793355471528,5.742756769979799,5
c1_drop,pixels_pca16,recall@3,0.3,3,0.8051999999999999,0.016392071254115483,0.9202,0.008671793355471528,13.261386115415222,5
c1_drop,pixels_pca16,recall@3,0.4,4,0.7562000000000001,0.020474374227311583,0.9202,0.008671793355471528,18.911889764592118,5
c1_drop,pixels_pca16,recall@3,0.5,5,0.6839999999999999,0.021999999999999967,0.9202,0.008671793355471528,27.237733917052815,5
c1_drop,pixels_pca16,precision@10,0.1,1,0.9934,0.004037325847637273,0.9932000000000001,0.003834057902536166,-0.052164053095695356,5
c1_drop,pixels_pca16,precision@10,0.2,2,0.9934,0.0038470768123342724,0.9932000000000001,0.003834057902536166,-0.052164053095695356,5
c1_drop,pixels_pca16,precision@10,0.3,3,0.9942,0.003271085446759228,0.9932000000000001,0.003834057902536166,-0.2608202654786216,5
c1_drop,pixels_pca16,precision@10,0.4,4,0.994,0.0029154759474226528,0.9932000000000001,0.003834057902536166,-0.20865621238289725,5
c1_drop,pixels_pca16,precision@10,0.5,5,0.9944,0.0025099800796022287,0.9932000000000001,0.003834057902536166,-0.3129843185743459,5
c1_drop,pixels_pca16,recall@10,0.1,1,0.9952,0.0017888543819998333,0.9964000000000001,0.002073644135332774,0.5786913866045373,5
c1_drop,pixels_pca16,recall@10,0.2,2,0.9893999999999998,0.0024083189157584613,0.9964000000000001,0.002073644135332774,3.3756997551929917,5
c1_drop,pixels_pca16,recall@10,0.3,3,0.9625999999999999,0.009208691546577078,0.9964000000000001,0.002073644135332774,16.299807389359994,5
c1_drop,pixels_pca16,recall@10,0.4,4,0.9410000000000001,0.013656500283747616,0.9964000000000001,0.002073644135332774,26.716252348240808,5
c1_drop,pixels_pca16,recall@10,0.5,5,0.906,0.014543039572249,0.9964000000000001,0.002073644135332774,43.59475112420523,5
c1_drop,pixels_pca16,mmd,0.1,1,0.024135343660197074,0.009103949931837073,0.0,0.0,,5
c1_drop,pixels_pca16,mmd,0.2,2,0.04536124230257656,0.00679559448577525,0.0,0.0,,5
c1_drop,pixels_pca16,mmd,0.3,3,0.08425853835567512,0.005651858686519349,0.0,0.0,,5
c1_drop,pixels_pca16,mmd,0.4,4,0.09243992143170067,0.0038491584283798174,0.0,0.0,,5
c1_drop,pixels_pca16,mmd,0.5,5,0.10728178158129069,0.0061587441154474605,0.0,0.0,,5
c1_drop,pixels_pca16,frechet,0.1,1,153.87506049165071,14.234795018400812,120.53294677519094,8.869549444419082,3.759166564817943,5
c1_drop,pixels_pca16,frechet,0.2,2,200.55791083113246,18.115494273680383,120.53294677519094,8.869549444419082,9.022438462902421,5
c1_drop,pixels_pca16,frechet,0.3,3,313.5767440439808,11.597733683252203,120.53294677519094,8.869549444419082,21.76478055379209,5
c1_drop,pixels_pca16,frechet,0.4,4,349.32766925282374,7.142208815437306,120.53294677519094,8.869549444419082,25.795529289438207,5
c1_drop,pixels_pca16,frechet,0.5,5,397.4288815857804,13.054970933486759,120.53294677519094,8.869549444419082,31.218714833910592,5
c1_drop,pixels_pca16,js,0.1,1,0.0,0.0,0.0,0.0,,5
c1_drop,pixels_pca16,js,0.2,2,0.0,0.0,0.0,0.0,,5
c1_drop,pixels_pca16,js,0.3,3,0.0,0.0,0.0,0.0,,5
c1_drop,pixels_pca16,js,0.4,4,0.0,0.0,0.0,0.0,,5
c1_drop,pixels_pca16,js,0.5,5,0.0,0.0,0.0,0.0,,5
c1_drop,vae_latent16,mtd_PQ,0.1,1,126.01986694335938,2.8051456257182417,118.796923828125,2.6349147697409268,2.7412435491963008,5
c1_drop,vae_latent16,mtd_PQ,0.2,2,134.15887451171875,2.812993570901181,118.796923828125,2.6349147697409268,5.830150887614549,5
c1_drop,vae_latent16,mtd_PQ,0.3,3,137.6574493408203,2.179443836334961,118.796923828125,2.6349147697409268,7.1579262180650085,5
c1_drop,vae_latent16,mtd_PQ,0.4,4,143.86572875976563,3.282364072138796,118.796923828125,2.6349147697409268,9.514085700049218,5
c1_drop,vae_latent16,mtd_PQ,0.5,5,152.19978942871094,2.5179437624614023,118.796923828125,2.6349147697409268,12.677019379974183,5
c1_drop,vae_latent16,mtd_QP,0.1,1,127.95302276611328,8.66932990196181,124.1626205444336,5.952888246374029,0.6367333073972052,5
c1_drop,vae_latent16,mtd_QP,0.2,2,127.55020599365234,9.37927798227947,124.1626205444336,5.952888246374029,0.5690658566087081,5
c1_drop,vae_latent16,mtd_QP,0.3,3,134.7096908569336,8.468231854635361,124.1626205444336,5.952888246374029,1.771756813833075,5
c1_drop,vae_latent16,mtd_QP,0.4,4,140.46937866210936,6.787589047761072,124.1626205444336,5.952888246374029,2.739301905693996,5
c1_drop,vae_latent16,mtd_QP,0.5,5,139.6575868487358,5.121272753747825,124.1626205444336,5.952888246374029,2.602932503182865,5
c1_drop,vae_latent16,ntd_PQ,0.1,1,1.2611009684339582,0.0234853190205247,1.2432815071359604,0.023677313131266642,0.7525964284548261,5
c1_drop,vae_latent16,ntd_PQ,0.2,2,1.2787439452909368,0.02274446858347321,1.2432815071359604,0.023677313131266642,1.4977391209202338,5
c1_drop,vae_latent16,ntd_PQ,0.3,3,1.334383400788069,0.020403651397925677,1.2432815071359604,0.023677313131266642,3.847644922675187,5
c1_drop,vae_latent16,ntd_PQ,0.4,4,1.3911415803114877,0.017535422850772982,1.2432815071359604,0.023677313131266642,6.2447994988195425,5
c1_drop,vae_latent16,ntd_PQ,0.5,5,1.4327826678312667,0.01825160936693646,1.2432815071359604,0.023677313131266642,8.00349092165631,5
c1_drop,vae_latent16,ntd_QP,0.1,1,1.2557042449977318,0.015240591675172492,1.269695077188205,0.015239879394330646,-0.9180408734519149,5
c1_drop,vae_latent16,ntd_QP,0.2,2,1.2762708788259451,0.03289836569081744,1.269695077188205,0.015239879394330646,0.43148646177517885,5
c1_drop,vae_latent16,ntd_QP,0.3,3,1.2631098821728426,0.021332540279227888,1.269695077188205,0.015239879394330646,-0.4321028300140033,5
c1_drop,vae_latent16,ntd_QP,0.4,4,1.2554356032743124,0.02473943899430154,1.269695077188205,0.015239879394330646,-0.9356684226252624,5
c1_drop,vae_latent16,ntd_QP,0.5,5,1.2341239105354724,0.01767448760948781,1.269695077188205,0.015239879394330646,-2.334084524708593,5
c1_drop,vae_latent16,rtd,0.1,1,57.24413223266602,0.7691618183209995,49.73396759033203,0.4878256390141971,15.395182298147766,5
c1_drop,vae_latent16,rtd,0.2,2,57.26882400512695,1.202053480392996,49.73396759033203,0.4878256390141971,15.445798277477657,5
c1_drop,vae_latent16,rtd,0.3,3,58.77074432373047,0.42031226807361005,49.73396759033203,0.4878256390141971,18.524603896712048,5
c1_drop,vae_latent16,rtd,0.4,4,59.46643600463867,0.7856874631590671,49.73396759033203,0.4878256390141971,19.950711147479073,5
c1_drop,vae_latent16,rtd,0.5,5,58.94180679321289,1.1804366820088867,49.73396759033203,0.4878256390141971,18.875267034935177,5
c1_drop,vae_latent16,precision@1,0.1,1,0.6346,0.020513410247932955,0.632,0.01649242250247066,-0.1576481562736191,5
c1_drop,vae_latent16,precision@1,0.2,2,0.633,0.02266053838724934,0.632,0.01649242250247066,-0.060633906259083235,5
c1_drop,vae_latent16,precision@1,0.3,3,0.6355999999999999,0.01839293342563933,0.632,0.01649242250247066,-0.2182820625326956,5
c1_drop,vae_latent16,precision@1,0.4,4,0.6302000000000001,0.009311283477587832,0.632,0.01649242250247066,0.10914103126634445,5
c1_drop,vae_latent16,precision@1,0.5,5,0.6388,0.012517987058628886,0.632,0.01649242250247066,-0.41231056256176735,5
c1_drop,vae_latent16,recall@1,0.1,1,0.6037999999999999,0.025830214865540727,0.6416000000000001,0.020082330542046178,1.8822516600281367,5
c1_drop,vae_latent16,recall@1,0.2,2,0.5644,0.015323185047502335,0.6416000000000001,0.020082330542046178,3.8441753479939575,5
c1_drop,vae_latent16,recall@1,0.3,3,0.5186,0.019359752064528116,0.6416000000000001,0.020082330542046178,6.124787147710582,5
c1_drop,vae_latent16,recall@1,0.4,4,0.46340000000000003,0.0077653074633268525,0.6416000000000001,0.020082330542046178,8.873472111561178,5
c1_drop,vae_latent16,recall@1,0.5,5,0.391,0.014212670403551893,0.6416000000000001,0.020082330542046178,12.478631375742038,5
c1_drop,vae_latent16,precision@3,0.1,1,0.9048,0.006760177512462234,0.9012,0.008105553651663785,-0.4441399261185686,5
c1_drop,vae_latent16,precision@3,0.2,2,0.9054,0.010014988766843435,0.9012,0.008105553651663785,-0.518163247138321,5
c1_drop,vae_latent16,precision@3,0.3,3,0.9090000000000001,0.006964194138592066,0.9012,0.008105553651663785,-0.9623031732569033,5
c1_drop,vae_latent16,precision@3,0.4,4,0.9064,0.010737783756436903,0.9012,0.008105553651663785,-0.6415354488379218,5
c1_drop,vae_latent16,precision@3,0.5,5,0.9108,0.007259476565152621,0.9012,0.008105553651663785,-1.1843731363161738,5
c1_drop,vae_latent16,recall@3,0.1,1,0.8789999999999999,0.015198684153570676,0.914,0.009924716620639613,3.52654905301916,5
c1_drop,vae_latent16,recall@3,0.2,2,0.8362,0.02281885185542868,0.914,0.009924716620639613,7.839014752139699,5
c1_drop,vae_latent16,recall@3,0.3,3,0.7728,0.020909328061896222,0.914,0.009924716620639613,14.227106465322953,5
c1_drop,vae_latent16,recall@3,0.4,4,0.7044,0.027391604553220282,0.914,0.009924716620639613,21.118990900366082,5
c1_drop,vae_latent16,recall@3,0.5,5,0.6106,0.028254203227130674,0.914,0.009924716620639613,30.570142362457393,5
c1_drop,vae_latent16,precision@10,0.1,1,0.9936,0.0023021728866442696,0.9940000000000001,0.0020000000000000018,0.20000000000003332,5
c1_drop,vae_latent16,precision@10,0.2,2,0.9931999999999999,0.0031144823004794903,0.9940000000000001,0.0020000000000000018,0.40000000000012215,5
c1_drop,vae_latent16,precision@10,0.3,3,0.9926,0.0033615472627943252,0.9940000000000001,0.0020000000000000018,0.7000000000000333,5
c1_drop,vae_latent16,precision@10,0.4,4,0.9924,0.003130495168499708,0.9940000000000001,0.0020000000000000018,0.8000000000000778,5
c1_drop,vae_latent16,precision@10,0.5,5,0.9932000000000001,0.002774887385102324,0.9940000000000001,0.0020000000000000018,0.4000000000000111,5
c1_drop,vae_latent16,recall@10,0.1,1,0.991,0.0020000000000000018,0.9945999999999999,0.0019493588689617944,1.8467610337532432,5
c1_drop,vae_latent16,recall@10,0.2,2,0.9812,0.005674504383644448,0.9945999999999999,0.0019493588689617944,6.87405495897051,5
c1_drop,vae_latent16,recall@10,0.3,3,0.9507999999999999,0.008899438184514804,0.9945999999999999,0.0019493588689617944,22.468925910664886,5
c1_drop,vae_latent16,recall@10,0.4,4,0.9144,0.01764369575797544,0.9945999999999999,0.0019493588689617944,41.14173191861461,5
c1_drop,vae_latent16,recall@10,0.5,5,0.8408,0.015642889758609193,0.9945999999999999,0.0019493588689617944,78.89773527534825,5
c1_drop,vae_latent16,mmd,0.1,1,0.02689101549561588,0.005430396877596301,0.0,0.0,,5
c1_drop,vae_latent16,mmd,0.2,2,0.04798015747497952,0.005670107181912435,0.0,0.0,,5
c1_drop,vae_latent16,mmd,0.3,3,0.08224000585552774,0.004553865402816585,0.0,0.0,,5
c1_drop,vae_latent16,mmd,0.4,4,0.08284983907197711,0.003446709982219923,0.0,0.0,,5
c1_drop,vae_latent16,mmd,0.5,5,0.10062720247932352,0.00628738030874162,0.0,0.0,,5
c1_drop,vae_latent16,frechet,0.1,1,0.37253366159555557,0.01952938842056131,0.2966137281088848,0.018479382550445664,4.108358776567446,5
c1_drop,vae_latent16,frechet,0.2,2,0.4724296984025386,0.033100914272882094,0.2966137281088848,0.018479382550445664,9.51416909161901,5
c1_drop,vae_latent16,frechet,0.3,3,0.6877696122182397,0.02604221293470162,0.2966137281088848,0.018479382550445664,21.167151177349346,5
c1_drop,vae_latent16,frechet,0.4,4,0.761309800551887,0.013628799578629636,0.2966137281088848,0.018479382550445664,25.146731562835427,5
c1_drop,vae_latent16,frechet,0.5,5,0.897007024438399,0.030058395528687425,0.2966137281088848,0.018479382550445664,32.48990028159976,5
c1_drop,vae_latent16,js,0.1,1,0.0,0.0,0.0,0.0,,5
c1_drop,vae_latent16,js,0.2,2,0.0,0.0,0.0,0.0,,5
c1_drop,vae_latent16,js,0.3,3,0.0,0.0,0.0,0.0,,5
c1_drop,vae_latent16,js,0.4,4,0.0,0.0,0.0,0.0,,5
c1_drop,vae_latent16,js,0.5,5,0.0,0.0,0.0,0.0,,5
c1_invent,clip_pca16,mtd_PQ,0.1,1,3.8640732765197754,0.23916055369935532,4.382807064056396,0.188362066826216,-2.7539185371925647,5
c1_invent,clip_pca16,mtd_PQ,0.2,2,4.074709033966064,0.2606464527341842,4.382807064056396,0.188362066826216,-1.635669194342539,5
c1_invent,clip_pca16,mtd_PQ,0.3,3,4.337039661407471,0.23342743595678067,4.382807064056396,0.188362066826216,-0.24297568730306357,5
c1_invent,clip_pca16,mtd_PQ,0.4,4,4.4383899688720705,0.22118448283883396,4.382807064056396,0.188362066826216,0.29508544768175277,5
c1_invent,clip_pca16,mtd_PQ,0.5,5,4.620538997650146,0.2375949332942496,4.382807064056396,0.188362066826216,1.2621008974863444,5
c1_invent,clip_pca16,mtd_QP,0.1,1,3.818135166168213,0.1569330481457648,4.6025725364685055,0.20859336796520028,-3.7606055166200716,5
c1_invent,clip_pca16,mtd_QP,0.2,2,4.234949398040771,0.07015447463379525,4.6025725364685055,0.20859336796520028,-1.7623913071342945,5
c1_invent,clip_pca16,mtd_QP,0.3,3,4.498448848724365,0.16032702102752916,4.6025725364685055,0.20859336796520028,-0.49917065321804127,5
c1_invent,clip_pca16,mtd_QP,0.4,4,4.797198390960693,0.2823398276243109,4.6025725364685055,0.20859336796520028,0.9330395131481698,5
c1_invent,clip_pca16,mtd_QP,0.5,5,5.247819519042968,0.24613243839571344,4.6025725364685055,0.20859336796520028,3.093324533127581,5
c1_invent,clip_pca16,ntd_PQ,0.1,1,1.2435666486718069,0.02719376751501603,1.2554521458155654,0.04544383223842711,-0.26154258033080674,5
c1_invent,clip_pca16,ntd_PQ,0.2,2,1.217488843736875,0.0292017008889435,1.2554521458155654,0.04544383223842711,-0.8353895393221012,5
c1_invent,clip_pca16,ntd_PQ,0.3,3,1.1947208530305216,0.031186595043973378,1.2554521458155654,0.04544383223842711,-1.3364034192012912,5
c1_invent,clip_pca16,ntd_PQ,0.4,4,1.1877097801562688,0.016842571222628683,1.2554521458155654,0.04544383223842711,-1.4906833847963628,5
c1_invent,clip_pca16,ntd_PQ,0.5,5,1.175851426566418,0.019833172152242305,1.2554521458155654,0.04544383223842711,-1.7516286661633576,5
c1_invent,clip_pca16,ntd_QP,0.1,1,1.3392561015283497,0.024297904996485944,1.2225231805116699,0.037388335007279526,3.122174897436645,5
c1_invent,clip_pca16,ntd_QP,0.2,2,1.3685168118493483,0.0379646121872651,1.2225231805116699,0.037388335007279526,3.9047909276851556,5
c1_invent,clip_pca16,ntd_QP,0.3,3,1.420242311241285,0.021336648131025558,1.2225231805116699,0.037388335007279526,5.2882571714177455,5
c1_invent,clip_pca16,ntd_QP,0.4,4,1.4390846215548139,0.03325936408701361,1.2225231805116699,0.037388335007279526,5.792219444941301,5
c1_invent,clip_pca16,ntd_QP,0.5,5,1.496437178652367,0.056418700245898804,1.2225231805116699,0.037388335007279526,7.326188718683672,5
c1_invent,clip_pca16,rtd,0.1,1,41.865098571777345,0.3759395622340441,40.39415054321289,0.4600775236654105,3.197174286727813,5
c1_invent,clip_pca16,rtd,0.2,2,42.59892272949219,0.6502415654027225,40.39415054321289,0.4600775236654105,4.792175389734343,5
c1_invent,clip_pca16,rtd,0.3,3,43.0177734375,0.6574224263124083,40.39415054321289,0.4600775236654105,5.702566979114434,5
c1_invent,clip_pca16,rtd,0.4,4,43.82441711425781,0.8551853515455861,40.39415054321289,0.4600775236654105,7.455844710074496,5
c1_invent,clip_pca16,rtd,0.5,5,42.445213317871094,0.830157569263652,40.39415054321289,0.4600775236654105,4.458080799769373,5
c1_invent,clip_pca16,precision@1,0.1,1,0.5212000000000001,0.02268700068321066,0.623,0.012629330940315101,8.060601189492623,5
c1_invent,clip_pca16,precision@1,0.2,2,0.4866,0.028814926687395888,0.623,0.012629330940315101,10.80025542482117,5
c1_invent,clip_pca16,precision@1,0.3,3,0.43879999999999997,0.03147538720969131,0.623,0.012629330940315101,14.585095669003369,5
c1_invent,clip_pca16,precision@1,0.4,4,0.4074,0.031926478039395446,0.623,0.012629330940315101,17.07137147794314,5
c1_invent,clip_pca16,precision@1,0.5,5,0.3884,0.03759388248106332,0.623,0.012629330940315101,18.575805884626437,5
c1_invent,clip_pca16,recall@1,0.1,1,0.623,0.016155494421403526,0.6092000000000001,0.007918333157931669,-1.7427910299753784,5
c1_invent,clip_pca16,recall@1,0.2,2,0.625,0.017029386365926415,0.6092000000000001,0.007918333157931669,-1.995369440116739,5
c1_invent,clip_pca16,recall@1,0.3,3,0.6286,0.023554192832699678,0.6092000000000001,0.007918333157931669,-2.4500105783711943,5
c1_invent,clip_pca16,recall@1,0.4,4,0.6272,0.017005881335585064,0.6092000000000001,0.007918333157931669,-2.273205691272233,5
c1_invent,clip_pca16,recall@1,0.5,5,0.621,0.020037464909513896,0.6092000000000001,0.007918333157931669,-1.4902126198340175,5
c1_invent,clip_pca16,precision@3,0.1,1,0.7874000000000001,0.017544229820656152,0.8948,0.009576011695899299,11.215525148741355,5
c1_invent,clip_pca16,precision@3,0.2,2,0.7478,0.021229696182470458,0.8948,0.009576011695899299,15.350858443808011,5
c1_invent,clip_pca16,precision@3,0.3,3,0.6858000000000001,0.021879213879844917,0.8948,0.009576011695899299,21.8253701684073,5
c1_invent,clip_pca16,precision@3,0.4,4,0.6684,0.022367386973001547,0.8948,0.009576011695899299,23.642410555633564,5
c1_invent,clip_pca16,precision@3,0.5,5,0.6458,0.03227537761204355,0.8948,0.009576011695899299,26.002474506858462,5
c1_invent,clip_pca16,recall@3,0.1,1,0.8962,0.009602083107326253,0.8896000000000001,0.010163660757817538,-0.6493723233455472,5
c1_invent,clip_pca16,recall@3,0.2,2,0.8974,0.015501612819316588,0.8896000000000001,0.010163660757817538,-0.767440018499282,5
c1_invent,clip_pca16,recall@3,0.3,3,0.9058000000000002,0.014567086187704128,0.8896000000000001,0.010163660757817538,-1.5939138845754588,5
c1_invent,clip_pca16,recall@3,0.4,4,0.8986000000000001,0.011781341180018522,0.8896000000000001,0.010163660757817538,-0.8855077136530278,5
c1_invent,clip_pca16,recall@3,0.5,5,0.8994,0.009071934744033389,0.8896000000000001,0.010163660757817538,-0.9642195104221771,5
c1_invent,clip_pca16,precision@10,0.1,1,0.9151999999999999,0.02089736825535693,0.9914,0.003911521443121593,19.480910716723205,5
c1_invent,clip_pca16,precision@10,0.2,2,0.9007999999999999,0.023815961034566735,0.9914,0.003911521443121593,23.16234266319057,5
c1_invent,clip_pca16,precision@10,0.3,3,0.8569999999999999,0.021342445970413064,0.9914,0.003911521443121593,34.36003150036218,5
c1_invent,clip_pca16,precision@10,0.4,4,0.86,0.022538855339169307,0.9914,0.003911521443121593,33.593066511514785,5
c1_invent,clip_pca16,precision@10,0.5,5,0.8535999999999999,0.024388521890430365,0.9914,0.003911521443121593,35.229258487722525,5
c1_invent,clip_pca16,recall@10,0.1,1,0.9875999999999999,0.0033615472627943252,0.9892,0.0019235384061671362,0.8318003918560812,5
c1_invent,clip_pca16,recall@10,0.2,2,0.9904,0.004037325847637273,0.9892,0.0019235384061671362,-0.6238502938920321,5
c1_invent,clip_pca16,recall@10,0.3,3,0.9928000000000001,0.0019235384061671362,0.9892,0.0019235384061671362,-1.8715508816762116,5
c1_invent,clip_pca16,recall@10,0.4,4,0.9907999999999999,0.003834057902536166,0.9892,0.0019235384061671362,-0.8318003918560235,5
c1_invent,clip_pca16,recall@10,0.5,5,0.9926,0.0032093613071762454,0.9892,0.0019235384061671362,-1.7675758326941582,5
c1_invent,clip_pca16,mmd,0.1,1,0.07289277653001722,0.0035442788957979177,0.0,0.0,,5
c1_invent,clip_pca16,mmd,0.2,2,0.09444795850639423,0.0017573141192820064,0.0,0.0,,5
c1_invent,clip_pca16,mmd,0.3,3,0.09162975867595666,0.0022511524578323083,0.0,0.0,,5
c1_invent,clip_pca16,mmd,0.4,4,0.10289553036085668,0.002445625588598908,0.0,0.0,,5
c1_invent,clip_pca16,mmd,0.5,5,0.11895144263955193,0.001932598081648537,0.0,0.0,,5
c1_invent,clip_pca16,frechet,0.1,1,0.04001949719257596,0.001352952979856229,0.013411170942452444,0.000531599848717972,50.05329913899195,5
c1_invent,clip_pca16,frechet,0.2,2,0.044717953980568735,0.0014530796330653676,0.013411170942452444,0.000531599848717972,58.891632707603314,5
c1_invent,clip_pca16,frechet,0.3,3,0.04949438944728295,0.0009355730135608325,0.013411170942452444,0.000531599848717972,67.8766530725136,5
c1_invent,clip_pca16,frechet,0.4,4,0.05125857700500101,0.0013067336702119365,0.013411170942452444,0.000531599848717972,71.19529125868438,5
c1_invent,clip_pca16,frechet,0.5,5,0.05550800996889153,0.0012103663272389166,0.013411170942452444,0.000531599848717972,79.18895975602993,5
c1_invent,clip_pca16,js,0.1,1,0.0,0.0,0.0,0.0,,5
c1_invent,clip_pca16,js,0.2,2,0.0,0.0,0.0,0.0,,5
c1_invent,clip_pca16,js,0.3,3,0.0,0.0,0.0,0.0,,5
c1_invent,clip_pca16,js,0.4,4,0.0,0.0,0.0,0.0,,5
c1_invent,clip_pca16,js,0.5,5,0.0,0.0,0.0,0.0,,5
c1_invent,clip_raw,mtd_PQ,0.1,1,3.6089540481567384,0.18993416503425672,3.646792697906494,0.20953506802524519,-0.18058385217502934,5
c1_invent,clip_raw,mtd_PQ,0.2,2,3.8000999450683595,0.20542366893157912,3.646792697906494,0.20953506802524519,0.7316543650984223,5
c1_invent,clip_raw,mtd_PQ,0.3,3,3.999357223510742,0.1894442628089667,3.646792697906494,0.20953506802524519,1.682603914117949,5
c1_invent,clip_raw,mtd_PQ,0.4,4,4.077935218811035,0.20732080424121324,3.646792697906494,0.20953506802524519,2.0576151045637685,5
c1_invent,clip_raw,mtd_PQ,0.5,5,4.234635925292968,0.2861485169628757,3.646792697906494,0.20953506802524519,2.8054646552798026,5
c1_invent,clip_raw,mtd_QP,0.1,1,3.228483963012695,0.18836032532547192,3.6999269485473634,0.13873330675206733,-3.3981961258747484,5
c1_invent,clip_raw,mtd_QP,0.2,2,3.4939356327056883,0.23893823942455664,3.6999269485473634,0.13873330675206733,-1.4848007350520787,5
c1_invent,clip_raw,mtd_QP,0.3,3,3.677743434906006,0.3121188911630258,3.6999269485473634,0.13873330675206733,-0.15990041728769608,5
c1_invent,clip_raw,mtd_QP,0.4,4,3.777620553970337,0.2678396931545618,3.6999269485473634,0.13873330675206733,0.5600212900700271,5
c1_invent,clip_raw,mtd_QP,0.5,5,4.108231449127198,0.18103523779176336,3.6999269485473634,0.13873330675206733,2.943089227372935,5
c1_invent,clip_raw,ntd_PQ,0.1,1,1.2523147779158355,0.015642871027315246,1.2528712651330887,0.03574390946984265,-0.01556872836539387,5
c1_invent,clip_raw,ntd_PQ,0.2,2,1.2354722943155354,0.02103423764405787,1.2528712651330887,0.03574390946984265,-0.48676742627252,5
c1_invent,clip_raw,ntd_PQ,0.3,3,1.2179036725649541,0.02246984343504759,1.2528712651330887,0.03574390946984265,-0.9782811417882786,5
c1_invent,clip_raw,ntd_PQ,0.4,4,1.2093189821279924,0.02773251002506578,1.2528712651330887,0.03574390946984265,-1.218453259620121,5
c1_invent,clip_raw,ntd_PQ,0.5,5,1.199581414301532,0.02581245410541464,1.2528712651330887,0.03574390946984265,-1.490879190943499,5
c1_invent,clip_raw,ntd_QP,0.1,1,1.3111068622459534,0.015505407836370288,1.2349312707097377,0.027538877269124115,2.766111007060618,5
c1_invent,clip_raw,ntd_QP,0.2,2,1.3305697684729016,0.029116789151376367,1.2349312707097377,0.027538877269124115,3.472853915885356,5
c1_invent,clip_raw,ntd_QP,0.3,3,1.363074195912732,0.016419620524451638,1.2349312707097377,0.027538877269124115,4.653164468206725,5
c1_invent,clip_raw,ntd_QP,0.4,4,1.377941643022732,0.01798198189942864,1.2349312707097377,0.027538877269124115,5.19303568244352,5
c1_invent,clip_raw,ntd_QP,0.5,5,1.416040702910544,0.03429474006208819,1.2349312707097377,0.027538877269124115,6.57650021207878,5
c1_invent,clip_raw,rtd,0.1,1,40.524722290039065,0.5852618229705594,36.725888061523435,1.0190661008423165,3.727760373321884,5
c1_invent,clip_raw,rtd,0.2,2,41.344216918945314,0.3194336279402137,36.725888061523435,1.0190661008423165,4.531922761050108,5
c1_invent,clip_raw,rtd,0.3,3,40.50897903442383,0.872749494721984,36.725888061523435,1.0190661008423165,3.7123116643497953,5
c1_invent,clip_raw,rtd,0.4,4,41.340562438964845,0.9367845485359947,36.725888061523435,1.0190661008423165,4.528336654145514,5
c1_invent,clip_raw,rtd,0.5,5,39.85155029296875,0.5221367919949642,36.725888061523435,1.0190661008423165,3.067183010858451,5
c1_invent,clip_raw,precision@1,0.1,1,0.4744,0.01395707705789431,0.5755999999999999,0.01969263821837996,5.138976244713912,5
c1_invent,clip_raw,precision@1,0.2,2,0.42699999999999994,0.015779733838059497,0.5755999999999999,0.01969263821837996,7.5459670945107495,5
c1_invent,clip_raw,precision@1,0.3,3,0.3832,0.01825376673456741,0.5755999999999999,0.01969263821837996,9.770148512677443,5
c1_invent,clip_raw,precision@1,0.4,4,0.3522,0.018074844397670473,0.5755999999999999,0.01969263821837996,11.34434084060364,5
c1_invent,clip_raw,precision@1,0.5,5,0.3324,0.028797569341873278,0.5755999999999999,0.01969263821837996,12.349792714569409,5
c1_invent,clip_raw,recall@1,0.1,1,0.5837999999999999,0.00952365476064731,0.5748,0.013442470011125163,-0.6695198123969315,5
c1_invent,clip_raw,recall@1,0.2,2,0.5841999999999999,0.01028105052997991,0.5748,0.013442470011125163,-0.6992762485034671,5
c1_invent,clip_raw,recall@1,0.3,3,0.585,0.013472193585307492,0.5748,0.013442470011125163,-0.75878912071653,5
c1_invent,clip_raw,recall@1,0.4,4,0.5821999999999999,0.01047377677822094,0.5748,0.013442470011125163,-0.5504940679708138,5
c1_invent,clip_raw,recall@1,0.5,5,0.5831999999999999,0.016649324310613906,0.5748,0.013442470011125163,-0.6248851582371405,5
c1_invent,clip_raw,precision@3,0.1,1,0.7255999999999999,0.010737783756436903,0.8478000000000001,0.00772657750883275,15.815540562468373,5
c1_invent,clip_raw,precision@3,0.2,2,0.6704000000000001,0.021570813614697024,0.8478000000000001,0.00772657750883275,22.95971273143932,5
c1_invent,clip_raw,precision@3,0.3,3,0.6095999999999999,0.024296090220444957,0.8478000000000001,0.00772657750883275,30.828655990016067,5
c1_invent,clip_raw,precision@3,0.4,4,0.5838,0.023004347415216963,0.8478000000000001,0.00772657750883275,34.16777993855684,5
c1_invent,clip_raw,precision@3,0.5,5,0.5616,0.029829515584400598,0.8478000000000001,0.00772657750883275,37.04097961520821,5
c1_invent,clip_raw,recall@3,0.1,1,0.8465999999999999,0.011349008767288896,0.8325999999999999,0.012361229712289966,-1.1325734029585037,5
c1_invent,clip_raw,recall@3,0.2,2,0.8402,0.008348652585896729,0.8325999999999999,0.012361229712289966,-0.6148255616060484,5
c1_invent,clip_raw,recall@3,0.3,3,0.8426,0.011991663771137024,0.8325999999999999,0.012361229712289966,-0.8089810021132259,5
c1_invent,clip_raw,recall@3,0.4,4,0.8415999999999999,0.007635443667528436,0.8325999999999999,0.012361229712289966,-0.7280829019018952,5
c1_invent,clip_raw,recall@3,0.5,5,0.8405999999999999,0.011844830095868841,0.8325999999999999,0.012361229712289966,-0.6471848016905736,5
c1_invent,clip_raw,precision@10,0.1,1,0.8888,0.01891295852054883,0.9650000000000001,0.0035355339059327407,21.552614690565964,5
c1_invent,clip_raw,precision@10,0.2,2,0.8573999999999999,0.02659511233290811,0.9650000000000001,0.0035355339059327407,30.43387586226902,5
c1_invent,clip_raw,precision@10,0.3,3,0.8093999999999999,0.024845522735494983,0.9650000000000001,0.0035355339059327407,44.01032606105073,5
c1_invent,clip_raw,precision@10,0.4,4,0.8011999999999999,0.02769837540362247,0.9650000000000001,0.0035355339059327407,46.3296363033426,5
c1_invent,clip_raw,precision@10,0.5,5,0.7946,0.029517791245281203,0.9650000000000001,0.0035355339059327407,48.19639820567507,5
c1_invent,clip_raw,recall@10,0.1,1,0.9671999999999998,0.003271085446759228,0.9635999999999999,0.007635443667528437,-0.47148537226589776,5
c1_invent,clip_raw,recall@10,0.2,2,0.9667999999999999,0.00544977063737549,0.9635999999999999,0.007635443667528437,-0.4190981086808028,5
c1_invent,clip_raw,recall@10,0.3,3,0.9714,0.007300684899377598,0.9635999999999999,0.007635443667528437,-1.0215516399094815,5
c1_invent,clip_raw,recall@10,0.4,4,0.9685999999999998,0.0058991524815010556,0.9635999999999999,0.007635443667528437,-0.6548407948137445,5
c1_invent,clip_raw,recall@10,0.5,5,0.9693999999999999,0.006268971207462997,0.9635999999999999,0.007635443667528437,-0.7596153219839633,5
c1_invent,clip_raw,mmd,0.1,1,0.06288151316990405,0.0035803008074014432,0.0,0.0,,5
c1_invent,clip_raw,mmd,0.2,2,0.08116239138449238,0.0019084605979820363,0.0,0.0,,5
c1_invent,clip_raw,mmd,0.3,3,0.07876394312024648,0.0023531585367507404,0.0,0.0,,5
c1_invent,clip_raw,mmd,0.4,4,0.08765869070984104,0.0025739102032982376,0.0,0.0,,5
c1_invent,clip_raw,mmd,0.5,5,0.10043512506304184,0.001868063299877317,0.0,0.0,,5
c1_invent,clip_raw,frechet,0.1,1,0.060546844851528545,0.00147110686425611,0.04509496179453072,0.0007147169209054639,21.61958476850117,5
c1_invent,clip_raw,frechet,0.2,2,0.0674491753522573,0.0014782080440529563,0.04509496179453072,0.0007147169209054639,31.277017381100165,5
c1_invent,clip_raw,frechet,0.3,3,0.0736960898543701,0.0008802456303845403,0.04509496179453072,0.0007147169209054639,40.01742119608004,5
c1_invent,clip_raw,frechet,0.4,4,0.07597511675721116,0.0012221805285561433,0.04509496179453072,0.0007147169209054639,43.206133868439615,5
c1_invent,clip_raw,frechet,0.5,5,0.07980921971469276,0.0011098804674076071,0.04509496179453072,0.0007147169209054639,48.57063951442913,5
c1_invent,clip_raw,js,0.1,1,0.0,0.0,0.0,0.0,,5
c1_invent,clip_raw,js,0.2,2,0.0,0.0,0.0,0.0,,5
c1_invent,clip_raw,js,0.3,3,0.0,0.0,0.0,0.0,,5
c1_invent,clip_raw,js,0.4,4,0.0,0.0,0.0,0.0,,5
c1_invent,clip_raw,js,0.5,5,0.0,0.0,0.0,0.0,,5
c1_invent,dino_pca16,mtd_PQ,0.1,1,10.160223007202148,0.10484799430226277,12.018445587158203,0.35196065349464767,-5.279631576727689,5
c1_invent,dino_pca16,mtd_PQ,0.2,2,10.926668548583985,0.1217479115760745,12.018445587158203,0.35196065349464767,-3.1019860536507977,5
c1_invent,dino_pca16,mtd_PQ,0.3,3,11.314080047607423,0.2820792713069282,12.018445587158203,0.35196065349464767,-2.0012621654070535,5
c1_invent,dino_pca16,mtd_PQ,0.4,4,11.909510803222656,0.268557928322479,12.018445587158203,0.35196065349464767,-0.30950841480126934,5
c1_invent,dino_pca16,mtd_PQ,0.5,5,12.262251281738282,0.19331253231129217,12.018445587158203,0.35196065349464767,0.6927072448562391,5
c1_invent,dino_pca16,mtd_QP,0.1,1,10.84355583190918,0.5131664785268673,11.775192832946777,0.27197412847940367,-3.425461849060209,5
c1_invent,dino_pca16,mtd_QP,0.2,2,12.07753849029541,0.5090990842083472,11.775192832946777,0.27197412847940367,1.1116706542605193,5
c1_invent,dino_pca16,mtd_QP,0.3,3,13.115311813354491,0.5428087426825464,11.775192832946777,0.27197412847940367,4.927376687997,5
c1_invent,dino_pca16,mtd_QP,0.4,4,13.480400848388673,0.49246463995419554,11.775192832946777,0.27197412847940367,6.269743467791016,5
c1_invent,dino_pca16,mtd_QP,0.5,5,13.841260147094726,0.39826407243890055,11.775192832946777,0.27197412847940367,7.5965582671383025,5
c1_invent,dino_pca16,ntd_PQ,0.1,1,1.2411845852696657,0.050269891333652984,1.2341091581616077,0.032246144120652354,0.21941932286801538,5
c1_invent,dino_pca16,ntd_PQ,0.2,2,1.2293789991558939,0.02518409567801432,1.2341091581616077,0.032246144120652354,-0.14668913554487137,5
c1_invent,dino_pca16,ntd_PQ,0.3,3,1.2216447691214913,0.0453381832634023,1.2341091581616077,0.032246144120652354,-0.38653889883638637,5
c1_invent,dino_pca16,ntd_PQ,0.4,4,1.2033678835972847,0.04612395497859615,1.2341091581616077,0.032246144120652354,-0.9533317983477726,5
c1_invent,dino_pca16,ntd_PQ,0.5,5,1.2043006183323304,0.03457111500692592,1.2341091581616077,0.032246144120652354,-0.9244063326686607,5
c1_invent,dino_pca16,ntd_QP,0.1,1,1.3003673420699369,0.04332761938919635,1.2558282371426033,0.026040819114771623,1.71035729448575,5
c1_invent,dino_pca16,ntd_QP,0.2,2,1.3055277862946784,0.06160232805097951,1.2558282371426033,0.026040819114771623,1.9085248022740988,5
c1_invent,dino_pca16,ntd_QP,0.3,3,1.3651165902816924,0.02653832551155732,1.2558282371426033,0.026040819114771623,4.196809349867779,5
c1_invent,dino_pca16,ntd_QP,0.4,4,1.406059978867178,0.052997197127799475,1.2558282371426033,0.026040819114771623,5.769086642875833,5
c1_invent,dino_pca16,ntd_QP,0.5,5,1.411273456121618,0.05672585245073174,1.2558282371426033,0.026040819114771623,5.96929068528565,5
c1_invent,dino_pca16,rtd,0.1,1,41.963253784179685,0.6816055692630962,40.38304824829102,0.3618871065226912,4.366570423225575,5
c1_invent,dino_pca16,rtd,0.2,2,43.24653549194336,0.3564808455729084,40.38304824829102,0.3618871065226912,7.912653399473342,5
c1_invent,dino_pca16,rtd,0.3,3,44.122705078125,0.2769733391045529,40.38304824829102,0.3618871065226912,10.333766421710019,5
c1_invent,dino_pca16,rtd,0.4,4,44.10820541381836,0.8681414090435084,40.38304824829102,0.3618871065226912,10.293699605166138,5
c1_invent,dino_pca16,rtd,0.5,5,42.387986755371095,0.47662595603904245,40.38304824829102,0.3618871065226912,5.540231942345706,5
c1_invent,dino_pca16,precision@1,0.1,1,0.6003999999999999,0.018160396471443033,0.6056,0.007700649323271389,0.6752677315516336,5
c1_invent,dino_pca16,precision@1,0.2,2,0.5448000000000001,0.01188276062201037,0.6056,0.007700649323271389,7.895438091988185,5
c1_invent,dino_pca16,precision@1,0.3,3,0.508,0.01214495780149113,0.6056,0.007700649323271389,12.67425588450736,5
c1_invent,dino_pca16,precision@1,0.4,4,0.465,0.00940744386111337,0.6056,0.007700649323271389,18.258200587722687,5
c1_invent,dino_pca16,precision@1,0.5,5,0.4396,0.011823705003085973,0.6056,0.007700649323271389,21.556623737994073,5
c1_invent,dino_pca16,recall@1,0.1,1,0.6152,0.014906374475371279,0.631,0.018627936010197174,0.8481884408101311,5
c1_invent,dino_pca16,recall@1,0.2,2,0.6154,0.023712865706194203,0.631,0.018627936010197174,0.837451878268232,5
c1_invent,dino_pca16,recall@1,0.3,3,0.6212,0.015303594349041025,0.631,0.018627936010197174,0.5260915645531198,5
c1_invent,dino_pca16,recall@1,0.4,4,0.6226,0.02739160455322034,0.631,0.018627936010197174,0.4509356267598135,5
c1_invent,dino_pca16,recall@1,0.5,5,0.6252000000000001,0.025733246977402622,0.631,0.018627936010197174,0.31136031371510625,5
c1_invent,dino_pca16,precision@3,0.1,1,0.8850000000000001,0.011937336386313334,0.8966000000000001,0.004335896677735763,2.675340503283752,5
c1_invent,dino_pca16,precision@3,0.2,2,0.8301999999999999,0.011945710527214371,0.8966000000000001,0.004335896677735763,15.31401805327951,5
c1_invent,dino_pca16,precision@3,0.3,3,0.7992000000000001,0.015287249589118356,0.8966000000000001,0.004335896677735763,22.46363491550332,5
c1_invent,dino_pca16,precision@3,0.4,4,0.7404,0.013501851724856124,0.8966000000000001,0.004335896677735763,36.02484367352796,5
c1_invent,dino_pca16,precision@3,0.5,5,0.7167999999999999,0.011670475568716138,0.8966000000000001,0.004335896677735763,41.467777800898396,5
c1_invent,dino_pca16,recall@3,0.1,1,0.8926000000000001,0.007231873892705825,0.9024000000000001,0.012177848742696727,0.8047398359974922,5
c1_invent,dino_pca16,recall@3,0.2,2,0.8977999999999999,0.012417729261020319,0.9024000000000001,0.012177848742696727,0.3777350250600593,5
c1_invent,dino_pca16,recall@3,0.3,3,0.8996000000000001,0.009071934744033389,0.9024000000000001,0.012177848742696727,0.22992566742785622,5
c1_invent,dino_pca16,recall@3,0.4,4,0.9064,0.011238327277669049,0.9024000000000001,0.012177848742696727,-0.32846523918264003,5
c1_invent,dino_pca16,recall@3,0.5,5,0.9065999999999999,0.011844830095868841,0.9024000000000001,0.012177848742696727,-0.34488850114176156,5
c1_invent,dino_pca16,precision@10,0.1,1,0.991,0.0020000000000000018,0.9921999999999999,0.002167948338867882,0.5535187248172696,5
c1_invent,dino_pca16,precision@10,0.2,2,0.9724,0.006503845016603646,0.9921999999999999,0.002167948338867882,9.13305895948587,5
c1_invent,dino_pca16,precision@10,0.3,3,0.9635999999999999,0.008354639429682176,0.9921999999999999,0.002167948338867882,13.192196274813025,5
c1_invent,dino_pca16,precision@10,0.4,4,0.9198000000000001,0.013065221008463624,0.9921999999999999,0.002167948338867882,33.39562973064552,5
c1_invent,dino_pca16,precision@10,0.5,5,0.9116,0.013464768843169952,0.9921999999999999,0.002167948338867882,37.17800768356398,5
c1_invent,dino_pca16,recall@10,0.1,1,0.9894000000000001,0.005941380311005185,0.993,0.0038078865529319575,0.9454063165899849,5
c1_invent,dino_pca16,recall@10,0.2,2,0.9902000000000001,0.005357238094391554,0.993,0.0038078865529319575,0.735316024014423,5
c1_invent,dino_pca16,recall@10,0.3,3,0.9916,0.006348228099241558,0.993,0.0038078865529319575,0.3676580120072115,5
c1_invent,dino_pca16,recall@10,0.4,4,0.9925999999999998,0.005079370039680122,0.993,0.0038078865529319575,0.1050451462878247,5
c1_invent,dino_pca16,recall@10,0.5,5,0.992,0.0029154759474226528,0.993,0.0038078865529319575,0.2626128657194451,5
c1_invent,dino_pca16,mmd,0.1,1,0.04804194808538163,0.003706507106492981,0.0,0.0,,5
c1_invent,dino_pca16,mmd,0.2,2,0.07822009904932145,0.004982653111153186,0.0,0.0,,5
c1_invent,dino_pca16,mmd,0.3,3,0.07427166932529619,0.003451287229835115,0.0,0.0,,5
c1_invent,dino_pca16,mmd,0.4,4,0.08837153970963424,0.00493021824374292,0.0,0.0,,5
c1_invent,dino_pca16,mmd,0.5,5,0.10668283511973535,0.004574073973391607,0.0,0.0,,5
c1_invent,dino_pca16,frechet,0.1,1,0.05188321127949872,0.0020252730008123035,0.030211181008741927,0.002044113463143164,10.602166005713032,5
c1_invent,dino_pca16,frechet,0.2,2,0.07348668712436097,0.003745507503088154,0.030211181008741927,0.002044113463143164,21.1707945257969,5
c1_invent,dino_pca16,frechet,0.3,3,0.07738716690359387,0.002472165295640319,0.030211181008741927,0.002044113463143164,23.07894681262508,5
c1_invent,dino_pca16,frechet,0.4,4,0.09882251609051011,0.003447221774127748,0.030211181008741927,0.002044113463143164,33.565326151840345,5
c1_invent,dino_pca16,frechet,0.5,5,0.10904899290894758,0.0035808672992781202,0.030211181008741927,0.002044113463143164,38.56821713750636,5
c1_invent,dino_pca16,js,0.1,1,0.0,0.0,0.0,0.0,,5
c1_invent,dino_pca16,js,0.2,2,0.0,0.0,0.0,0.0,,5
c1_invent,dino_pca16,js,0.3,3,0.0,0.0,0.0,0.0,,5
c1_invent,dino_pca16,js,0.4,4,0.0,0.0,0.0,0.0,,5
c1_invent,dino_pca16,js,0.5,5,0.0,0.0,0.0,0.0,,5
c1_invent,pixels_pca16,mtd_PQ,0.1,1,40503.8,2849.5563283948377,44777.88515625,3593.5418801358305,-1.1893795310626634,5
c1_invent,pixels_pca16,mtd_PQ,0.2,2,42717.36171875,3426.948038430911,44777.88515625,3593.5418801358305,-0.5733962497807638,5
c1_invent,pixels_pca16,mtd_PQ,0.3,3,44948.56328125,3349.4369757274308,44777.88515625,3593.5418801358305,0.047495794036369256,5
c1_invent,pixels_pca16,mtd_PQ,0.4,4,46714.696875,2695.412666807495,44777.88515625,3593.5418801358305,0.5389701256735582,5
c1_invent,pixels_pca16,mtd_PQ,0.5,5,48258.65859375,2747.5396152040244,44777.88515625,3593.5418801358305,0.9686191377762465,5
c1_invent,pixels_pca16,mtd_QP,0.1,1,42555.97734375,1377.830634723803,45341.9390625,2441.8662546175124,-1.1409149512107044,5
c1_invent,pixels_pca16,mtd_QP,0.2,2,45936.73359375,1127.502387627148,45341.9390625,2441.8662546175124,0.2435819448035939,5
c1_invent,pixels_pca16,mtd_QP,0.3,3,47352.75234375,1119.3585197512664,45341.9390625,2441.8662546175124,0.8234739627723655,5
c1_invent,pixels_pca16,mtd_QP,0.4,4,53460.15390625,1750.4899167587373,45341.9390625,2441.8662546175124,3.324594386936076,5
c1_invent,pixels_pca16,mtd_QP,0.5,5,55776.18359375,2215.4619524458067,45341.9390625,2441.8662546175124,4.273061438774169,5
c1_invent,pixels_pca16,ntd_PQ,0.1,1,1.269450571964136,0.016237669578765362,1.2666751556681537,0.022553141317853284,0.12306118499711073,5
c1_invent,pixels_pca16,ntd_PQ,0.2,2,1.258556745379669,0.01920704405771832,1.2666751556681537,0.022553141317853284,-0.3599680494201479,5
c1_invent,pixels_pca16,ntd_PQ,0.3,3,1.2536763102952082,0.022774593066438767,1.2666751556681537,0.022553141317853284,-0.5763651807855023,5
c1_invent,pixels_pca16,ntd_PQ,0.4,4,1.2461409620383193,0.0406910049137737,1.2666751556681537,0.022553141317853284,-0.9104804222363194,5
c1_invent,pixels_pca16,ntd_PQ,0.5,5,1.2411948302630764,0.03360898864025004,1.2666751556681537,0.022553141317853284,-1.1297905265598989,5
c1_invent,pixels_pca16,ntd_QP,0.1,1,1.2804554410487419,0.032545301745661115,1.256002504133948,0.01806899064519328,1.3533095121336436,5
c1_invent,pixels_pca16,ntd_QP,0.2,2,1.3265212795001313,0.03822947853579474,1.256002504133948,0.01806899064519328,3.9027512245097524,5
c1_invent,pixels_pca16,ntd_QP,0.3,3,1.3753789213989895,0.05750649004322304,1.256002504133948,0.01806899064519328,6.606700928078576,5
c1_invent,pixels_pca16,ntd_QP,0.4,4,1.3913951524766328,0.027438496902924787,1.256002504133948,0.01806899064519328,7.493094163436408,5
c1_invent,pixels_pca16,ntd_QP,0.5,5,1.4053423201317798,0.04447292601511664,1.256002504133948,0.01806899064519328,8.264978322823985,5
c1_invent,pixels_pca16,rtd,0.1,1,53.555790710449216,0.7228961600436232,48.95676727294922,0.4409981881443411,10.428667421179311,5
c1_invent,pixels_pca16,rtd,0.2,2,55.82046279907227,1.1631612832740443,48.95676727294922,0.4409981881443411,15.563999378329692,5
c1_invent,pixels_pca16,rtd,0.3,3,57.08625030517578,1.3393298419109971,48.95676727294922,0.4409981881443411,18.434277624663927,5
c1_invent,pixels_pca16,rtd,0.4,4,58.89843063354492,1.4377988267337065,48.95676727294922,0.4409981881443411,22.54354695294516,5
c1_invent,pixels_pca16,rtd,0.5,5,57.827642822265624,0.4202629484597912,48.95676727294922,0.4409981881443411,20.115446702046125,5
c1_invent,pixels_pca16,precision@1,0.1,1,0.5494,0.01490972836774699,0.6308,0.018363006289820863,4.4328253617776285,5
c1_invent,pixels_pca16,precision@1,0.2,2,0.48739999999999994,0.012501999840025582,0.6308,0.018363006289820863,7.809178831436266,5
c1_invent,pixels_pca16,precision@1,0.3,3,0.4384,0.016816658407662343,0.6308,0.018363006289820863,10.477587218747118,5
c1_invent,pixels_pca16,precision@1,0.4,4,0.413,0.017044060549059298,0.6308,0.018363006289820863,11.860802995026626,5
c1_invent,pixels_pca16,precision@1,0.5,5,0.3924,0.012915107432770348,0.6308,0.018363006289820863,12.982623663977717,5
c1_invent,pixels_pca16,recall@1,0.1,1,0.6464000000000001,0.005683308895353134,0.6374000000000001,0.010358571330062858,-0.8688456847210216,5
c1_invent,pixels_pca16,recall@1,0.2,2,0.6502000000000001,0.0110317722964173,0.6374000000000001,0.010358571330062858,-1.2356916404921219,5
c1_invent,pixels_pca16,recall@1,0.3,3,0.6414,0.007092249290598864,0.6374000000000001,0.010358571330062858,-0.3861536376537767,5
c1_invent,pixels_pca16,recall@1,0.4,4,0.6372,0.011903780911962394,0.6374000000000001,0.010358571330062858,0.019307681882697946,5
c1_invent,pixels_pca16,recall@1,0.5,5,0.6290000000000001,0.00997496867163001,0.6374000000000001,0.010358571330062858,0.8109226390729493,5
c1_invent,pixels_pca16,precision@3,0.1,1,0.8262,0.016346253393362053,0.9172,0.006300793600809351,14.442625130318634,5
c1_invent,pixels_pca16,precision@3,0.2,2,0.7497999999999999,0.02195905280288749,0.9172,0.006300793600809351,26.568081833135622,5
c1_invent,pixels_pca16,precision@3,0.3,3,0.6946,0.016546903033498414,0.9172,0.006300793600809351,35.328883011087136,5
c1_invent,pixels_pca16,precision@3,0.4,4,0.6748000000000001,0.012716131487209438,0.9172,0.006300793600809351,38.471344303178434,5
c1_invent,pixels_pca16,precision@3,0.5,5,0.6686,0.016920401886480103,0.9172,0.006300793600809351,39.455347334035324,5
c1_invent,pixels_pca16,recall@3,0.1,1,0.9214,0.007635443667528437,0.9202,0.008671793355471528,-0.1383796812043302,5
c1_invent,pixels_pca16,recall@3,0.2,2,0.9164000000000001,0.013334166640626638,0.9202,0.008671793355471528,0.43820232381371016,5
c1_invent,pixels_pca16,recall@3,0.3,3,0.9188000000000001,0.010425929215182702,0.9202,0.008671793355471528,0.16144296140504977,5
c1_invent,pixels_pca16,recall@3,0.4,4,0.915,0.005612486080160917,0.9202,0.008671793355471528,0.5996452852187727,5
c1_invent,pixels_pca16,recall@3,0.5,5,0.9148,0.0031144823004794903,0.9202,0.008671793355471528,0.6227085654195051,5
c1_invent,pixels_pca16,precision@10,0.1,1,0.9544,0.008905054744357283,0.9932000000000001,0.003834057902536166,10.119826300571647,5
c1_invent,pixels_pca16,precision@10,0.2,2,0.9268000000000001,0.014584238067173726,0.9932000000000001,0.003834057902536166,17.318465627782384,5
c1_invent,pixels_pca16,precision@10,0.3,3,0.9054,0.006804410334481606,0.9932000000000001,0.003834057902536166,22.900019309025524,5
c1_invent,pixels_pca16,precision@10,0.4,4,0.9062000000000001,0.005495452665613639,0.9932000000000001,0.003834057902536166,22.69136309664257,5
c1_invent,pixels_pca16,precision@10,0.5,5,0.9116000000000002,0.009071934744033389,0.9932000000000001,0.003834057902536166,21.282933663057836,5
c1_invent,pixels_pca16,recall@10,0.1,1,0.9958,0.0025884358211089595,0.9964000000000001,0.002073644135332774,0.28934569330226867,5
c1_invent,pixels_pca16,recall@10,0.2,2,0.9946000000000002,0.0035777087639996667,0.9964000000000001,0.002073644135332774,0.868037079906699,5
c1_invent,pixels_pca16,recall@10,0.3,3,0.9942,0.0020493901531919213,0.9964000000000001,0.002073644135332774,1.0609342087749494,5
c1_invent,pixels_pca16,recall@10,0.4,4,0.9950000000000001,0.0018708286933869723,0.9964000000000001,0.002073644135332774,0.6751399510385555,5
c1_invent,pixels_pca16,recall@10,0.5,5,0.9949999999999999,0.0029154759474226528,0.9964000000000001,0.002073644135332774,0.6751399510386626,5
c1_invent,pixels_pca16,mmd,0.1,1,0.044060789324930565,0.0061080116068068496,0.0,0.0,,5
c1_invent,pixels_pca16,mmd,0.2,2,0.07015899830840193,0.004826115849675176,0.0,0.0,,5
c1_invent,pixels_pca16,mmd,0.3,3,0.08257159479399298,0.007695361192166964,0.0,0.0,,5
c1_invent,pixels_pca16,mmd,0.4,4,0.08747517659729395,0.007732539183419386,0.0,0.0,,5
c1_invent,pixels_pca16,mmd,0.5,5,0.10713978276592365,0.008259973687853344,0.0,0.0,,5
c1_invent,pixels_pca16,frechet,0.1,1,195.8997217614326,12.635815114261362,120.53294677519094,8.869549444419082,8.49724954559717,5
c1_invent,pixels_pca16,frechet,0.2,2,288.47065577649363,13.333694917204776,120.53294677519094,8.869549444419082,18.934187136977158,5
c1_invent,pixels_pca16,frechet,0.3,3,350.1260238802344,16.066486300424526,120.53294677519094,8.869549444419082,25.885540020244044,5
c1_invent,pixels_pca16,frechet,0.4,4,360.48330494785864,15.901268742139274,120.53294677519094,8.869549444419082,27.05327476624529,5
c1_invent,pixels_pca16,frechet,0.5,5,395.5351400576982,17.37663944352582,120.53294677519094,8.869549444419082,31.00520437997499,5
c1_invent,pixels_pca16,js,0.1,1,0.0,0.0,0.0,0.0,,5
c1_invent,pixels_pca16,js,0.2,2,0.0,0.0,0.0,0.0,,5
c1_invent,pixels_pca16,js,0.3,3,0.0,0.0,0.0,0.0,,5
c1_invent,pixels_pca16,js,0.4,4,0.0,0.0,0.0,0.0,,5
c1_invent,pixels_pca16,js,0.5,5,0.0,0.0,0.0,0.0,,5
c1_invent,vae_latent16,mtd_PQ,0.1,1,113.68272399902344,1.1167791124390176,118.796923828125,2.6349147697409268,-1.9409355808516,5
c1_invent,vae_latent16,mtd_PQ,0.2,2,122.14697875976563,2.628605036078527,118.796923828125,2.6349147697409268,1.2714092198018292,5
c1_invent,vae_latent16,mtd_PQ,0.3,3,130.84148101806642,3.0463838924127957,118.796923828125,2.6349147697409268,4.571137301388187,5
c1_invent,vae_latent16,mtd_PQ,0.4,4,136.6884033203125,2.9794969204566857,118.796923828125,2.6349147697409268,6.790154921764939,5
c1_invent,vae_latent16,mtd_PQ,0.5,5,141.02632915973663,3.075697458262486,118.796923828125,2.6349147697409268,8.43647983869979,5
c1_invent,vae_latent16,mtd_QP,0.1,1,120.3873519897461,5.432176124506834,124.1626205444336,5.952888246374029,-0.6341910680058639,5
c1_invent,vae_latent16,mtd_QP,0.2,2,128.86174468994142,4.823764557923848,124.1626205444336,5.952888246374029,0.7893855807506739,5
c1_invent,vae_latent16,mtd_QP,0.3,3,134.49136505126953,5.862694856321809,124.1626205444336,5.952888246374029,1.735081204174677,5
c1_invent,vae_latent16,mtd_QP,0.4,4,144.710302734375,2.695831488070993,124.1626205444336,5.952888246374029,3.451716434028009,5
c1_invent,vae_latent16,mtd_QP,0.5,5,153.65257873535157,2.8192240307193823,124.1626205444336,5.952888246374029,4.953890778796433,5
c1_invent,vae_latent16,ntd_PQ,0.1,1,1.2745779983366823,0.013357247379877873,1.2432815071359604,0.023677313131266642,1.3217923430422456,5
c1_invent,vae_latent16,ntd_PQ,0.2,2,1.2505843592014223,0.03184127619811847,1.2432815071359604,0.023677313131266642,0.30843246549872405,5
c1_invent,vae_latent16,ntd_PQ,0.3,3,1.2411182467921986,0.035395542588948316,1.2432815071359604,0.023677313131266642,-0.0913642663662349,5
c1_invent,vae_latent16,ntd_PQ,0.4,4,1.234750866945747,0.022002230999002625,1.2432815071359604,0.023677313131266642,-0.36028750994336656,5
c1_invent,vae_latent16,ntd_PQ,0.5,5,1.2358347754765986,0.026094183027084116,1.2432815071359604,0.023677313131266642,-0.31450915135840235,5
c1_invent,vae_latent16,ntd_QP,0.1,1,1.3071024807472138,0.022467341028695974,1.269695077188205,0.015239879394330646,2.454573464205018,5
c1_invent,vae_latent16,ntd_QP,0.2,2,1.3590214950703445,0.007455301784484901,1.269695077188205,0.015239879394330646,5.861359894709515,5
c1_invent,vae_latent16,ntd_QP,0.3,3,1.397830550762063,0.027181894808904133,1.269695077188205,0.015239879394330646,8.407906011482309,5
c1_invent,vae_latent16,ntd_QP,0.4,4,1.4033315653224296,0.02196592388286908,1.269695077188205,0.015239879394330646,8.768867828700698,5
c1_invent,vae_latent16,ntd_QP,0.5,5,1.4174944505260547,0.015482868844079855,1.269695077188205,0.015239879394330646,9.698198359288348,5
c1_invent,vae_latent16,rtd,0.1,1,56.13337631225586,1.364316448014285,49.73396759033203,0.4878256390141971,13.118229568367546,5
c1_invent,vae_latent16,rtd,0.2,2,57.4564208984375,0.8143572051554994,49.73396759033203,0.4878256390141971,15.830355542015138,5
c1_invent,vae_latent16,rtd,0.3,3,59.56483917236328,0.6704617579805312,49.73396759033203,0.4878256390141971,20.152429056204532,5
c1_invent,vae_latent16,rtd,0.4,4,60.78261795043945,0.31882976691098097,49.73396759033203,0.4878256390141971,22.648769307071774,5
c1_invent,vae_latent16,rtd,0.5,5,59.143062591552734,0.8352907179949689,49.73396759033203,0.4878256390141971,19.28782386312187,5
c1_invent,vae_latent16,precision@1,0.1,1,0.5466,0.015192103211866334,0.632,0.01649242250247066,5.178135594525706,5
c1_invent,vae_latent16,precision@1,0.2,2,0.47319999999999995,0.013608820668963188,0.632,0.01649242250247066,9.628664313942412,5
c1_invent,vae_latent16,precision@1,0.3,3,0.4298,0.01543372929657637,0.632,0.01649242250247066,12.26017584558662,5
c1_invent,vae_latent16,precision@1,0.4,4,0.4,0.01440486029088792,0.632,0.01649242250247066,14.067066252107297,5
c1_invent,vae_latent16,precision@1,0.5,5,0.3832,0.01485597522884312,0.632,0.01649242250247066,15.085715877259897,5
c1_invent,vae_latent16,recall@1,0.1,1,0.65,0.020186629238186368,0.6416000000000001,0.020082330542046178,-0.4182781466729156,5
c1_invent,vae_latent16,recall@1,0.2,2,0.6468,0.02033961651555901,0.6416000000000001,0.020082330542046178,-0.25893409079751945,5
c1_invent,vae_latent16,recall@1,0.3,3,0.6436,0.014842506526863999,0.6416000000000001,0.020082330542046178,-0.09959003492211775,5
c1_invent,vae_latent16,recall@1,0.4,4,0.632,0.01488287606613723,0.6416000000000001,0.020082330542046178,0.47803216762619394,5
c1_invent,vae_latent16,recall@1,0.5,5,0.6300000000000001,0.012429802894656065,0.6416000000000001,0.020082330542046178,0.5776222025483118,5
c1_invent,vae_latent16,precision@3,0.1,1,0.812,0.005999999999999954,0.9012,0.008105553651663785,11.004800391604382,5
c1_invent,vae_latent16,precision@3,0.2,2,0.7213999999999998,0.01192895636675733,0.9012,0.008105553651663785,22.18232186558824,5
c1_invent,vae_latent16,precision@3,0.3,3,0.6620000000000001,0.011247221879202003,0.9012,0.008105553651663785,29.510630646544485,5
c1_invent,vae_latent16,precision@3,0.4,4,0.6352,0.009311283477587832,0.9012,0.008105553651663785,32.817005652093805,5
c1_invent,vae_latent16,precision@3,0.5,5,0.6186,0.009396807968666815,0.9012,0.008105553651663785,34.86498420030717,5
c1_invent,vae_latent16,recall@3,0.1,1,0.907,0.00833666600026654,0.914,0.009924716620639613,0.7053098106038297,5
c1_invent,vae_latent16,recall@3,0.2,2,0.9090000000000001,0.012649110640673528,0.914,0.009924716620639613,0.5037927218598672,5
c1_invent,vae_latent16,recall@3,0.3,3,0.9086000000000001,0.00873498712076899,0.914,0.009924716620639613,0.5440961396086642,5
c1_invent,vae_latent16,recall@3,0.4,4,0.9054,0.009964938534682498,0.914,0.009924716620639613,0.8665234815989953,5
c1_invent,vae_latent16,recall@3,0.5,5,0.9042000000000001,0.008105553651663783,0.914,0.009924716620639613,0.9874337348453527,5
c1_invent,vae_latent16,precision@10,0.1,1,0.9214,0.012300406497347937,0.9940000000000001,0.0020000000000000018,36.300000000000026,5
c1_invent,vae_latent16,precision@10,0.2,2,0.8603999999999999,0.01639512122553537,0.9940000000000001,0.0020000000000000018,66.80000000000003,5
c1_invent,vae_latent16,precision@10,0.3,3,0.8305999999999999,0.01856879102149624,0.9940000000000001,0.0020000000000000018,81.70000000000003,5
c1_invent,vae_latent16,precision@10,0.4,4,0.8303999999999998,0.022788154817799514,0.9940000000000001,0.0020000000000000018,81.80000000000008,5
c1_invent,vae_latent16,precision@10,0.5,5,0.8385999999999999,0.019932385707686892,0.9940000000000001,0.0020000000000000018,77.70000000000003,5
c1_invent,vae_latent16,recall@10,0.1,1,0.9936,0.0024083189157584613,0.9945999999999999,0.0019493588689617944,0.5129891760425201,5
c1_invent,vae_latent16,recall@10,0.2,2,0.993,0.0021213203435596446,0.9945999999999999,0.0019493588689617944,0.8207826816680891,5
c1_invent,vae_latent16,recall@10,0.3,3,0.9938,0.0013038404810405309,0.9945999999999999,0.0019493588689617944,0.41039134083401607,5
c1_invent,vae_latent16,recall@10,0.4,4,0.9948,0.0016431676725155,0.9945999999999999,0.0019493588689617944,-0.10259783520856097,5
c1_invent,vae_latent16,recall@10,0.5,5,0.9945999999999999,0.0029664793948382677,0.9945999999999999,0.0019493588689617944,-0.0,5
c1_invent,vae_latent16,mmd,0.1,1,0.056347072527735534,0.006583092895497349,0.0,0.0,,5
c1_invent,vae_latent16,mmd,0.2,2,0.08046450403409104,0.004289165271205829,0.0,0.0,,5
c1_invent,vae_latent16,mmd,0.3,3,0.08125128844662151,0.0058661203614924495,0.0,0.0,,5
c1_invent,vae_latent16,mmd,0.4,4,0.08546392110093101,0.006157945215113354,0.0,0.0,,5
c1_invent,vae_latent16,mmd,0.5,5,0.09984390135545401,0.006452902935030685,0.0,0.0,,5
c1_invent,vae_latent16,frechet,0.1,1,0.5812482733625135,0.03278271040089935,0.2966137281088848,0.018479382550445664,15.402816867751039,5
c1_invent,vae_latent16,frechet,0.2,2,0.7712364831864298,0.02207335581406502,0.2966137281088848,0.018479382550445664,25.68390766206085,5
c1_invent,vae_latent16,frechet,0.3,3,0.8652328731280525,0.01841466298821707,0.2966137281088848,0.018479382550445664,30.77046234996929,5
c1_invent,vae_latent16,frechet,0.4,4,0.8794093088248403,0.02795066149483931,0.2966137281088848,0.018479382550445664,31.53761112553516,5
c1_invent,vae_latent16,frechet,0.5,5,0.9066980031009774,0.023940862955142916,0.2966137281088848,0.018479382550445664,33.01432141072155,5
c1_invent,vae_latent16,js,0.1,1,0.0,0.0,0.0,0.0,,5
c1_invent,vae_latent16,js,0.2,2,0.0,0.0,0.0,0.0,,5
c1_invent,vae_latent16,js,0.3,3,0.0,0.0,0.0,0.0,,5
c1_invent,vae_latent16,js,0.4,4,0.0,0.0,0.0,0.0,,5
c1_invent,vae_latent16,js,0.5,5,0.0,0.0,0.0,0.0,,5
