family,space,metric,first_level_z3,max_abs_z,n_levels
c1_drop,clip_pca16,mtd_PQ,0.3,5.072303410575128,5
c1_drop,clip_pca16,mtd_QP,,1.466536218231741,5
c1_drop,clip_pca16,ntd_PQ,0.4,5.411219072625252,5
c1_drop,clip_pca16,ntd_QP,,1.9655965523341725,5
c1_drop,clip_pca16,rtd,0.1,9.709227898133062,5
c1_drop,clip_pca16,precision@1,,0.26921457803806104,5
c1_drop,clip_pca16,recall@1,0.1,26.823827157012506,5
c1_drop,clip_pca16,precision@3,,0.5847946073831558,5
c1_drop,clip_pca16,recall@3,0.1,23.69225082751656,5
c1_drop,clip_pca16,precision@10,,0.3067859955389709,5
c1_drop,clip_pca16,recall@10,0.1,63.736705025970366,5
c1_drop,clip_pca16,mmd,,,5
c1_drop,clip_pca16,frechet,0.1,77.780639211921,5
c1_drop,clip_pca16,js,,,5
c1_drop,clip_raw,mtd_PQ,0.5,3.068986536692266,5
c1_drop,clip_raw,mtd_QP,0.5,4.057619422259366,5
c1_drop,clip_raw,ntd_PQ,0.4,4.617049742499373,5
c1_drop,clip_raw,ntd_QP,,1.6173868279560701,5
c1_drop,clip_raw,rtd,0.1,4.617085687713641,5
c1_drop,clip_raw,precision@1,,0.21327767023516728,5
c1_drop,clip_raw,recall@1,0.2,16.276770550272254,5
c1_drop,clip_raw,precision@3,,0.5953476807475585,5
c1_drop,clip_raw,recall@3,0.2,21.79394819693003,5
c1_drop,clip_raw,precision@10,,0.7353910524339906,5
c1_drop,clip_raw,recall@10,0.2,23.024202345651727,5
c1_drop,clip_raw,mmd,,,5
c1_drop,clip_raw,frechet,0.1,47.86813278428137,5
c1_drop,clip_raw,js,,,5
c1_drop,dino_pca16,mtd_PQ,0.4,5.13166276195385,5
c1_drop,dino_pca16,mtd_QP,,2.8319212446609314,5
c1_drop,dino_pca16,ntd_PQ,0.4,5.076455024107611,5
c1_drop,dino_pca16,ntd_QP,,1.6226423155712466,5
c1_drop,dino_pca16,rtd,0.1,13.911789007041682,5
c1_drop,dino_pca16,precision@1,,2.675099090377571,5
c1_drop,dino_pca16,recall@1,0.2,10.468148478352864,5
c1_drop,dino_pca16,precision@3,,2.1218217784664053,5
c1_drop,dino_pca16,recall@3,0.2,15.109401002401851,5
c1_drop,dino_pca16,precision@10,,0.36901248321161545,5
c1_drop,dino_pca16,recall@10,0.2,23.635157914750003,5
c1_drop,dino_pca16,mmd,,,5
c1_drop,dino_pca16,frechet,0.1,39.58602775991995,5
c1_drop,dino_pca16,js,,,5
c1_drop,pixels_pca16,mtd_PQ,0.5,3.5046731786729466,5
c1_drop,pixels_pca16,mtd_QP,,1.8680787405428616,5
c1_drop,pixels_pca16,ntd_PQ,0.3,7.411369435594487,5
c1_drop,pixels_pca16,ntd_QP,,1.7986115907823423,5
c1_drop,pixels_pca16,rtd,0.1,21.95017484297864,5
c1_drop,pixels_pca16,precision@1,,0.5881389914889251,5
c1_drop,pixels_pca16,recall@1,0.2,21.682526754260152,5
c1_drop,pixels_pca16,precision@3,,0.6983247315758399,5
c1_drop,pixels_pca16,recall@3,0.2,27.237733917052815,5
c1_drop,pixels_pca16,precision@10,,0.3129843185743459,5
c1_drop,pixels_pca16,recall@10,0.2,43.59475112420523,5
c1_drop,pixels_pca16,mmd,,,5
c1_drop,pixels_pca16,frechet,0.1,31.218714833910592,5
c1_drop,pixels_pca16,js,,,5
c1_drop,vae_latent16,mtd_PQ,0.2,12.677019379974183,5
c1_drop,vae_latent16,mtd_QP,,2.739301905693996,5
c1_drop,vae_latent16,ntd_PQ,0.3,8.00349092165631,5
c1_drop,vae_latent16,ntd_QP,,2.334084524708593,5
c1_drop,vae_latent16,rtd,0.1,19.950711147479073,5
c1_drop,vae_latent16,precision@1,,0.41231056256176735,5
c1_drop,vae_latent16,recall@1,0.2,12.478631375742038,5
c1_drop,vae_latent16,precision@3,,1.1843731363161738,5
c1_drop,vae_latent16,recall@3,0.1,30.570142362457393,5
c1_drop,vae_latent16,precision@10,,0.8000000000000778,5
c1_drop,vae_latent16,recall@10,0.2,78.89773527534825,5
c1_drop,vae_latent16,mmd,,,5
c1_drop,vae_latent16,frechet,0.1,32.48990028159976,5
c1_drop,vae_latent16,js,,,5
c1_invent,clip_pca16,mtd_PQ,,2.7539185371925647,5
c1_invent,clip_pca16,mtd_QP,0.5,3.7606055166200716,5
c1_invent,clip_pca16,ntd_PQ,,1.7516286661633576,5
c1_invent,clip_pca16,ntd_QP,0.1,7.326188718683672,5
c1_invent,clip_pca16,rtd,0.1,7.455844710074496,5
c1_invent,clip_pca16,precision@1,0.1,18.575805884626437,5
c1_invent,clip_pca16,recall@1,,2.4500105783711943,5
c1_invent,clip_pca16,precision@3,0.1,26.002474506858462,5
c1_invent,clip_pca16,recall@3,,1.5939138845754588,5
c1_invent,clip_pca16,precision@10,0.1,35.229258487722525,5
c1_invent,clip_pca16,recall@10,,1.8715508816762116,5
c1_invent,clip_pca16,mmd,,,5
c1_invent,clip_pca16,frechet,0.1,79.18895975602993,5
c1_invent,clip_pca16,js,,,5
c1_invent,clip_raw,mtd_PQ,,2.8054646552798026,5
c1_invent,clip_raw,mtd_QP,,3.3981961258747484,5
c1_invent,clip_raw,ntd_PQ,,1.490879190943499,5
c1_invent,clip_raw,ntd_QP,0.2,6.57650021207878,5
c1_invent,clip_raw,rtd,0.1,4.531922761050108,5
c1_invent,clip_raw,precision@1,0.1,12.349792714569409,5
c1_invent,clip_raw,recall@1,,0.75878912071653,5
c1_invent,clip_raw,precision@3,0.1,37.04097961520821,5
c1_invent,clip_raw,recall@3,,1.1325734029585037,5
c1_invent,clip_raw,precision@10,0.1,48.19639820567507,5
c1_invent,clip_raw,recall@10,,1.0215516399094815,5
c1_invent,clip_raw,mmd,,,5
c1_invent,clip_raw,frechet,0.1,48.57063951442913,5
c1_invent,clip_raw,js,,,5
c1_invent,dino_pca16,mtd_PQ,,5.279631576727689,5
c1_invent,dino_pca16,mtd_QP,0.3,7.5965582671383025,5
c1_invent,dino_pca16,ntd_PQ,,0.9533317983477726,5
c1_invent,dino_pca16,ntd_QP,0.3,5.96929068528565,5
c1_invent,dino_pca16,rtd,0.1,10.333766421710019,5
c1_invent,dino_pca16,precision@1,0.2,21.556623737994073,5
c1_invent,dino_pca16,recall@1,,0.8481884408101311,5
c1_invent,dino_pca16,precision@3,0.2,41.467777800898396,5
c1_invent,dino_pca16,recall@3,,0.8047398359974922,5
c1_invent,dino_pca16,precision@10,0.2,37.17800768356398,5
c1_invent,dino_pca16,recall@10,,0.9454063165899849,5
c1_invent,dino_pca16,mmd,,,5
c1_invent,dino_pca16,frechet,0.1,38.56821713750636,5
c1_invent,dino_pca16,js,,,5
c1_invent,pixels_pca16,mtd_PQ,,1.1893795310626634,5
c1_invent,pixels_pca16,mtd_QP,0.4,4.273061438774169,5
c1_invent,pixels_pca16,ntd_PQ,,1.1297905265598989,5
c1_invent,pixels_pca16,ntd_QP,0.2,8.264978322823985,5
c1_invent,pixels_pca16,rtd,0.1,22.54354695294516,5
c1_invent,pixels_pca16,precision@1,0.1,12.982623663977717,5
c1_invent,pixels_pca16,recall@1,,1.2356916404921219,5
c1_invent,pixels_pca16,precision@3,0.1,39.455347334035324,5
c1_invent,pixels_pca16,recall@3,,0.6227085654195051,5
c1_invent,pixels_pca16,precision@10,0.1,22.900019309025524,5
c1_invent,pixels_pca16,recall@10,,1.0609342087749494,5
c1_invent,pixels_pca16,mmd,,,5
c1_invent,pixels_pca16,frechet,0.1,31.00520437997499,5
c1_invent,pixels_pca16,js,,,5
c1_invent,vae_latent16,mtd_PQ,0.3,8.43647983869979,5
c1_invent,vae_latent16,mtd_QP,0.4,4.953890778796433,5
c1_invent,vae_latent16,ntd_PQ,,1.3217923430422456,5
c1_invent,vae_latent16,ntd_QP,0.2,9.698198359288348,5
c1_invent,vae_latent16,rtd,0.1,22.648769307071774,5
c1_invent,vae_latent16,precision@1,0.1,15.085715877259897,5
c1_invent,vae_latent16,recall@1,,0.5776222025483118,5
c1_invent,vae_latent16,precision@3,0.1,34.86498420030717,5
c1_invent,vae_latent16,recall@3,,0.9874337348453527,5
c1_invent,vae_latent16,precision@10,0.1,81.80000000000008,5
c1_invent,vae_latent16,recall@10,,0.8207826816680891,5
c1_invent,vae_latent16,mmd,,,5
c1_invent,vae_latent16,frechet,0.1,33.01432141072155,5
c1_invent,vae_latent16,js,,,5
