space,metric,mean,sd,n_repeats
cifar_pixels_pca16,mtd_PQ,58235.8171875,3556.035734204559,5
cifar_pixels_pca16,mtd_QP,58166.15078125,3408.2256009126377,5
cifar_pixels_pca16,ntd_PQ,1.2534356719312048,0.058316195799462775,5
cifar_pixels_pca16,ntd_QP,1.2502310119780746,0.034802726188839145,5
cifar_pixels_pca16,rtd,35.90163879394531,0.6622411079591748,5
cifar_pixels_pca16,precision@1,0.5606,0.025205158202241028,5
cifar_pixels_pca16,recall@1,0.5544,0.018392933425639274,5
cifar_pixels_pca16,precision@3,0.8092,0.016902662512160594,5
cifar_pixels_pca16,recall@3,0.8009999999999999,0.012429802894656033,5
cifar_pixels_pca16,precision@10,0.9486000000000001,0.010163660757817506,5
cifar_pixels_pca16,recall@10,0.9426,0.007635443667528387,5
cifar_pixels_pca16,mmd,0.0,0.0,5
cifar_pixels_pca16,frechet,238.32916991804888,17.13607148898853,5
cifar_pixels_pca16,js,0.0,0.0,5
clip_pca16,mtd_PQ,4.382807064056396,0.188362066826216,5
clip_pca16,mtd_QP,4.6025725364685055,0.20859336796520028,5
clip_pca16,ntd_PQ,1.2554521458155654,0.04544383223842711,5
clip_pca16,ntd_QP,1.2225231805116699,0.037388335007279526,5
clip_pca16,rtd,40.39415054321289,0.4600775236654105,5
clip_pca16,precision@1,0.623,0.012629330940315101,5
clip_pca16,recall@1,0.6092000000000001,0.007918333157931669,5
clip_pca16,precision@3,0.8948,0.009576011695899299,5
clip_pca16,recall@3,0.8896000000000001,0.010163660757817538,5
clip_pca16,precision@10,0.9914,0.003911521443121593,5
clip_pca16,recall@10,0.9892,0.0019235384061671362,5
clip_pca16,mmd,0.0,0.0,5
clip_pca16,frechet,0.013411170942452444,0.000531599848717972,5
clip_pca16,js,0.0,0.0,5
clip_raw,mtd_PQ,3.646792697906494,0.20953506802524519,5
clip_raw,mtd_QP,3.6999269485473634,0.13873330675206733,5
clip_raw,ntd_PQ,1.2528712651330887,0.03574390946984265,5
clip_raw,ntd_QP,1.2349312707097377,0.027538877269124115,5
clip_raw,rtd,36.725888061523435,1.0190661008423165,5
clip_raw,precision@1,0.5755999999999999,0.01969263821837996,5
clip_raw,recall@1,0.5748,0.013442470011125163,5
clip_raw,precision@3,0.8478000000000001,0.00772657750883275,5
clip_raw,recall@3,0.8325999999999999,0.012361229712289966,5
clip_raw,precision@10,0.9650000000000001,0.0035355339059327407,5
clip_raw,recall@10,0.9635999999999999,0.007635443667528437,5
clip_raw,mmd,0.0,0.0,5
clip_raw,frechet,0.04509496179453072,0.0007147169209054639,5
clip_raw,js,0.0,0.0,5
dino_pca16,mtd_PQ,12.018445587158203,0.35196065349464767,5
dino_pca16,mtd_QP,11.775192832946777,0.27197412847940367,5
dino_pca16,ntd_PQ,1.2341091581616077,0.032246144120652354,5
dino_pca16,ntd_QP,1.2558282371426033,0.026040819114771623,5
dino_pca16,rtd,40.38304824829102,0.3618871065226912,5
dino_pca16,precision@1,0.6056,0.007700649323271389,5
dino_pca16,recall@1,0.631,0.018627936010197174,5
dino_pca16,precision@3,0.8966000000000001,0.004335896677735763,5
dino_pca16,recall@3,0.9024000000000001,0.012177848742696727,5
dino_pca16,precision@10,0.9921999999999999,0.002167948338867882,5
dino_pca16,recall@10,0.993,0.0038078865529319575,5
dino_pca16,mmd,0.0,0.0,5
dino_pca16,frechet,0.030211181008741927,0.002044113463143164,5
dino_pca16,js,0.0,0.0,5
pixels_pca16,mtd_PQ,44777.88515625,3593.5418801358305,5
pixels_pca16,mtd_QP,45341.9390625,2441.8662546175124,5
pixels_pca16,ntd_PQ,1.2666751556681537,0.022553141317853284,5
pixels_pca16,ntd_QP,1.256002504133948,0.01806899064519328,5
pixels_pca16,rtd,48.95676727294922,0.4409981881443411,5
pixels_pca16,precision@1,0.6308,0.018363006289820863,5
pixels_pca16,recall@1,0.6374000000000001,0.010358571330062858,5
pixels_pca16,precision@3,0.9172,0.006300793600809351,5
pixels_pca16,recall@3,0.9202,0.008671793355471528,5
pixels_pca16,precision@10,0.9932000000000001,0.003834057902536166,5
pixels_pca16,recall@10,0.9964000000000001,0.002073644135332774,5
pixels_pca16,mmd,0.0,0.0,5
pixels_pca16,frechet,120.53294677519094,8.869549444419082,5
pixels_pca16,js,0.0,0.0,5
vae_latent16,mtd_PQ,118.796923828125,2.6349147697409268,5
vae_latent16,mtd_QP,124.1626205444336,5.952888246374029,5
vae_latent16,ntd_PQ,1.2432815071359604,0.023677313131266642,5
vae_latent16,ntd_QP,1.269695077188205,0.015239879394330646,5
vae_latent16,rtd,49.73396759033203,0.4878256390141971,5
vae_latent16,precision@1,0.632,0.01649242250247066,5
vae_latent16,recall@1,0.6416000000000001,0.020082330542046178,5
vae_latent16,precision@3,0.9012,0.008105553651663785,5
vae_latent16,recall@3,0.914,0.009924716620639613,5
vae_latent16,precision@10,0.9940000000000001,0.0020000000000000018,5
vae_latent16,recall@10,0.9945999999999999,0.0019493588689617944,5
vae_latent16,mmd,0.0,0.0,5
vae_latent16,frechet,0.2966137281088848,0.018479382550445664,5
vae_latent16,js,0.0,0.0,5
