n,metric,null_mean,null_sd,z_crit,n_null_dev,degenerate,fpr_val,fpr_val_ci_low,fpr_val_ci_high,n_null_val
50,mtd_PQ,3.2103825705051423,1.959275998781146,1.8958543086714552,500,False,0.05,0.02423416547210829,0.09002753770155869,200
50,mtd_QP,33.697982614517215,6.267596665481304,1.9201862759428754,500,False,0.055,0.02777225455217507,0.09627764443388101,200
50,precision@3,0.9984000000000001,0.007426324838114895,2.4776723882432647,500,False,0.025,0.008166166190710242,0.05737435112726713,200
50,recall@3,0.44683999999999996,0.07312392643474824,1.821018187761069,500,False,0.085,0.05029591863024178,0.1326051658295526,200
50,mmd,0.1744717942485824,0.039120527097690545,1.862923967858279,500,False,0.07,0.03879557042956298,0.11465973353712218,200
50,frechet,9.0270875967862,0.6386728457908107,1.904006667015283,500,False,0.08,0.046417608399578085,0.1266648560220818,200
50,js,0.0,0.0,0.0,500,True,0.0,0.0,0.0182753403551488,200
100,mtd_PQ,12.374620852470398,4.028121825102443,1.8706825067482344,500,False,0.03,0.011087455672203695,0.06415062670502639,200
100,mtd_QP,57.29805417633057,7.377592997389076,1.9160065828801398,500,False,0.09,0.05421425445606032,0.13850820847379608,200
100,ntd_PQ,76.44142783230416,35.367450708459344,1.0492460033515654,500,False,0.07,0.03879557042956298,0.11465973353712218,200
100,ntd_QP,45.64407552484496,15.854161250289444,1.8553545683477866,500,False,0.035,0.01418552589838592,0.0707809983509546,200
100,precision@3,0.99276,0.012629386477798935,1.8021461326096417,500,False,0.045,0.020780422227004356,0.08370268807585404,200
100,recall@3,0.60894,0.05340393581676767,2.0399245548444265,500,False,0.06,0.03138395389348213,0.10246183130833159,200
100,mmd,0.10546718178570913,0.030880119915198862,2.0053393494962677,500,False,0.05,0.02423416547210829,0.09002753770155869,200
100,frechet,6.0080132424995805,0.627872189076919,1.9484513456019068,500,False,0.065,0.03506070865698193,0.10858723650381787,200
100,js,0.0,0.0,0.0,500,True,0.0,0.0,0.0182753403551488,200
250,mtd_PQ,50.30179253387451,7.646177219346518,1.9580079365537661,500,False,0.025,0.008166166190710242,0.05737435112726713,200
250,mtd_QP,113.19364302062988,11.125485330707841,1.9284689542209938,500,False,0.045,0.020780422227004356,0.08370268807585404,200
250,ntd_PQ,2.3700064869512354,0.12073040944989989,1.9229016388374578,500,False,0.085,0.05029591863024178,0.1326051658295526,200
250,ntd_QP,1.8684604405339322,0.10443879799936284,1.9519174586825332,500,False,0.065,0.03506070865698193,0.10858723650381787,200
250,precision@3,0.9687359999999999,0.014059788736628914,1.9443819896692338,500,False,0.05,0.02423416547210829,0.09002753770155869,200
250,recall@3,0.77316,0.031423132028060276,1.946336856028193,500,False,0.055,0.02777225455217507,0.09627764443388101,200
250,mmd,0.04216629319800451,0.023225034611216097,1.8155535137857461,500,False,0.09,0.05421425445606032,0.13850820847379608,200
250,frechet,3.3661156563726626,0.3935393866049495,1.8805579731802795,500,False,0.085,0.05029591863024178,0.1326051658295526,200
250,js,0.0,0.0,0.0,500,True,0.0,0.0,0.0182753403551488,200
500,mtd_PQ,119.16242837524415,10.766346359962075,1.9656270414126797,500,False,0.05,0.02423416547210829,0.09002753770155869,200
500,mtd_QP,191.44165716552735,13.715171565951447,2.003889066233543,500,False,0.025,0.008166166190710242,0.05737435112726713,200
500,ntd_PQ,1.4751326620049094,0.06422472461217477,2.016759187207051,500,False,0.04,0.01742480899482101,0.07729196822601603,200
500,ntd_QP,1.3107777031897163,0.05717107507611085,1.9025999974967371,500,False,0.07,0.03879557042956298,0.11465973353712218,200
500,precision@3,0.9464,0.011984626090331301,1.9725271209837043,500,False,0.065,0.03506070865698193,0.10858723650381787,200
500,recall@3,0.838572,0.02026796479160122,1.9453359231407945,500,False,0.05,0.02423416547210829,0.09002753770155869,200
500,mmd,0.020210269334168387,0.017202638254374684,1.6954748803097395,500,False,0.24,0.18257190389247074,0.3053062856471888,200
500,frechet,2.2078252349070535,0.2825111186402413,1.9222650347352814,500,False,0.04,0.01742480899482101,0.07729196822601603,200
500,js,0.0,0.0,0.0,500,True,0.0,0.0,0.0182753403551488,200
1000,mtd_PQ,258.9297010498047,14.861957331274555,1.8828543501666681,500,False,0.0,0.0,0.0182753403551488,200
1000,mtd_QP,338.5517266845703,16.937861889724037,1.9184160059869764,500,False,0.0,0.0,0.0182753403551488,200
1000,ntd_PQ,1.2029643704366078,0.04553683914207228,2.018256083504475,500,False,1.0,0.9817246596448512,1.0,200
1000,ntd_QP,1.139424708493337,0.042770021357724945,2.0027025674300725,500,False,0.0,0.0,0.0182753403551488,200
1000,precision@3,0.927548,0.009256081573332433,1.993500149260591,500,False,0.0,0.0,0.0182753403551488,200
1000,recall@3,0.868374,0.011754593354508697,1.9248645457732094,500,False,0.0,0.0,0.0182753403551488,200
1000,mmd,0.010445753545133623,0.010931375776036336,1.8178933410382023,500,False,0.0,0.0,0.0182753403551488,200
1000,frechet,1.4696870913224984,0.18399810588972482,1.8889793648757418,500,False,0.0,0.0,0.0182753403551488,200
1000,js,0.0,0.0,0.0,500,True,0.0,0.0,0.0182753403551488,200
