split,alpha,metric,mean,mean_z,power,n_reps,z_crit,null_sd,p_value,q_bh
dev,0.0,mtd_PQ,0.0,-11.068047078475452,1.0,30,1.9656270414126797,10.766346359962075,1.0,1.0
dev,0.0,mtd_QP,0.0,-13.958385882738519,1.0,30,2.003889066233543,13.715171565951447,1.0,1.0
dev,0.0,ntd_PQ,0.9487941381123274,-8.195263227093877,1.0,30,2.016759187207051,0.06422472461217477,1.0,1.0
dev,0.0,ntd_QP,0.9487941381123274,-6.331585764115072,1.0,30,1.9025999974967371,0.05717107507611085,1.0,1.0
dev,0.0,precision@3,1.0,-4.472396517966449,1.0,30,1.9725271209837043,0.011984626090331301,1.0,
dev,0.0,recall@3,1.0,-7.964687212153089,1.0,30,1.9453359231407945,0.02026796479160122,1.0,1.0
dev,0.0,mmd,0.0,-1.1748354545474455,0.0,30,1.6954748803097395,0.017202638254374684,1.0,1.0
dev,0.0,frechet,3.837289114591431e-08,-7.815002847154708,1.0,30,1.9222650347352814,0.2825111186402413,1.0,1.0
dev,0.0,js,0.0,0.0,0.0,30,0.0,0.0,1.0,1.0
dev,0.01,mtd_PQ,0.012870581944783528,-11.066851632823376,1.0,30,1.9656270414126797,10.766346359962075,1.0,1.0
dev,0.01,mtd_QP,1.0618855158487956,-13.880961731626552,1.0,30,2.003889066233543,13.715171565951447,1.0,1.0
dev,0.01,ntd_PQ,0.9496385662143283,-8.182115204940617,1.0,30,2.016759187207051,0.06422472461217477,1.0,1.0
dev,0.01,ntd_QP,0.9557733443047348,-6.209509938481318,1.0,30,1.9025999974967371,0.05717107507611085,1.0,1.0
dev,0.01,precision@3,0.9983333333333333,-4.333329462059534,1.0,30,1.9725271209837043,0.011984626090331301,1.0,
dev,0.01,recall@3,0.9992666666666667,-7.928505319159027,1.0,30,1.9453359231407945,0.02026796479160122,1.0,1.0
dev,0.01,mmd,0.0,-1.1748354545474455,0.0,30,1.6954748803097395,0.017202638254374684,1.0,1.0
dev,0.01,frechet,0.20218181259207546,-7.099343317747183,1.0,30,1.9222650347352814,0.2825111186402413,1.0,1.0
dev,0.01,js,0.0,0.0,0.0,30,0.0,0.0,1.0,1.0
dev,0.02,mtd_PQ,0.17807997862497965,-11.051506650305019,1.0,30,1.9656270414126797,10.766346359962075,1.0,1.0
dev,0.02,mtd_QP,3.6285111904144287,-13.693824030707288,1.0,30,2.003889066233543,13.715171565951447,1.0,1.0
dev,0.02,ntd_PQ,0.9549808174960962,-8.098934602548871,1.0,30,2.016759187207051,0.06422472461217477,1.0,1.0
dev,0.02,ntd_QP,0.9655078899053048,-6.039239472385655,1.0,30,1.9025999974967371,0.05717107507611085,1.0,1.0
dev,0.02,precision@3,0.9974666666666666,-4.261014592987936,1.0,30,1.9725271209837043,0.011984626090331301,1.0,
dev,0.02,recall@3,0.9983333333333334,-7.882455637166583,1.0,30,1.9453359231407945,0.02026796479160122,1.0,1.0
dev,0.02,mmd,0.0,-1.1748354545474455,0.0,30,1.6954748803097395,0.017202638254374684,1.0,1.0
dev,0.02,frechet,0.3315508045554546,-6.641418006398061,1.0,30,1.9222650347352814,0.2825111186402413,1.0,1.0
dev,0.02,js,0.0,0.0,0.0,30,0.0,0.0,1.0,1.0
dev,0.05,mtd_PQ,0.8626402179400127,-10.987923312334333,1.0,30,1.9656270414126797,10.766346359962075,1.0,1.0
dev,0.05,mtd_QP,12.185026852289836,-13.069951728364622,1.0,30,2.003889066233543,13.715171565951447,1.0,1.0
dev,0.05,ntd_PQ,0.9631612948045878,-7.971561891217486,1.0,30,2.016759187207051,0.06422472461217477,1.0,1.0
dev,0.05,ntd_QP,0.9845681983687619,-5.705848707252257,1.0,30,1.9025999974967371,0.05717107507611085,1.0,1.0
dev,0.05,precision@3,0.993,-3.8883148831573986,1.0,30,1.9725271209837043,0.011984626090331301,1.0,
dev,0.05,recall@3,0.9957999999999999,-7.757463643187093,1.0,30,1.9453359231407945,0.02026796479160122,1.0,1.0
dev,0.05,mmd,0.0,-1.1748354545474455,0.0,30,1.6954748803097395,0.017202638254374684,1.0,1.0
dev,0.05,frechet,0.6573867164713975,-5.488061942101989,1.0,30,1.9222650347352814,0.2825111186402413,1.0,1.0
dev,0.05,js,0.0,0.0,0.0,30,0.0,0.0,1.0,1.0
dev,0.1,mtd_PQ,3.1340908765792848,-10.776946386393499,1.0,30,1.9656270414126797,10.766346359962075,1.0,1.0
dev,0.1,mtd_QP,25.56019058227539,-12.094742365093582,1.0,30,2.003889066233543,13.715171565951447,1.0,1.0
dev,0.1,ntd_PQ,0.9840609665547668,-7.646147156065914,1.0,30,2.016759187207051,0.06422472461217477,1.0,1.0
dev,0.1,ntd_QP,1.0149051924896395,-5.175213345227669,1.0,30,1.9025999974967371,0.05717107507611085,1.0,1.0
dev,0.1,precision@3,0.9873333333333333,-3.41548689307388,0.9666666666666667,30,1.9725271209837043,0.011984626090331301,1.0,
dev,0.1,recall@3,0.9914666666666664,-7.543661548222178,1.0,30,1.9453359231407945,0.02026796479160122,1.0,1.0
dev,0.1,mmd,0.0,-1.1748354545474455,0.0,30,1.6954748803097395,0.017202638254374684,1.0,1.0
dev,0.1,frechet,1.1602652730733984,-3.7080309152856503,1.0,30,1.9222650347352814,0.2825111186402413,1.0,1.0
dev,0.1,js,0.0,0.0,0.0,30,0.0,0.0,1.0,1.0
dev,0.25,mtd_PQ,18.3341534614563,-9.36513386646551,1.0,30,1.9656270414126797,10.766346359962075,1.0,1.0
dev,0.25,mtd_QP,66.82158737182617,-9.086293175002435,1.0,30,2.003889066233543,13.715171565951447,1.0,1.0
dev,0.25,ntd_PQ,1.0765235060958611,-6.206475127917935,1.0,30,2.016759187207051,0.06422472461217477,1.0,1.0
dev,0.25,ntd_QP,1.0965241987208352,-3.747585718475674,1.0,30,1.9025999974967371,0.05717107507611085,1.0,1.0
dev,0.25,precision@3,0.9658666666666667,-1.6243032129927877,0.4,30,1.9725271209837043,0.011984626090331301,1.0,
dev,0.25,recall@3,0.9718666666666667,-6.576618226380856,1.0,30,1.9453359231407945,0.02026796479160122,1.0,1.0
dev,0.25,mmd,0.08414371945332744,3.7164909922571963,1.0,30,1.6954748803097395,0.017202638254374684,1.0,1.0
dev,0.25,frechet,2.6260701292642827,1.480454632613433,0.2,30,1.9222650347352814,0.2825111186402413,1.0,1.0
dev,0.25,js,0.0,0.0,0.0,30,0.0,0.0,1.0,1.0
dev,0.5,mtd_PQ,63.62973149617513,-5.157989072837098,1.0,30,1.9656270414126797,10.766346359962075,1.0,1.0
dev,0.5,mtd_QP,132.27247727711995,-4.314140702059705,1.0,30,2.003889066233543,13.715171565951447,1.0,1.0
dev,0.5,ntd_PQ,1.250884157861049,-3.491622665484484,1.0,30,2.016759187207051,0.06422472461217477,1.0,1.0
dev,0.5,ntd_QP,1.1980977636271748,-1.9709256719514534,0.6,30,1.9025999974967371,0.05717107507611085,1.0,1.0
dev,0.5,precision@3,0.9343333333333335,1.0068454847660808,0.5,30,1.9725271209837043,0.011984626090331301,1.0,
dev,0.5,recall@3,0.9405333333333332,-5.030664616634529,1.0,30,1.9453359231407945,0.02026796479160122,1.0,1.0
dev,0.5,mmd,0.19388746605140064,10.095962848196825,1.0,30,1.6954748803097395,0.017202638254374684,1.0,1.0
dev,0.5,frechet,5.10072156908555,10.239937982236247,1.0,30,1.9222650347352814,0.2825111186402413,1.0,1.0
dev,0.5,js,0.0,0.0,0.0,30,0.0,0.0,1.0,1.0
dev,1.0,mtd_PQ,189.20872548421224,6.506041582448988,1.0,30,1.9656270414126797,10.766346359962075,1.0,1.0
dev,1.0,mtd_QP,267.25794728597003,5.527914088122284,1.0,30,2.003889066233543,13.715171565951447,1.0,1.0
dev,1.0,ntd_PQ,1.9557939736058338,7.484054069456045,1.0,30,2.016759187207051,0.06422472461217477,1.0,1.0
dev,1.0,ntd_QP,1.3696206252240293,1.0292428812112977,0.1,30,1.9025999974967371,0.05717107507611085,1.0,1.0
dev,1.0,precision@3,0.8676666666666665,6.569527721042761,0.8666666666666667,30,1.9725271209837043,0.011984626090331301,1.0,
dev,1.0,recall@3,0.5346666666666666,14.994368524079603,1.0,30,1.9453359231407945,0.02026796479160122,1.0,1.0
dev,1.0,mmd,0.415393244368167,22.972230722257386,1.0,30,1.6954748803097395,0.017202638254374684,1.0,1.0
dev,1.0,frechet,11.114458450299361,31.526664360077003,1.0,30,1.9222650347352814,0.2825111186402413,1.0,1.0
dev,1.0,js,0.08808878956049128,88088789560.49127,0.8666666666666667,30,0.0,0.0,1.0,1.0
val,0.0,mtd_PQ,0.0,-11.068047078475452,1.0,30,1.9656270414126797,10.766346359962075,1.0,1.0
val,0.0,mtd_QP,0.0,-13.958385882738519,1.0,30,2.003889066233543,13.715171565951447,1.0,1.0
val,0.0,ntd_PQ,0.9042895226076274,-8.888214668657088,1.0,30,2.016759187207051,0.06422472461217477,1.0,1.0
val,0.0,ntd_QP,0.9042895226076274,-7.11003212785186,1.0,30,1.9025999974967371,0.05717107507611085,1.0,1.0
val,0.0,precision@3,1.0,-4.472396517966449,1.0,30,1.9725271209837043,0.011984626090331301,1.0,
val,0.0,recall@3,1.0,-7.964687212153089,1.0,30,1.9453359231407945,0.02026796479160122,1.0,1.0
val,0.0,mmd,0.0,-1.1748354545474455,0.0,30,1.6954748803097395,0.017202638254374684,1.0,1.0
val,0.0,frechet,7.016203502612265e-08,-7.815002734631194,1.0,30,1.9222650347352814,0.2825111186402413,1.0,1.0
val,0.0,js,0.0,0.0,0.0,30,0.0,0.0,1.0,1.0
val,0.01,mtd_PQ,0.07320327758789062,-11.061247810168414,1.0,30,1.9656270414126797,10.766346359962075,1.0,1.0
val,0.01,mtd_QP,0.2600483576456706,-13.939425248057779,1.0,30,2.003889066233543,13.715171565951447,1.0,1.0
val,0.01,ntd_PQ,0.9081237242083783,-8.828514893783096,1.0,30,2.016759187207051,0.06422472461217477,1.0,1.0
val,0.01,ntd_QP,0.9181141184034085,-6.868221111054732,1.0,30,1.9025999974967371,0.05717107507611085,1.0,1.0
val,0.01,precision@3,0.999550763701707,-4.434912136320379,1.0,30,1.9725271209837043,0.011984626090331301,1.0,
val,0.01,recall@3,0.999191374663073,-7.924790491135377,1.0,30,1.9453359231407945,0.02026796479160122,1.0,1.0
val,0.01,mmd,0.0,-1.1748354545474455,0.0,30,1.6954748803097395,0.017202638254374684,1.0,1.0
val,0.01,frechet,0.2320258070729519,-6.993705017122368,1.0,30,1.9222650347352814,0.2825111186402413,1.0,1.0
val,0.01,js,0.0,0.0,0.0,30,0.0,0.0,1.0,1.0
val,0.02,mtd_PQ,0.10216584205627441,-11.05855770867065,1.0,30,1.9656270414126797,10.766346359962075,1.0,1.0
val,0.02,mtd_QP,1.4784369468688965,-13.850590151583459,1.0,30,2.003889066233543,13.715171565951447,1.0,1.0
val,0.02,ntd_PQ,0.913667486996491,-8.742196691229443,1.0,30,2.016759187207051,0.06422472461217477,1.0,1.0
val,0.02,ntd_QP,0.9271144576580121,-6.7107929143230045,1.0,30,1.9025999974967371,0.05717107507611085,1.0,1.0
val,0.02,precision@3,0.9992812219227314,-4.412421507332738,1.0,30,1.9725271209837043,0.011984626090331301,1.0,
val,0.02,recall@3,0.9986522911051214,-7.898192677123569,1.0,30,1.9453359231407945,0.02026796479160122,1.0,1.0
val,0.02,mmd,0.0,-1.1748354545474455,0.0,30,1.6954748803097395,0.017202638254374684,1.0,1.0
val,0.02,frechet,0.3275256145912272,-6.655665905679289,1.0,30,1.9222650347352814,0.2825111186402413,1.0,1.0
val,0.02,js,0.0,0.0,0.0,30,0.0,0.0,1.0,1.0
val,0.05,mtd_PQ,0.8981248537699381,-10.98462742767267,1.0,30,1.9656270414126797,10.766346359962075,1.0,1.0
val,0.05,mtd_QP,8.031127468744915,-13.372820661762209,1.0,30,2.003889066233543,13.715171565951447,1.0,1.0
val,0.05,ntd_PQ,0.9358666002762566,-8.396549225810618,1.0,30,2.016759187207051,0.06422472461217477,1.0,1.0
val,0.05,ntd_QP,0.9574517171501439,-6.180152910593612,1.0,30,1.9025999974967371,0.05717107507611085,1.0,1.0
val,0.05,precision@3,0.9976639712488768,-4.277477733406888,1.0,30,1.9725271209837043,0.011984626090331301,1.0,
val,0.05,recall@3,0.9960467205750224,-7.769636576066497,1.0,30,1.9453359231407945,0.02026796479160122,1.0,1.0
val,0.05,mmd,0.0,-1.1748354545474455,0.0,30,1.6954748803097395,0.017202638254374684,1.0,1.0
val,0.05,frechet,0.6778864298212999,-5.415499441027704,1.0,30,1.9222650347352814,0.2825111186402413,1.0,1.0
val,0.05,js,0.0,0.0,0.0,30,0.0,0.0,1.0,1.0
val,0.1,mtd_PQ,2.0463069677352905,-10.877981953379265,1.0,30,1.9656270414126797,10.766346359962075,1.0,1.0
val,0.1,mtd_QP,18.099751536051432,-12.638697576324352,1.0,30,2.003889066233543,13.715171565951447,1.0,1.0
val,0.1,ntd_PQ,0.9724343282811532,-7.8271777224660175,1.0,30,2.016759187207051,0.06422472461217477,1.0,1.0
val,0.1,ntd_QP,0.9963638373785929,-5.499526909141557,1.0,30,1.9025999974967371,0.05717107507611085,1.0,1.0
val,0.1,precision@3,0.9947888589398023,-4.0375776908720455,1.0,30,1.9725271209837043,0.011984626090331301,1.0,
val,0.1,recall@3,0.991015274034142,-7.521390311956287,1.0,30,1.9453359231407945,0.02026796479160122,1.0,1.0
val,0.1,mmd,0.0,-1.1748354545474455,0.0,30,1.6954748803097395,0.017202638254374684,1.0,1.0
val,0.1,frechet,1.166099452037397,-3.6873797671394875,1.0,30,1.9222650347352814,0.2825111186402413,1.0,1.0
val,0.1,js,0.0,0.0,0.0,30,0.0,0.0,1.0,1.0
val,0.25,mtd_PQ,12.067507727940876,-9.94719258202191,1.0,30,1.9656270414126797,10.766346359962075,1.0,1.0
val,0.25,mtd_QP,50.531074651082356,-10.274066338641493,1.0,30,2.003889066233543,13.715171565951447,1.0,1.0
val,0.25,ntd_PQ,1.1097340372039781,-5.689376279956445,1.0,30,2.016759187207051,0.06422472461217477,1.0,1.0
val,0.25,ntd_QP,1.1161197735324806,-3.404832415599786,1.0,30,1.9025999974967371,0.05717107507611085,1.0,1.0
val,0.25,precision@3,0.9886792452830188,-3.527790100485505,1.0,30,1.9725271209837043,0.011984626090331301,1.0,
val,0.25,recall@3,0.9750224618149146,-6.732321829605982,1.0,30,1.9453359231407945,0.02026796479160122,1.0,1.0
val,0.25,mmd,0.0792928218634322,3.434505315532309,1.0,30,1.6954748803097395,0.017202638254374684,1.0,1.0
val,0.25,frechet,2.6520076332107236,1.572265192393132,0.3,30,1.9222650347352814,0.2825111186402413,1.0,1.0
val,0.25,js,0.0,0.0,0.0,30,0.0,0.0,1.0,1.0
val,0.5,mtd_PQ,41.23531023661295,-7.238028160455583,1.0,30,1.9656270414126797,10.766346359962075,1.0,1.0
val,0.5,mtd_QP,103.41010284423828,-6.418552906755106,1.0,30,2.003889066233543,13.715171565951447,1.0,1.0
val,0.5,ntd_PQ,1.3763889361737067,-1.5374721561818427,0.3,30,2.016759187207051,0.06422472461217477,1.0,1.0
val,0.5,ntd_QP,1.2796242570556824,-0.5449162201692906,0.03333333333333333,30,1.9025999974967371,0.05717107507611085,1.0,1.0
val,0.5,precision@3,0.9768194070080863,-2.5382024250292754,0.7666666666666667,30,1.9725271209837043,0.011984626090331301,1.0,
val,0.5,recall@3,0.9362982929020663,-4.821712189757765,1.0,30,1.9453359231407945,0.02026796479160122,1.0,1.0
val,0.5,mmd,0.19239168208387916,10.009012001162988,1.0,30,1.6954748803097395,0.017202638254374684,1.0,1.0
val,0.5,frechet,5.1626295540836,10.459072667256079,1.0,30,1.9222650347352814,0.2825111186402413,1.0,1.0
val,0.5,js,0.0,0.0,0.0,30,0.0,0.0,1.0,1.0
val,1.0,mtd_PQ,115.43537928263346,-0.34617584907638677,0.0,30,1.9656270414126797,10.766346359962075,1.0,1.0
val,1.0,mtd_QP,211.74342864354452,1.4802418898219092,0.23333333333333334,30,2.003889066233543,13.715171565951447,1.0,1.0
val,1.0,ntd_PQ,2.367825712832835,13.899523216403209,1.0,30,2.016759187207051,0.06422472461217477,1.0,1.0
val,1.0,ntd_QP,1.5457201651845411,4.109463774783676,0.9666666666666667,30,1.9025999974967371,0.05717107507611085,1.0,1.0
val,1.0,precision@3,0.953998203054807,-0.6339958374089569,0.2,30,1.9725271209837043,0.011984626090331301,1.0,
val,1.0,recall@3,0.451392632524708,19.10302151386364,1.0,30,1.9453359231407945,0.02026796479160122,1.0,1.0
val,1.0,mmd,0.4144744141013133,22.91881855063502,1.0,30,1.6954748803097395,0.017202638254374684,1.0,1.0
val,1.0,frechet,11.528073433675923,32.99073057228795,1.0,30,1.9222650347352814,0.2825111186402413,1.0,1.0
val,1.0,js,0.0415032497026568,41503249702.65681,0.6666666666666666,30,0.0,0.0,1.0,1.0
test,0.0,mtd_PQ,0.0,-11.068047078475452,1.0,30,1.9656270414126797,10.766346359962075,1.0,1.0
test,0.0,mtd_QP,0.0,-13.958385882738519,1.0,30,2.003889066233543,13.715171565951447,1.0,1.0
test,0.0,ntd_PQ,1.0241629788472741,-7.0217456886553204,1.0,30,2.016759187207051,0.06422472461217477,1.0,1.0
test,0.0,ntd_QP,1.0241629788472741,-5.013282047886345,1.0,30,1.9025999974967371,0.05717107507611085,1.0,1.0
test,0.0,precision@3,1.0,-4.472396517966449,1.0,30,1.9725271209837043,0.011984626090331301,1.0,
test,0.0,recall@3,1.0,-7.964687212153089,1.0,30,1.9453359231407945,0.02026796479160122,1.0,1.0
test,0.0,mmd,0.0,-1.1748354545474455,0.0,30,1.6954748803097395,0.017202638254374684,1.0,1.0
test,0.0,frechet,4.194511467241738e-08,-7.815002834510168,1.0,30,1.9222650347352814,0.2825111186402413,1.0,1.0
test,0.0,js,0.0,0.0,0.0,30,0.0,0.0,1.0,1.0
test,0.01,mtd_PQ,0.0035680611928304035,-11.067715669743695,1.0,30,1.9656270414126797,10.766346359962075,1.0,1.0
test,0.01,mtd_QP,1.3768073399861653,-13.858000165114388,1.0,30,2.003889066233543,13.715171565951447,1.0,1.0
test,0.01,ntd_PQ,1.0289315969429242,-6.947496742873591,1.0,30,2.016759187207051,0.06422472461217477,1.0,1.0
test,0.01,ntd_QP,1.0355223738698185,-4.814590751505732,1.0,30,1.9025999974967371,0.05717107507611085,1.0,1.0
test,0.01,precision@3,0.9979057591623036,-4.297652573371371,1.0,30,1.9725271209837043,0.011984626090331301,1.0,
test,0.01,recall@3,0.9989528795811518,-7.913023395407641,1.0,30,1.9453359231407945,0.02026796479160122,1.0,1.0
test,0.01,mmd,0.0,-1.1748354545474455,0.0,30,1.6954748803097395,0.017202638254374684,1.0,1.0
test,0.01,frechet,0.222913644722647,-7.025959189609916,1.0,30,1.9222650347352814,0.2825111186402413,1.0,1.0
test,0.01,js,0.0,0.0,0.0,30,0.0,0.0,1.0,1.0
test,0.02,mtd_PQ,0.16653401056925457,-11.052579063143106,1.0,30,1.9656270414126797,10.766346359962075,1.0,1.0
test,0.02,mtd_QP,3.8294593493143716,-13.679172507178496,1.0,30,2.003889066233543,13.715171565951447,1.0,1.0
test,0.02,ntd_PQ,1.035517607185833,-6.844950406044961,1.0,30,2.016759187207051,0.06422472461217477,1.0,1.0
test,0.02,ntd_QP,1.0462545534023502,-4.626870308640937,1.0,30,1.9025999974967371,0.05717107507611085,1.0,1.0
test,0.02,precision@3,0.9960732984293194,-4.144751621850678,1.0,30,1.9725271209837043,0.011984626090331301,1.0,
test,0.02,recall@3,0.9975567190226877,-7.8441383064137105,1.0,30,1.9453359231407945,0.02026796479160122,1.0,1.0
test,0.02,mmd,0.0,-1.1748354545474455,0.0,30,1.6954748803097395,0.017202638254374684,1.0,1.0
test,0.02,frechet,0.3458451376777345,-6.590820588529945,1.0,30,1.9222650347352814,0.2825111186402413,1.0,1.0
test,0.02,js,0.0,0.0,0.0,30,0.0,0.0,1.0,1.0
test,0.05,mtd_PQ,0.49176157315572105,-11.02237127010796,1.0,30,1.9656270414126797,10.766346359962075,1.0,1.0
test,0.05,mtd_QP,11.360275650024414,-13.130085952592108,1.0,30,2.003889066233543,13.715171565951447,1.0,1.0
test,0.05,ntd_PQ,1.0538590224205027,-6.559368562835199,1.0,30,2.016759187207051,0.06422472461217477,1.0,1.0
test,0.05,ntd_QP,1.0741919267664362,-4.138207583190967,1.0,30,1.9025999974967371,0.05717107507611085,1.0,1.0
test,0.05,precision@3,0.9907504363001746,-3.7006107626715194,1.0,30,1.9725271209837043,0.011984626090331301,1.0,
test,0.05,recall@3,0.9947643979057593,-7.706368128425847,1.0,30,1.9453359231407945,0.02026796479160122,1.0,1.0
test,0.05,mmd,0.0,-1.1748354545474455,0.0,30,1.6954748803097395,0.017202638254374684,1.0,1.0
test,0.05,frechet,0.660003301336397,-5.478800059321643,1.0,30,1.9222650347352814,0.2825111186402413,1.0,1.0
test,0.05,js,0.0,0.0,0.0,30,0.0,0.0,1.0,1.0
test,0.1,mtd_PQ,2.7080366293589275,-10.816519165586703,1.0,30,1.9656270414126797,10.766346359962075,1.0,1.0
test,0.1,mtd_QP,22.291214338938396,-12.333089820509462,1.0,30,2.003889066233543,13.715171565951447,1.0,1.0
test,0.1,ntd_PQ,1.077791575804782,-6.186730867174769,1.0,30,2.016759187207051,0.06422472461217477,1.0,1.0
test,0.1,ntd_QP,1.114276836818844,-3.4370678897648377,1.0,30,1.9025999974967371,0.05717107507611085,1.0,1.0
test,0.1,precision@3,0.9832460732984294,-3.0744449612058182,0.9333333333333333,30,1.9725271209837043,0.011984626090331301,1.0,
test,0.1,recall@3,0.9903141361256546,-7.486796907257686,1.0,30,1.9453359231407945,0.02026796479160122,1.0,1.0
test,0.1,mmd,0.0,-1.1748354545474455,0.0,30,1.6954748803097395,0.017202638254374684,1.0,1.0
test,0.1,frechet,1.1587611226060064,-3.71335513216825,1.0,30,1.9222650347352814,0.2825111186402413,1.0,1.0
test,0.1,js,0.0,0.0,0.0,30,0.0,0.0,1.0,1.0
test,0.25,mtd_PQ,13.26008371512095,-9.836423715100171,1.0,30,1.9656270414126797,10.766346359962075,1.0,1.0
test,0.25,mtd_QP,52.687007141113284,-10.116873081549254,1.0,30,2.003889066233543,13.715171565951447,1.0,1.0
test,0.25,ntd_PQ,1.1783980421352784,-4.62025523125031,1.0,30,2.016759187207051,0.06422472461217477,1.0,1.0
test,0.25,ntd_QP,1.2128318155496685,-1.7132070283432916,0.3333333333333333,30,1.9025999974967371,0.05717107507611085,1.0,1.0
test,0.25,precision@3,0.9567190226876091,-0.8610216630014844,0.26666666666666666,30,1.9725271209837043,0.011984626090331301,1.0,
test,0.25,recall@3,0.97521815008726,-6.741976882510792,1.0,30,1.9453359231407945,0.02026796479160122,1.0,1.0
test,0.25,mmd,0.0801623102987354,3.485049215973368,1.0,30,1.6954748803097395,0.017202638254374684,1.0,1.0
test,0.25,frechet,2.623214636468753,1.4703470913270482,0.2,30,1.9222650347352814,0.2825111186402413,1.0,1.0
test,0.25,js,0.0,0.0,0.0,30,0.0,0.0,1.0,1.0
test,0.5,mtd_PQ,46.51176846822103,-6.747940060445193,1.0,30,1.9656270414126797,10.766346359962075,1.0,1.0
test,0.5,mtd_QP,96.63357391357422,-6.912642893021601,1.0,30,2.003889066233543,13.715171565951447,1.0,1.0
test,0.5,ntd_PQ,1.4002363119862111,-1.1661607032151375,0.16666666666666666,30,2.016759187207051,0.06422472461217477,1.0,1.0
test,0.5,ntd_QP,1.3498542185994684,0.6835014971652563,0.03333333333333333,30,1.9025999974967371,0.05717107507611085,1.0,1.0
test,0.5,precision@3,0.91282722513089,2.8013201758037125,0.8333333333333334,30,1.9725271209837043,0.011984626090331301,1.0,
test,0.5,recall@3,0.937696335078534,-4.890690115798859,1.0,30,1.9453359231407945,0.02026796479160122,1.0,1.0
test,0.5,mmd,0.1889010930496407,9.806101902001435,1.0,30,1.6954748803097395,0.017202638254374684,1.0,1.0
test,0.5,frechet,4.990454345182334,9.84962688781435,1.0,30,1.9222650347352814,0.2825111186402413,1.0,1.0
test,0.5,js,0.0,0.0,0.0,30,0.0,0.0,1.0,1.0
test,1.0,mtd_PQ,143.64857330322266,2.2743226076243834,0.5666666666666667,30,1.9656270414126797,10.766346359962075,1.0,1.0
test,1.0,mtd_QP,191.60320790608725,0.011778980655330559,0.0,30,2.003889066233543,13.715171565951447,1.0,1.0
test,1.0,ntd_PQ,2.236522161156879,11.855083906358734,1.0,30,2.016759187207051,0.06422472461217477,1.0,1.0
test,1.0,ntd_QP,1.5606580774003143,4.370748212685625,1.0,30,1.9025999974967371,0.05717107507611085,1.0,1.0
test,1.0,precision@3,0.8262652705061082,10.024069885733645,0.8666666666666667,30,1.9725271209837043,0.011984626090331301,1.0,
test,1.0,recall@3,0.5275741710296684,15.344304776168778,1.0,30,1.9453359231407945,0.02026796479160122,1.0,1.0
test,1.0,mmd,0.40963415446200224,22.63745126455617,1.0,30,1.6954748803097395,0.017202638254374684,1.0,1.0
test,1.0,frechet,10.851673185956907,30.59648764488667,1.0,30,1.9222650347352814,0.2825111186402413,1.0,1.0
test,1.0,js,0.031263980195822,31263980195.822,0.6666666666666666,30,0.0,0.0,1.0,1.0
