split,metric,alpha,mean,sd,mean_z,power,n_reps,degenerate
dev,mtd_PQ,0.0,163.6570785522461,14.55355284823672,0.028052474727797948,0.1,10,False
dev,mtd_QP,0.0,154.07720031738282,11.568351399659853,-0.8259188401355051,0.0,10,False
dev,ntd_PQ,0.0,1.4181592844405098,0.05964885936557892,0.5344843783029175,0.1,10,False
dev,ntd_QP,0.0,1.3789193976688918,0.06131124375884986,-0.39115659508732253,0.1,10,False
dev,precision@1,0.0,0.6288,0.0208955072257704,-0.1668112709158884,0.0,10,False
dev,recall@1,0.0,0.6194,0.024998666631109237,0.16551690987242146,0.0,10,False
dev,precision@3,0.0,0.9014000000000001,0.016998039102594564,0.38143815156022864,0.1,10,False
dev,recall@3,0.0,0.9057999999999999,0.017573970651063607,0.14163202839303204,0.1,10,False
dev,precision@10,0.0,0.9949999999999999,0.002867441755680878,-0.3933616769528063,0.0,10,False
dev,recall@10,0.0,0.9937999999999999,0.003705851229249949,0.00414391534088989,0.0,10,False
dev,mmd,0.0,0.016972649183589105,0.02018562432758864,0.7842786704562694,0.2,10,False
dev,frechet,0.0,2.016977200358772,0.34316013346066077,0.20538488822444506,0.3,10,False
dev,js,0.0,0.0,0.0,0.0,0.0,10,True
dev,mtd_PQ,0.05,165.10528869628905,15.013989917881819,0.1397864811575647,0.1,10,False
dev,mtd_QP,0.05,165.64027252197266,11.743786196308372,0.08036980593768832,0.0,10,False
dev,ntd_PQ,0.05,1.4073167339850716,0.04960593896583796,0.3253843388190606,0.1,10,False
dev,ntd_QP,0.05,1.398468222825749,0.059253977142259516,-0.006803091561658682,0.1,10,False
dev,precision@1,0.05,0.6186,0.01569288586164658,0.17873604089200307,0.0,10,False
dev,recall@1,0.05,0.6204000000000001,0.02770960523396578,0.13331517643420782,0.0,10,False
dev,precision@3,0.05,0.8946000000000002,0.02061391116050843,0.8016875732403237,0.2,10,False
dev,recall@3,0.05,0.906,0.016891812612426584,0.1293588890175527,0.1,10,False
dev,precision@10,0.05,0.9934,0.0034058772731852833,0.03771961285848372,0.0,10,False
dev,recall@10,0.05,0.9937999999999999,0.004467164151400258,0.00414391534088987,0.1,10,False
dev,mmd,0.05,0.016381313499017634,0.019829191983576265,0.7362132099018328,0.2,10,False
dev,frechet,0.05,2.0314829220654604,0.3336851067293829,0.2592124765921174,0.2,10,False
dev,js,0.05,0.0,0.0,0.0,0.0,10,True
dev,mtd_PQ,0.1,166.13957977294922,14.492282063564057,0.21958531856052063,0.1,10,False
dev,mtd_QP,0.1,174.29538116455078,13.752591935902208,0.7587385434592717,0.2,10,False
dev,ntd_PQ,0.1,1.4035066547802515,0.053584048738305905,0.2519064504348831,0.1,10,False
dev,ntd_QP,0.1,1.4131869151941439,0.06072452766997329,0.28258417001117625,0.1,10,False
dev,precision@1,0.1,0.6104,0.013192590513028318,0.456528977835602,0.0,10,False
dev,recall@1,0.1,0.619,0.02861623470844636,0.17839760324770693,0.0,10,False
dev,precision@3,0.1,0.8906000000000001,0.01881016273779211,1.0488931154050856,0.3,10,False
dev,recall@3,0.1,0.9024000000000001,0.01861421201364402,0.35027539777618183,0.1,10,False
dev,precision@10,0.1,0.9917999999999999,0.004366539438350088,0.46880090266977376,0.1,10,False
dev,recall@10,0.1,0.9924,0.0049710271686152704,0.3667365076678866,0.1,10,False
dev,mmd,0.1,0.028660432256861525,0.020825619514924787,1.7342952024101943,0.3,10,False
dev,frechet,0.1,2.1509861234464203,0.33888012674383583,0.7026629482489173,0.3,10,False
dev,js,0.1,0.0,0.0,0.0,0.0,10,True
dev,mtd_PQ,0.15,166.19025573730468,13.484130734895578,0.22349512995800289,0.1,10,False
dev,mtd_QP,0.15,179.6377685546875,14.98103007583987,1.1774633381279087,0.3,10,False
dev,ntd_PQ,0.15,1.3968718531997504,0.045972342913746696,0.1239534122496215,0.0,10,False
dev,ntd_QP,0.15,1.4300462634958775,0.05375270174450381,0.614059311608518,0.1,10,False
dev,precision@1,0.15,0.6024,0.014960689229518227,0.7275464772927718,0.0,10,False
dev,recall@1,0.15,0.6184000000000001,0.028076087096792317,0.19771864331063516,0.0,10,False
dev,precision@3,0.15,0.8863999999999999,0.01770875489694294,1.308458934678086,0.3,10,False
dev,recall@3,0.15,0.9054,0.0194833262047321,0.16617830714399093,0.1,10,False
dev,precision@10,0.15,0.9908000000000001,0.004442221666388719,0.73822670880183,0.1,10,False
dev,recall@10,0.15,0.9916,0.004695151163109074,0.5739322747118847,0.1,10,False
dev,mmd,0.15,0.046474733893694734,0.01319555832263555,3.182292735741122,0.8,10,False
dev,frechet,0.15,2.324212702080216,0.27513882969423875,1.3454692254947198,0.4,10,False
dev,js,0.15,0.0,0.0,0.0,0.0,10,True
dev,mtd_PQ,0.25,170.3423599243164,15.979007106644122,0.5438431387307296,0.2,10,False
dev,mtd_QP,0.25,190.44012603759765,13.19398749362359,2.0241288059522136,0.6,10,False
dev,ntd_PQ,0.25,1.4101031233111572,0.0371385676247593,0.3791202306183595,0.0,10,False
dev,ntd_QP,0.25,1.4513469871732403,0.055416400515024486,1.032857255082615,0.2,10,False
dev,precision@1,0.25,0.5838,0.01601249512099845,1.357662163530691,0.2,10,False
dev,recall@1,0.25,0.6198,0.02810219445761015,0.152636216497136,0.1,10,False
dev,precision@3,0.25,0.8744,0.020865708178199428,2.0500755611723718,0.6,10,False
dev,recall@3,0.25,0.9028,0.01575365918692474,0.32572911902522306,0.0,10,False
dev,precision@10,0.25,0.9896,0.005796550698475781,1.0615376761602975,0.2,10,False
dev,recall@10,0.25,0.9896,0.004880801391392838,1.0919216923218802,0.1,10,False
dev,mmd,0.25,0.08035509222179767,0.009380807757001335,5.936185438782945,1.0,10,False
dev,frechet,0.25,2.791256414021958,0.2186188742366425,3.078567183972562,1.0,10,False
dev,js,0.25,0.0,0.0,0.0,0.0,10,True
dev,mtd_PQ,0.5,186.1699691772461,15.27793525014084,1.7649933988011426,0.6,10,False
dev,mtd_QP,0.5,219.68492584228517,8.668720843349654,4.316273103827586,1.0,10,False
dev,ntd_PQ,0.5,1.4738872992736105,0.046135260142147555,1.609206617304699,0.5,10,False
dev,ntd_QP,0.5,1.4901869404812005,0.05403317092798112,1.79649762788791,0.6,10,False
dev,precision@1,0.5,0.5351999999999999,0.031086974764360724,3.0040934727329947,0.9,10,False
dev,recall@1,0.5,0.585,0.022808380526074663,1.2732565401469724,0.2,10,False
dev,precision@3,0.5,0.8427999999999999,0.038043250240862546,4.00299934427399,0.9,10,False
dev,recall@3,0.5,0.8844,0.023471969097911966,1.454857941569328,0.3,10,False
dev,precision@10,0.5,0.9833999999999999,0.010112698288126016,2.7319776741790465,0.6,10,False
dev,recall@10,0.5,0.9868,0.0031552425509864647,1.817106876975873,0.4,10,False
dev,mmd,0.5,0.17081621645581313,0.00975031514169696,13.289125083768216,1.0,10,False
dev,frechet,0.5,4.501894532118975,0.18213398524330648,9.426374368534612,1.0,10,False
dev,js,0.5,0.0,0.0,0.0,0.0,10,True
dev,mtd_PQ,0.75,201.66348571777343,10.485054358668947,2.9603673463458824,0.9,10,False
dev,mtd_QP,0.75,242.1206268310547,14.273347852924815,6.074734930671829,1.0,10,False
dev,ntd_PQ,0.75,1.5901413967535125,0.07030039433242857,3.851182476500753,0.9,10,False
dev,ntd_QP,0.75,1.5101221004154837,0.0509845095545724,2.1884469395527395,0.6,10,False
dev,precision@1,0.75,0.47759999999999997,0.05490840858496387,4.955419468824616,0.9,10,False
dev,recall@1,0.75,0.5555999999999999,0.02783762441971893,2.2199875032304535,0.6,10,False
dev,precision@3,0.75,0.8008000000000001,0.05175326076683478,6.598657537003987,1.0,10,False
dev,recall@3,0.75,0.8566,0.020200110010701555,3.1608243147609647,0.9,10,False
dev,precision@10,0.75,0.977,0.0140237893119751,4.456302833424206,0.7,10,False
dev,recall@10,0.75,0.9753999999999999,0.010156552345927024,4.769646557352846,0.9,10,False
dev,mmd,0.75,0.2630613382470487,0.01428533683214082,20.787073167197242,1.0,10,False
dev,frechet,0.75,6.513156039770261,0.34520929276365403,16.889729775641165,1.0,10,False
dev,js,0.75,0.0,0.0,0.0,0.0,10,True
dev,mtd_PQ,1.0,208.39051361083983,13.771670816080688,3.479378886866345,1.0,10,False
dev,mtd_QP,1.0,278.64547595977785,13.936268904179787,8.937473784084734,1.0,10,False
dev,ntd_PQ,1.0,1.87338466754667,0.053594146128846006,9.313566935747643,1.0,10,False
dev,ntd_QP,1.0,1.4989454971701437,0.04007303927673262,1.9687014264390803,0.6,10,False
dev,precision@1,1.0,0.4358000000000001,0.07782287581424885,6.3714859034883276,0.9,10,False
dev,recall@1,1.0,0.296,0.06475252032846975,10.579557503790722,1.0,10,False
dev,precision@3,1.0,0.774,0.06719126927411526,8.254934669507888,1.0,10,False
dev,recall@3,1.0,0.5726,0.08732086424980766,20.588682227941693,1.0,10,False
dev,precision@10,1.0,0.9713999999999998,0.019414771009036727,5.965087347763719,0.7,10,False
dev,recall@10,1.0,0.8455999999999999,0.04817375957003056,38.3871597602415,1.0,10,False
dev,mmd,1.0,0.359849900720265,0.013996145619787917,28.654325141088115,1.0,10,False
dev,frechet,1.0,9.122393678450223,0.3788574406490221,26.57204496189906,1.0,10,False
dev,js,1.0,0.13029438452320666,0.06871898246921525,130294384523.20663,0.9,10,True
heldout,mtd_PQ,0.0,160.9014015197754,14.036693999891357,-0.18455674951425138,0.0,4,False
heldout,mtd_QP,0.0,158.87479782104492,8.868712403005404,-0.4498935011021495,0.0,4,False
heldout,ntd_PQ,0.0,1.4105669942872492,0.046422000601326105,0.3880660445958848,0.0,4,False
heldout,ntd_QP,0.0,1.3973096181760236,0.05159132206114819,-0.0295826577376318,0.0,4,False
heldout,precision@1,0.0,0.5985,0.030653982884229995,0.8596675082781411,0.25,4,False
heldout,recall@1,0.0,0.6155,0.030391884881768493,0.2911036702814549,0.25,4,False
heldout,precision@3,0.0,0.897,0.016693312034065235,0.6533642479414667,0.25,4,False
heldout,recall@3,0.0,0.896,0.01356465996625055,0.7430158577915226,0.0,4,False
heldout,precision@10,0.0,0.9894999999999999,0.0050000000000000044,1.0884802567735032,0.25,4,False
heldout,recall@10,0.0,0.9865,0.004434711565216695,1.8948052896173726,0.5,4,False
heldout,mmd,0.0,0.007959345853716734,0.015918691707433468,0.05165152318524652,0.0,4,False
heldout,frechet,0.0,1.9358720411290846,0.186533619943523,-0.09557877382465389,0.0,4,False
heldout,js,0.0,0.0,0.0,0.0,0.0,4,True
heldout,mtd_PQ,0.05,160.94451904296875,14.662816125553444,-0.18123009582829333,0.0,4,False
heldout,mtd_QP,0.05,165.8798065185547,14.139737636466291,0.0991439636710163,0.0,4,False
heldout,ntd_PQ,0.05,1.4091583235411473,0.04388764606377806,0.36089964035914457,0.0,4,False
heldout,ntd_QP,0.05,1.4180745605359875,0.04681500285080291,0.37868117819734615,0.0,4,False
heldout,precision@1,0.05,0.5895,0.032429410519876335,1.164562195167457,0.25,4,False
heldout,recall@1,0.05,0.6095,0.03304037933599832,0.4843140709107362,0.25,4,False
heldout,precision@3,0.05,0.8885,0.017990738358018198,1.178676025041586,0.25,4,False
heldout,recall@3,0.05,0.8915,0.018859126879754197,1.019161493739809,0.25,4,False
heldout,precision@10,0.05,0.9884999999999999,0.004123105625617665,1.3579060629055595,0.25,4,False
heldout,recall@10,0.05,0.9895,0.003415650255319869,1.1178211632023798,0.0,4,False
heldout,mmd,0.05,0.008270821197224647,0.016541642394449295,0.07696913250204024,0.0,4,False
heldout,frechet,0.05,1.9320183614633177,0.19112362146154732,-0.10987894357450606,0.0,4,False
heldout,js,0.05,0.0,0.0,0.0,0.0,4,True
heldout,mtd_PQ,0.1,162.48736190795898,11.681672003944014,-0.06219487479629379,0.0,4,False
heldout,mtd_QP,0.1,174.57229232788086,11.505033975000359,0.7804422428616979,0.0,4,False
heldout,ntd_PQ,0.1,1.3972413897609461,0.03785315965169147,0.131079974385926,0.0,4,False
heldout,ntd_QP,0.1,1.440767087290388,0.04163668749587384,0.8248436504646086,0.25,4,False
heldout,precision@1,0.1,0.581,0.021322914122292605,1.4525182883407002,0.25,4,False
heldout,recall@1,0.1,0.6104999999999999,0.02264950330581227,0.45211233747252344,0.0,4,False
heldout,precision@3,0.1,0.8785,0.018064698539785654,1.7966898804534908,0.5,4,False
heldout,recall@3,0.1,0.8935000000000001,0.02028957039137762,0.896430099985015,0.5,4,False
heldout,precision@10,0.1,0.9864999999999999,0.004123105625617665,1.8967576751696718,0.25,4,False
heldout,recall@10,0.1,0.9874999999999999,0.005972157622389645,1.635810580812375,0.25,4,False
heldout,mmd,0.1,0.014696285059584322,0.014701182250229632,0.5992492652222906,0.25,4,False
heldout,frechet,0.1,2.0987084149674926,0.12546707373344476,0.5086717060543731,0.0,4,False
heldout,js,0.1,0.0,0.0,0.0,0.0,4,True
heldout,mtd_PQ,0.15,165.35629653930664,14.124876195985905,0.15915253245958888,0.0,4,False
heldout,mtd_QP,0.15,179.37158203125,11.804457837111745,1.1566002128562927,0.25,4,False
heldout,ntd_PQ,0.15,1.395375418589888,0.04691760401005561,0.09509447013140829,0.0,4,False
heldout,ntd_QP,0.15,1.4587818074568712,0.030841015081798224,1.179034797782408,0.25,4,False
heldout,precision@1,0.15,0.5664999999999999,0.01636052158907733,1.94373750610682,0.5,4,False
heldout,recall@1,0.15,0.609,0.026956755492207662,0.5004149376298439,0.0,4,False
heldout,precision@3,0.15,0.866,0.016891812612426584,2.5692071997183716,0.75,4,False
heldout,recall@3,0.15,0.8955,0.021563858652847843,0.773698706230221,0.25,4,False
heldout,precision@10,0.15,0.9844999999999999,0.0050000000000000044,2.4356092874337842,0.5,4,False
heldout,recall@10,0.15,0.9884999999999999,0.0050000000000000044,1.3768158720073775,0.25,4,False
heldout,mmd,0.15,0.04203904291914932,0.007062675125277871,2.8217470505552393,0.75,4,False
heldout,frechet,0.15,2.317454813587712,0.15245533096061556,1.3203921664304068,0.25,4,False
heldout,js,0.15,0.0,0.0,0.0,0.0,4,True
heldout,mtd_PQ,0.25,175.59722518920898,13.317528384323834,0.9492726626918907,0.5,4,False
heldout,mtd_QP,0.25,189.48847579956055,4.776802395375869,1.9495405139735873,0.75,4,False
heldout,ntd_PQ,0.25,1.402555225510822,0.03957280504190576,0.23355800939036764,0.0,4,False
heldout,ntd_QP,0.25,1.4725170574200686,0.020947240798218678,1.4490863943768963,0.25,4,False
heldout,precision@1,0.25,0.5305,0.01769180601295415,3.1633162536640813,1.0,4,False
heldout,recall@1,0.25,0.602,0.03826225293941802,0.7258270716973397,0.5,4,False
heldout,precision@3,0.25,0.8384999999999999,0.01975685535031661,4.2687453021011095,1.0,4,False
heldout,recall@3,0.25,0.886,0.02110292238845924,1.3566728265654926,0.5,4,False
heldout,precision@10,0.25,0.9810000000000001,0.006831300510639738,3.378599608895981,0.75,4,False
heldout,recall@10,0.25,0.9904999999999999,0.007549834435270757,0.858826454397382,0.5,4,False
heldout,mmd,0.25,0.08209257185108977,0.0038197203830496675,6.077412766618568,1.0,4,False
heldout,frechet,0.25,2.910588852594665,0.1225877833936362,3.5213839918698464,1.0,4,False
heldout,js,0.25,0.0,0.0,0.0,0.0,4,True
heldout,mtd_PQ,0.5,196.1672019958496,11.413232314548473,2.536311622629699,0.75,4,False
heldout,mtd_QP,0.5,216.1784553527832,11.725244718988323,4.041443513888253,1.0,4,False
heldout,ntd_PQ,0.5,1.4427551181439957,0.01645483412661258,1.0088183294958981,0.0,4,False
heldout,ntd_QP,0.5,1.4806568348503037,0.019492721196848896,1.6091242456608938,0.25,4,False
heldout,precision@1,0.5,0.4725,0.01746424919657297,5.128193124728561,1.0,4,False
heldout,recall@1,0.5,0.5935,0.039543225294184914,0.9995418059221555,0.25,4,False
heldout,precision@3,0.5,0.7889999999999999,0.026608269391300166,7.327913886390031,1.0,4,False
heldout,recall@3,0.5,0.8825000000000001,0.028489764243788823,1.571452765636382,0.25,4,False
heldout,precision@10,0.5,0.971,0.010132456102380451,6.0728576702165435,1.0,4,False
heldout,recall@10,0.5,0.987,0.003829708431025356,1.765307935214874,0.5,4,False
heldout,mmd,0.5,0.17735501559843947,0.006138866992355097,13.82061743314512,1.0,4,False
heldout,frechet,0.5,4.642559370324786,0.16716712118275975,9.948351086539368,1.0,4,False
heldout,js,0.5,0.0,0.0,0.0,0.0,4,True
heldout,mtd_PQ,0.75,211.69700241088867,12.955466563298875,3.7344849861878298,1.0,4,False
heldout,mtd_QP,0.75,236.16888427734375,4.578846873528279,5.608250193281899,1.0,4,False
heldout,ntd_PQ,0.75,1.5694766635838817,0.026947510845042426,3.4526603262509545,1.0,4,False
heldout,ntd_QP,0.75,1.467872417918545,0.019978438837830504,1.357767174387957,0.0,4,False
heldout,precision@1,0.75,0.425,0.027153882472555065,6.737359527755506,1.0,4,False
heldout,recall@1,0.75,0.5355000000000001,0.04573474244670747,2.867242345338548,0.75,4,False
heldout,precision@3,0.75,0.7424999999999999,0.02773084924772412,10.201678314055389,1.0,4,False
heldout,recall@3,0.75,0.855,0.024138489320308917,3.2590094297647996,0.75,4,False
heldout,precision@10,0.75,0.9624999999999999,0.016842406795546386,8.362977022339022,1.0,4,False
heldout,recall@10,0.75,0.9795,0.004434711565216695,3.7077682512523564,1.0,4,False
heldout,mmd,0.75,0.2746552269636104,0.004777252783022172,21.729457696523024,1.0,4,False
heldout,frechet,0.75,6.70900891845619,0.12178882063338788,17.61649734692779,1.0,4,False
heldout,js,0.75,0.0,0.0,0.0,0.0,4,True
heldout,mtd_PQ,1.0,223.07144165039062,20.371623856096274,4.61205905397712,1.0,4,False
heldout,mtd_QP,1.0,268.28478240966797,2.236771476638976,8.125424982194422,1.0,4,False
heldout,ntd_PQ,1.0,1.9306973435681953,0.04743480469280523,10.418849578266101,1.0,4,False
heldout,ntd_QP,1.0,1.4626795895758922,0.028586009907432732,1.2556698999639804,0.25,4,False
heldout,precision@1,1.0,0.362,0.039832984656772395,8.871622335980716,1.0,4,False
heldout,recall@1,1.0,0.279,0.05884442766028628,11.126986972240356,1.0,4,False
heldout,precision@3,1.0,0.702,0.03460250472629594,12.704634428473602,1.0,4,False
heldout,recall@3,1.0,0.5405,0.0494064773081425,22.558521097706137,1.0,4,False
heldout,precision@10,1.0,0.9570000000000001,0.02126029162546927,9.844818956065325,1.0,4,False
heldout,recall@10,1.0,0.8535,0.03817066936798461,36.34110156068202,1.0,4,False
heldout,mmd,1.0,0.37935852085330857,0.0061719670965585775,30.24004174155985,1.0,4,False
heldout,frechet,1.0,9.51955538094721,0.12368916219137635,28.045825933965695,1.0,4,False
heldout,js,1.0,0.24022806407988878,0.05425941701689974,240228064079.8888,1.0,4,True
