metric,direction,null_mean,null_sd,threshold,degenerate,n_null_dev,fpr_heldout,fpr_heldout_ci_low,fpr_heldout_ci_high,n_null_heldout,min_alpha_power08_heldout
mtd_PQ,greater,163.2934839782715,12.961229891574382,184.44361877441406,False,500,0.025,0.008166166190710242,0.05737435112726713,200,0.75
mtd_QP,greater,164.61485763549805,12.758708006207423,186.8343505859375,False,500,0.02,0.005475565879556445,0.050413609089896255,200,0.5
ntd_PQ,greater,1.3904444458699494,0.05185341180227843,1.4807307354362715,False,500,0.055,0.02777225455217507,0.09627764443388101,200,0.75
ntd_QP,greater,1.398814238788255,0.050861576588093434,1.487043523717602,False,500,0.055,0.02777225455217507,0.09627764443388101,200,
precision@1,less,0.623876,0.029518389092041894,0.574,False,500,0.03,0.011087455672203695,0.06415062670502639,200,0.25
recall@1,less,0.6245400000000001,0.0310542288627575,0.574,False,500,0.045,0.020780422227004356,0.08370268807585404,200,1.0
precision@3,less,0.907572,0.01618086700130213,0.882,False,500,0.09,0.05421425445606032,0.13850820847379608,200,0.25
recall@3,less,0.908108,0.016295749104528922,0.88,False,500,0.095,0.058169609725119205,0.14437663997685266,200,1.0
precision@10,less,0.99354,0.0037115969479198123,0.986,False,500,0.115,0.07431337369227888,0.16754694448225504,200,0.5
recall@10,less,0.993816,0.0038610827393154444,0.986,False,500,0.15,0.10354952352186261,0.20715870366855224,200,0.75
mmd,greater,0.00732389186098291,0.012302715457260319,0.03586242550512432,False,500,0.1,0.062159366254066165,0.15021278786775585,200,0.25
frechet,greater,1.9616290764377597,0.2694848895616999,2.4133225909308105,False,500,0.08,0.046417608399578085,0.1266648560220818,200,0.25
js,greater,0.0,0.0,0.0,True,500,0.0,0.0,0.0182753403551488,200,
