metric,auroc,auprc,balanced_accuracy
mtd_PQ,0.7142857142857142,0.9487217749341055,0.5
mtd_QP,0.91,0.9872968567218604,0.5928571428571429
ntd_PQ,0.6314285714285715,0.9329833522168061,0.5
ntd_QP,0.7885714285714285,0.9552864462437487,0.5357142857142857
precision@1,0.8921428571428571,0.9834774590217068,0.5
recall@1,0.6828571428571429,0.9440110756225917,0.5
precision@3,0.8114285714285715,0.9693604166768566,0.5
recall@3,0.6792857142857143,0.9423004816525922,0.5
precision@10,0.7949999999999999,0.966336035882085,0.5
recall@10,0.7578571428571429,0.9587301690009155,0.5
mmd,0.8528571428571428,0.9771753895443263,0.5
frechet,0.8357142857142856,0.9749435156552022,0.5
js,0.5585714285714285,0.902079095128967,0.5
GROUP:topology_only,0.8757142857142857,0.9820749833066931,0.6142857142857143
GROUP:coverage_only,0.8899999999999999,0.9832847360432115,0.5
GROUP:statistics_only,0.8499999999999999,0.977075680078892,0.5
