family,layer,metric,mean,sd,n_repeats
l3_direct,9,mtd_PQ,158.75240478515624,10.220086908888378,5
l3_direct,9,mtd_QP,159.39609375,9.670517996932137,5
l3_direct,9,ntd_PQ,2.344915815177026,0.13278085835697184,5
l3_direct,9,ntd_QP,1.3356502284009613,0.04786218669706332,5
l3_direct,9,rtd,50.195970916748045,0.6639414363553796,5
l3_direct,9,precision@3,0.9347999999999999,0.011099549540409242,5
l3_direct,9,recall@3,0.5995999999999999,0.07918838298639516,5
l3_direct,9,mmd,0.6221684137904313,0.008360568199271825,5
l3_direct,9,frechet,12.528893641392264,0.14273293770596887,5
l3_direct,9,js,0.4535038609052834,0.09239251745757572,5
l3_direct,18,mtd_PQ,240.43772888183594,22.548145038330574,5
l3_direct,18,mtd_QP,255.31876525878906,8.50698451358939,5
l3_direct,18,ntd_PQ,2.105188887960491,0.10156501984596948,5
l3_direct,18,ntd_QP,1.4790856483880468,0.04168890595127891,5
l3_direct,18,rtd,48.10107192993164,0.7170778844959755,5
l3_direct,18,precision@3,0.804,0.09038805230781337,5
l3_direct,18,recall@3,0.5796,0.0705747830319017,5
l3_direct,18,mmd,0.5444536228066141,0.006968081906152458,5
l3_direct,18,frechet,14.363189673490771,0.17599182994704032,5
l3_direct,18,js,0.5178929872079506,0.08506200893958445,5
l3_direct,27,mtd_PQ,399.61341552734376,12.638272495216487,5
l3_direct,27,mtd_QP,385.4912414550781,18.054676220546067,5
l3_direct,27,ntd_PQ,2.0443145671431227,0.08014676755537796,5
l3_direct,27,ntd_QP,1.4929812687566972,0.0351265837354323,5
l3_direct,27,rtd,46.32152481079102,1.0554551604971774,5
l3_direct,27,precision@3,0.7904,0.1271723240331795,5
l3_direct,27,recall@3,0.5676,0.04336819110823046,5
l3_direct,27,mmd,0.6382920154053218,0.008222082447725288,5
l3_direct,27,frechet,24.30619556218965,0.2595929755267963,5
l3_direct,27,js,0.6777223023191687,0.06215520077170314,5
l3_direct,36,mtd_PQ,763.77255859375,36.37361429692428,5
l3_direct,36,mtd_QP,986.7487060546875,35.57848781516715,5
l3_direct,36,ntd_PQ,1.7114905143870165,0.03375060949531489,5
l3_direct,36,ntd_QP,1.7156251107680653,0.02842523304870997,5
l3_direct,36,rtd,45.71734085083008,1.702609707943133,5
l3_direct,36,precision@3,0.8812,0.087528281143868,5
l3_direct,36,recall@3,0.8267999999999999,0.05831980795578807,5
l3_direct,36,mmd,0.7389668283432124,0.0068358767120301495,5
l3_direct,36,frechet,69.76547069075497,0.527396365381133,5
l3_direct,36,js,0.5431189022156611,0.04935372177705679,5
l3d_length_matched,9,mtd_PQ,142.34812927246094,0.0,5
l3d_length_matched,9,mtd_QP,155.40284729003906,0.0,5
l3d_length_matched,9,ntd_PQ,1.8404661557219761,0.0,5
l3d_length_matched,9,ntd_QP,1.3889511747518966,0.0,5
l3d_length_matched,9,rtd,43.63484191894531,0.0,5
l3d_length_matched,9,precision@3,0.8560000000000001,1.2412670766236366e-16,5
l3d_length_matched,9,recall@3,0.774,0.0,5
l3d_length_matched,9,mmd,0.3196082084829018,0.0,5
l3d_length_matched,9,frechet,5.734818811383107,0.0,5
l3d_length_matched,9,js,0.0,0.0,5
l3d_length_matched,18,mtd_PQ,219.48907470703125,0.0,5
l3d_length_matched,18,mtd_QP,265.986572265625,0.0,5
l3d_length_matched,18,ntd_PQ,1.793232808865986,2.482534153247273e-16,5
l3d_length_matched,18,ntd_QP,1.4719983068808407,0.0,5
l3d_length_matched,18,rtd,50.99617385864258,0.0,5
l3d_length_matched,18,precision@3,0.714,0.0,5
l3d_length_matched,18,recall@3,0.686,0.0,5
l3d_length_matched,18,mmd,0.3201309296931286,0.0,5
l3d_length_matched,18,frechet,8.436108102519155,0.0,5
l3d_length_matched,18,js,0.0,0.0,5
l3d_length_matched,27,mtd_PQ,346.8524169921875,0.0,5
l3d_length_matched,27,mtd_QP,430.0765380859375,0.0,5
l3d_length_matched,27,ntd_PQ,1.8025051940056407,0.0,5
l3d_length_matched,27,ntd_QP,1.4874914912243744,0.0,5
l3d_length_matched,27,rtd,51.0142707824707,0.0,5
l3d_length_matched,27,precision@3,0.582,0.0,5
l3d_length_matched,27,recall@3,0.532,0.0,5
l3d_length_matched,27,mmd,0.39120276394942083,0.0,5
l3d_length_matched,27,frechet,14.303396883244712,1.9860273225978185e-15,5
l3d_length_matched,27,js,0.18203525029642312,0.0,5
l3d_length_matched,36,mtd_PQ,714.986572265625,0.0,5
l3d_length_matched,36,mtd_QP,818.8472290039062,0.0,5
l3d_length_matched,36,ntd_PQ,1.5220894569297427,0.0,5
l3d_length_matched,36,ntd_QP,1.6688819949018057,0.0,5
l3d_length_matched,36,rtd,42.212974548339844,0.0,5
l3d_length_matched,36,precision@3,0.708,0.0,5
l3d_length_matched,36,recall@3,0.684,0.0,5
l3d_length_matched,36,mmd,0.40727499859906297,6.206335383118183e-17,5
l3d_length_matched,36,frechet,36.88296563233823,0.0,5
l3d_length_matched,36,js,0.0,0.0,5
l3e_shuffled_label,9,mtd_PQ,99.87928314208985,4.405079441021549,5
l3e_shuffled_label,9,mtd_QP,99.5578826904297,8.162290410685866,5
l3e_shuffled_label,9,ntd_PQ,1.3939639199463107,0.03380250138254035,5
l3e_shuffled_label,9,ntd_QP,1.3885487858496797,0.06427741604084944,5
l3e_shuffled_label,9,rtd,45.26489028930664,1.4862709015660538,5
l3e_shuffled_label,9,precision@3,0.8932,0.021241468875762823,5
l3e_shuffled_label,9,recall@3,0.8984,0.013520355024924468,5
l3e_shuffled_label,9,mmd,0.007229199280218328,0.01616498101346073,5
l3e_shuffled_label,9,frechet,1.3989962795985778,0.11448642373791189,5
l3e_shuffled_label,9,js,0.0,0.0,5
l3e_shuffled_label,18,mtd_PQ,157.19316711425782,14.864374309972133,5
l3e_shuffled_label,18,mtd_QP,147.32301330566406,8.79143652207516,5
l3e_shuffled_label,18,ntd_PQ,1.4111088466776058,0.04195934174735348,5
l3e_shuffled_label,18,ntd_QP,1.386329020778359,0.049061688852348725,5
l3e_shuffled_label,18,rtd,51.026092529296875,0.9923581356434062,5
l3e_shuffled_label,18,precision@3,0.8987999999999999,0.01572259520562685,5
l3e_shuffled_label,18,recall@3,0.898,0.018761663039293736,5
l3e_shuffled_label,18,mmd,0.009228138276339622,0.014469567275077259,5
l3e_shuffled_label,18,frechet,1.8505428385463751,0.19374502854246967,5
l3e_shuffled_label,18,js,0.0,0.0,5
l3e_shuffled_label,27,mtd_PQ,257.8076416015625,14.983978525780431,5
l3e_shuffled_label,27,mtd_QP,252.01264343261718,20.186528492269666,5
l3e_shuffled_label,27,ntd_PQ,1.382145089050218,0.013918540422212397,5
l3e_shuffled_label,27,ntd_QP,1.4103610526762362,0.039285444209597155,5
l3e_shuffled_label,27,rtd,48.367393493652344,1.4492908045108237,5
l3e_shuffled_label,27,precision@3,0.8932,0.01972815247305233,5
l3e_shuffled_label,27,recall@3,0.8964000000000001,0.0093166517590817,5
l3e_shuffled_label,27,mmd,0.005085986014716891,0.011372610461520214,5
l3e_shuffled_label,27,frechet,2.515212881130963,0.2635960835046306,5
l3e_shuffled_label,27,js,0.0,0.0,5
l3e_shuffled_label,36,mtd_PQ,567.1059936523437,59.03505691958403,5
l3e_shuffled_label,36,mtd_QP,566.6841796875,46.95065729842799,5
l3e_shuffled_label,36,ntd_PQ,1.3908847722790856,0.028782115310906912,5
l3e_shuffled_label,36,ntd_QP,1.3878375810576764,0.04736239284430422,5
l3e_shuffled_label,36,rtd,39.19165267944336,0.7153571168061801,5
l3e_shuffled_label,36,precision@3,0.9016,0.02141961717678448,5
l3e_shuffled_label,36,recall@3,0.9151999999999999,0.014669696656713811,5
l3e_shuffled_label,36,mmd,0.00845312786726657,0.018901768533705874,5
l3e_shuffled_label,36,frechet,4.93751756112587,0.5957430369102212,5
l3e_shuffled_label,36,js,0.0,0.0,5
