effect,alpha,metric,min_n
drop0.1,0.05,frechet,100.0
drop0.1,0.05,js,1000.0
drop0.1,0.05,mmd,250.0
drop0.1,0.05,mtd_PQ,
drop0.1,0.05,mtd_QP,
drop0.1,0.05,ntd_PQ,500.0
drop0.1,0.05,ntd_QP,
drop0.1,0.05,precision@1,
drop0.1,0.05,precision@10,
drop0.1,0.05,precision@3,
drop0.1,0.05,recall@1,
drop0.1,0.05,recall@10,
drop0.1,0.05,recall@3,
drop0.1,0.05,rtd,
drop0.1,0.1,frechet,
drop0.1,0.1,js,
drop0.1,0.1,mmd,
drop0.1,0.1,mtd_PQ,
drop0.1,0.1,mtd_QP,
drop0.1,0.1,ntd_PQ,
drop0.1,0.1,ntd_QP,
drop0.1,0.1,precision@1,
drop0.1,0.1,precision@10,
drop0.1,0.1,precision@3,
drop0.1,0.1,recall@1,
drop0.1,0.1,recall@10,
drop0.1,0.1,recall@3,
drop0.1,0.1,rtd,
drop0.1,0.2,frechet,
drop0.1,0.2,js,
drop0.1,0.2,mmd,
drop0.1,0.2,mtd_PQ,
drop0.1,0.2,mtd_QP,
drop0.1,0.2,ntd_PQ,
drop0.1,0.2,ntd_QP,
drop0.1,0.2,precision@1,
drop0.1,0.2,precision@10,
drop0.1,0.2,precision@3,
drop0.1,0.2,recall@1,
drop0.1,0.2,recall@10,
drop0.1,0.2,recall@3,
drop0.1,0.2,rtd,
drop0.25,0.05,frechet,100.0
drop0.25,0.05,js,100.0
drop0.25,0.05,mmd,100.0
drop0.25,0.05,mtd_PQ,100.0
drop0.25,0.05,mtd_QP,
drop0.25,0.05,ntd_PQ,250.0
drop0.25,0.05,ntd_QP,
drop0.25,0.05,precision@1,
drop0.25,0.05,precision@10,
drop0.25,0.05,precision@3,
drop0.25,0.05,recall@1,
drop0.25,0.05,recall@10,
drop0.25,0.05,recall@3,
drop0.25,0.05,rtd,
drop0.25,0.1,frechet,
drop0.25,0.1,js,
drop0.25,0.1,mmd,
drop0.25,0.1,mtd_PQ,
drop0.25,0.1,mtd_QP,
drop0.25,0.1,ntd_PQ,
drop0.25,0.1,ntd_QP,
drop0.25,0.1,precision@1,
drop0.25,0.1,precision@10,
drop0.25,0.1,precision@3,
drop0.25,0.1,recall@1,
drop0.25,0.1,recall@10,
drop0.25,0.1,recall@3,
drop0.25,0.1,rtd,
drop0.25,0.2,frechet,
drop0.25,0.2,js,
drop0.25,0.2,mmd,
drop0.25,0.2,mtd_PQ,
drop0.25,0.2,mtd_QP,
drop0.25,0.2,ntd_PQ,
drop0.25,0.2,ntd_QP,
drop0.25,0.2,precision@1,
drop0.25,0.2,precision@10,
drop0.25,0.2,precision@3,
drop0.25,0.2,recall@1,
drop0.25,0.2,recall@10,
drop0.25,0.2,recall@3,
drop0.25,0.2,rtd,
invent0.15,0.05,frechet,100.0
invent0.15,0.05,js,250.0
invent0.15,0.05,mmd,100.0
invent0.15,0.05,mtd_PQ,250.0
invent0.15,0.05,mtd_QP,
invent0.15,0.05,ntd_PQ,
invent0.15,0.05,ntd_QP,250.0
invent0.15,0.05,precision@1,
invent0.15,0.05,precision@10,
invent0.15,0.05,precision@3,
invent0.15,0.05,recall@1,
invent0.15,0.05,recall@10,
invent0.15,0.05,recall@3,
invent0.15,0.05,rtd,
invent0.15,0.1,frechet,
invent0.15,0.1,js,
invent0.15,0.1,mmd,
invent0.15,0.1,mtd_PQ,
invent0.15,0.1,mtd_QP,
invent0.15,0.1,ntd_PQ,
invent0.15,0.1,ntd_QP,
invent0.15,0.1,precision@1,
invent0.15,0.1,precision@10,
invent0.15,0.1,precision@3,
invent0.15,0.1,recall@1,
invent0.15,0.1,recall@10,
invent0.15,0.1,recall@3,
invent0.15,0.1,rtd,
invent0.15,0.2,frechet,
invent0.15,0.2,js,
invent0.15,0.2,mmd,
invent0.15,0.2,mtd_PQ,
invent0.15,0.2,mtd_QP,
invent0.15,0.2,ntd_PQ,
invent0.15,0.2,ntd_QP,
invent0.15,0.2,precision@1,
invent0.15,0.2,precision@10,
invent0.15,0.2,precision@3,
invent0.15,0.2,recall@1,
invent0.15,0.2,recall@10,
invent0.15,0.2,recall@3,
invent0.15,0.2,rtd,
invent0.5,0.05,frechet,100.0
invent0.5,0.05,js,250.0
invent0.5,0.05,mmd,100.0
invent0.5,0.05,mtd_PQ,500.0
invent0.5,0.05,mtd_QP,
invent0.5,0.05,ntd_PQ,
invent0.5,0.05,ntd_QP,250.0
invent0.5,0.05,precision@1,
invent0.5,0.05,precision@10,
invent0.5,0.05,precision@3,
invent0.5,0.05,recall@1,
invent0.5,0.05,recall@10,
invent0.5,0.05,recall@3,
invent0.5,0.05,rtd,250.0
invent0.5,0.1,frechet,
invent0.5,0.1,js,
invent0.5,0.1,mmd,
invent0.5,0.1,mtd_PQ,
invent0.5,0.1,mtd_QP,
invent0.5,0.1,ntd_PQ,
invent0.5,0.1,ntd_QP,
invent0.5,0.1,precision@1,
invent0.5,0.1,precision@10,
invent0.5,0.1,precision@3,
invent0.5,0.1,recall@1,
invent0.5,0.1,recall@10,
invent0.5,0.1,recall@3,
invent0.5,0.1,rtd,
invent0.5,0.2,frechet,
invent0.5,0.2,js,
invent0.5,0.2,mmd,
invent0.5,0.2,mtd_PQ,
invent0.5,0.2,mtd_QP,
invent0.5,0.2,ntd_PQ,
invent0.5,0.2,ntd_QP,
invent0.5,0.2,precision@1,
invent0.5,0.2,precision@10,
invent0.5,0.2,precision@3,
invent0.5,0.2,recall@1,
invent0.5,0.2,recall@10,
invent0.5,0.2,recall@3,
invent0.5,0.2,rtd,
