n,metric,alpha,power,threshold,n_control,n_effect,mean_control,sd_control,mean_effect,z_mean_effect,target_met,effect
100,frechet,0.05,1.0,0.46864068721478996,20,20,0.31788197704790866,0.09400815191309296,1.208978623258792,9.47892951916201,True,drop0.1
100,frechet,0.1,1.0,0.4598757887443133,20,20,0.31788197704790866,0.09400815191309296,1.208978623258792,9.47892951916201,True,drop0.1
100,frechet,0.2,1.0,0.4572118809626206,20,20,0.31788197704790866,0.09400815191309296,1.208978623258792,9.47892951916201,True,drop0.1
100,js,0.05,0.25,0.004804092777113941,20,20,0.00024020463885569707,0.0010742278019842519,0.013480116076123705,12.325050061832327,False,drop0.1
100,js,0.1,0.3,0.0,20,20,0.00024020463885569707,0.0010742278019842519,0.013480116076123705,12.325050061832327,False,drop0.1
100,js,0.2,0.3,0.0,20,20,0.00024020463885569707,0.0010742278019842519,0.013480116076123705,12.325050061832327,False,drop0.1
100,mmd,0.05,0.15,0.0,20,20,0.0,0.0,0.003021200168948202,inf,False,drop0.1
100,mmd,0.1,0.15,0.0,20,20,0.0,0.0,0.003021200168948202,inf,False,drop0.1
100,mmd,0.2,0.15,0.0,20,20,0.0,0.0,0.003021200168948202,inf,False,drop0.1
100,mtd_PQ,0.05,0.55,4.616823673248291,20,20,3.3367751479148864,0.673170291006817,4.644144725799561,1.9421082530682192,False,drop0.1
100,mtd_PQ,0.1,0.55,4.476966857910156,20,20,3.3367751479148864,0.673170291006817,4.644144725799561,1.9421082530682192,False,drop0.1
100,mtd_PQ,0.2,0.8,3.907677173614502,20,20,3.3367751479148864,0.673170291006817,4.644144725799561,1.9421082530682192,True,drop0.1
100,mtd_QP,0.05,0.05,5.10437536239624,20,20,3.6895920753479006,0.9187661596547801,3.6184468865394592,-0.07743557820542024,False,drop0.1
100,mtd_QP,0.1,0.05,4.918361663818359,20,20,3.6895920753479006,0.9187661596547801,3.6184468865394592,-0.07743557820542024,False,drop0.1
100,mtd_QP,0.2,0.1,4.689798355102539,20,20,3.6895920753479006,0.9187661596547801,3.6184468865394592,-0.07743557820542024,False,drop0.1
100,ntd_PQ,0.05,0.0,228.70984247243243,20,20,60.148264056113455,43.37347462162413,75.36324222963525,0.35078993108696566,False,drop0.1
100,ntd_PQ,0.1,0.3,81.04130982036017,20,20,60.148264056113455,43.37347462162413,75.36324222963525,0.35078993108696566,False,drop0.1
100,ntd_PQ,0.2,0.4,76.20480921120563,20,20,60.148264056113455,43.37347462162413,75.36324222963525,0.35078993108696566,False,drop0.1
100,ntd_QP,0.05,0.0,206.03050424255326,20,20,60.22988211507811,44.13662559769423,52.739702391025176,-0.16970440360180686,False,drop0.1
100,ntd_QP,0.1,0.0,157.35506675021108,20,20,60.22988211507811,44.13662559769423,52.739702391025176,-0.16970440360180686,False,drop0.1
100,ntd_QP,0.2,0.2,74.13747607259026,20,20,60.22988211507811,44.13662559769423,52.739702391025176,-0.16970440360180686,False,drop0.1
100,precision@1,0.05,0.1,0.61,20,20,0.708,0.05227457870655075,0.7060000000000002,-0.0382595144616507,False,drop0.1
100,precision@1,0.1,0.1,0.62,20,20,0.708,0.05227457870655075,0.7060000000000002,-0.0382595144616507,False,drop0.1
100,precision@1,0.2,0.15,0.65,20,20,0.708,0.05227457870655075,0.7060000000000002,-0.0382595144616507,False,drop0.1
100,precision@10,0.05,0.0,0.99,20,20,0.9984999999999999,0.0036634754853252364,0.9984999999999999,1.509903313490213e-14,False,drop0.1
100,precision@10,0.1,0.0,0.99,20,20,0.9984999999999999,0.0036634754853252364,0.9984999999999999,1.509903313490213e-14,False,drop0.1
100,precision@10,0.2,0.15,1.0,20,20,0.9984999999999999,0.0036634754853252364,0.9984999999999999,1.509903313490213e-14,False,drop0.1
100,precision@3,0.05,0.05,0.88,20,20,0.932,0.03172248082155119,0.9424999999999999,0.3309955504131503,False,drop0.1
100,precision@3,0.1,0.05,0.88,20,20,0.932,0.03172248082155119,0.9424999999999999,0.3309955504131503,False,drop0.1
100,precision@3,0.2,0.05,0.89,20,20,0.932,0.03172248082155119,0.9424999999999999,0.3309955504131503,False,drop0.1
100,recall@1,0.05,0.0,0.52,20,20,0.6895,0.07563590069328328,0.6375,-0.6875042079669157,False,drop0.1
100,recall@1,0.1,0.0,0.54,20,20,0.6895,0.07563590069328328,0.6375,-0.6875042079669157,False,drop0.1
100,recall@1,0.2,0.6,0.64,20,20,0.6895,0.07563590069328328,0.6375,-0.6875042079669157,False,drop0.1
100,recall@10,0.05,1.0,0.99,20,20,0.999,0.0030779350562554647,0.8975,-32.97665419993696,True,drop0.1
100,recall@10,0.1,1.0,0.99,20,20,0.999,0.0030779350562554647,0.8975,-32.97665419993696,True,drop0.1
100,recall@10,0.2,1.0,1.0,20,20,0.999,0.0030779350562554647,0.8975,-32.97665419993696,True,drop0.1
100,recall@3,0.05,0.95,0.88,20,20,0.9270000000000002,0.034043316060881186,0.8230000000000001,-3.054931541158103,True,drop0.1
100,recall@3,0.1,0.95,0.88,20,20,0.9270000000000002,0.034043316060881186,0.8230000000000001,-3.054931541158103,True,drop0.1
100,recall@3,0.2,1.0,0.9,20,20,0.9270000000000002,0.034043316060881186,0.8230000000000001,-3.054931541158103,True,drop0.1
100,rtd,0.05,0.0,10.955785751342773,20,20,9.677387380599976,0.6231487528121316,9.098953294754029,-0.9282439918809168,False,drop0.1
100,rtd,0.1,0.0,10.404119491577148,20,20,9.677387380599976,0.6231487528121316,9.098953294754029,-0.9282439918809168,False,drop0.1
100,rtd,0.2,0.0,10.248069763183594,20,20,9.677387380599976,0.6231487528121316,9.098953294754029,-0.9282439918809168,False,drop0.1
250,frechet,0.05,1.0,0.3504976130988042,20,20,0.19558759156265212,0.060024398510174964,1.3713377593633447,19.58787088222778,True,drop0.1
250,frechet,0.1,1.0,0.2738568500702185,20,20,0.19558759156265212,0.060024398510174964,1.3713377593633447,19.58787088222778,True,drop0.1
250,frechet,0.2,1.0,0.2398273001227666,20,20,0.19558759156265212,0.060024398510174964,1.3713377593633447,19.58787088222778,True,drop0.1
250,js,0.05,0.45,0.07113884080619601,20,20,0.018409303837419885,0.02359292931345378,0.06040359516279307,1.779952407242033,False,drop0.1
250,js,0.1,0.65,0.05813083440935419,20,20,0.018409303837419885,0.02359292931345378,0.06040359516279307,1.779952407242033,False,drop0.1
250,js,0.2,0.7,0.050485713975671156,20,20,0.018409303837419885,0.02359292931345378,0.06040359516279307,1.779952407242033,False,drop0.1
250,mmd,0.05,1.0,0.0,20,20,0.0,0.0,0.08391959357609627,inf,True,drop0.1
250,mmd,0.1,1.0,0.0,20,20,0.0,0.0,0.08391959357609627,inf,True,drop0.1
250,mmd,0.2,1.0,0.0,20,20,0.0,0.0,0.08391959357609627,inf,True,drop0.1
250,mtd_PQ,0.05,0.4,7.866939544677734,20,20,6.81853494644165,0.7213512680810631,7.56176609992981,1.030331804178152,False,drop0.1
250,mtd_PQ,0.1,0.4,7.854791641235352,20,20,6.81853494644165,0.7213512680810631,7.56176609992981,1.030331804178152,False,drop0.1
250,mtd_PQ,0.2,0.5,7.429293155670166,20,20,6.81853494644165,0.7213512680810631,7.56176609992981,1.030331804178152,False,drop0.1
250,mtd_QP,0.05,0.05,8.70883560180664,20,20,6.900567936897278,1.05608095324826,7.3034642219543455,0.38150132697484274,False,drop0.1
250,mtd_QP,0.1,0.15,8.09193229675293,20,20,6.900567936897278,1.05608095324826,7.3034642219543455,0.38150132697484274,False,drop0.1
250,mtd_QP,0.2,0.15,7.9576497077941895,20,20,6.900567936897278,1.05608095324826,7.3034642219543455,0.38150132697484274,False,drop0.1
250,ntd_PQ,0.05,0.65,2.8677215062880586,20,20,2.292612820361362,0.2409437786229572,2.9135399272489955,2.5770622110948813,False,drop0.1
250,ntd_PQ,0.1,0.65,2.7607266459723125,20,20,2.292612820361362,0.2409437786229572,2.9135399272489955,2.5770622110948813,False,drop0.1
250,ntd_PQ,0.2,0.95,2.4437466702476027,20,20,2.292612820361362,0.2409437786229572,2.9135399272489955,2.5770622110948813,True,drop0.1
250,ntd_QP,0.05,0.0,2.9082125573800277,20,20,2.289557584295041,0.3130159309658987,2.2689398381009416,-0.06586804106256766,False,drop0.1
250,ntd_QP,0.1,0.0,2.841822404427491,20,20,2.289557584295041,0.3130159309658987,2.2689398381009416,-0.06586804106256766,False,drop0.1
250,ntd_QP,0.2,0.2,2.532263885874089,20,20,2.289557584295041,0.3130159309658987,2.2689398381009416,-0.06586804106256766,False,drop0.1
250,precision@1,0.05,0.05,0.596,20,20,0.713,0.05039423525928756,0.6978,-0.30162180102135094,False,drop0.1
250,precision@1,0.1,0.05,0.616,20,20,0.713,0.05039423525928756,0.6978,-0.30162180102135094,False,drop0.1
250,precision@1,0.2,0.15,0.664,20,20,0.713,0.05039423525928756,0.6978,-0.30162180102135094,False,drop0.1
250,precision@10,0.05,0.0,0.98,20,20,0.9928000000000001,0.006169534657876306,0.9962,0.551095048256075,False,drop0.1
250,precision@10,0.1,0.0,0.98,20,20,0.9928000000000001,0.006169534657876306,0.9962,0.551095048256075,False,drop0.1
250,precision@10,0.2,0.1,0.992,20,20,0.9928000000000001,0.006169534657876306,0.9962,0.551095048256075,False,drop0.1
250,precision@3,0.05,0.05,0.908,20,20,0.9449999999999997,0.01884563330686557,0.9448000000000001,-0.010612538021042724,False,drop0.1
250,precision@3,0.1,0.1,0.92,20,20,0.9449999999999997,0.01884563330686557,0.9448000000000001,-0.010612538021042724,False,drop0.1
250,precision@3,0.2,0.1,0.924,20,20,0.9449999999999997,0.01884563330686557,0.9448000000000001,-0.010612538021042724,False,drop0.1
250,recall@1,0.05,0.85,0.668,20,20,0.7233999999999999,0.030165159407920646,0.6322,-3.0233554799665003,True,drop0.1
250,recall@1,0.1,0.95,0.68,20,20,0.7233999999999999,0.030165159407920646,0.6322,-3.0233554799665003,True,drop0.1
250,recall@1,0.2,0.95,0.7,20,20,0.7233999999999999,0.030165159407920646,0.6322,-3.0233554799665003,True,drop0.1
250,recall@10,0.05,0.95,0.976,20,20,0.9959999999999999,0.005947135533400231,0.8880000000000001,-18.160003146632793,True,drop0.1
250,recall@10,0.1,1.0,0.988,20,20,0.9959999999999999,0.005947135533400231,0.8880000000000001,-18.160003146632793,True,drop0.1
250,recall@10,0.2,1.0,0.992,20,20,0.9959999999999999,0.005947135533400231,0.8880000000000001,-18.160003146632793,True,drop0.1
250,recall@3,0.05,0.95,0.896,20,20,0.9498,0.024086685555564317,0.8390000000000001,-4.60005174827401,True,drop0.1
250,recall@3,0.1,0.95,0.916,20,20,0.9498,0.024086685555564317,0.8390000000000001,-4.60005174827401,True,drop0.1
250,recall@3,0.2,0.95,0.924,20,20,0.9498,0.024086685555564317,0.8390000000000001,-4.60005174827401,True,drop0.1
250,rtd,0.05,0.0,16.103084564208984,20,20,15.46384243965149,0.3859104164521178,14.602655696868897,-2.2315716447872713,False,drop0.1
250,rtd,0.1,0.0,16.01897621154785,20,20,15.46384243965149,0.3859104164521178,14.602655696868897,-2.2315716447872713,False,drop0.1
250,rtd,0.2,0.0,15.807464599609375,20,20,15.46384243965149,0.3859104164521178,14.602655696868897,-2.2315716447872713,False,drop0.1
500,frechet,0.05,1.0,0.17997060644789156,20,20,0.12251841176828353,0.0455975801220316,1.3031610093045467,25.89265909235841,True,drop0.1
500,frechet,0.1,1.0,0.17646627057331632,20,20,0.12251841176828353,0.0455975801220316,1.3031610093045467,25.89265909235841,True,drop0.1
500,frechet,0.2,1.0,0.17222524948248066,20,20,0.12251841176828353,0.0455975801220316,1.3031610093045467,25.89265909235841,True,drop0.1
500,js,0.05,0.7,0.07803257895231987,20,20,0.03028721621280091,0.02384742402450923,0.08314122046082087,2.2163401880932363,False,drop0.1
500,js,0.1,0.7,0.07552670779329046,20,20,0.03028721621280091,0.02384742402450923,0.08314122046082087,2.2163401880932363,False,drop0.1
500,js,0.2,0.95,0.049208640067022635,20,20,0.03028721621280091,0.02384742402450923,0.08314122046082087,2.2163401880932363,True,drop0.1
500,mmd,0.05,1.0,0.0,20,20,0.0,0.0,0.08909577683183656,inf,True,drop0.1
500,mmd,0.1,1.0,0.0,20,20,0.0,0.0,0.08909577683183656,inf,True,drop0.1
500,mmd,0.2,1.0,0.0,20,20,0.0,0.0,0.08909577683183656,inf,True,drop0.1
500,mtd_PQ,0.05,0.1,13.476850509643555,20,20,11.259270763397216,1.1119419138028208,12.045888376235961,0.7074268926049634,False,drop0.1
500,mtd_PQ,0.1,0.3,12.992181777954102,20,20,11.259270763397216,1.1119419138028208,12.045888376235961,0.7074268926049634,False,drop0.1
500,mtd_PQ,0.2,0.45,12.46272087097168,20,20,11.259270763397216,1.1119419138028208,12.045888376235961,0.7074268926049634,False,drop0.1
500,mtd_QP,0.05,0.0,14.700769424438477,20,20,11.324064588546753,1.2336961240978437,11.726079177856445,0.32586192130875924,False,drop0.1
500,mtd_QP,0.1,0.25,12.71342658996582,20,20,11.324064588546753,1.2336961240978437,11.726079177856445,0.32586192130875924,False,drop0.1
500,mtd_QP,0.2,0.35,12.1987886428833,20,20,11.324064588546753,1.2336961240978437,11.726079177856445,0.32586192130875924,False,drop0.1
500,ntd_PQ,0.05,0.9,1.5697442897610583,20,20,1.345802189048396,0.12089061246597729,1.7455901355968622,3.3070222608143345,True,drop0.1
500,ntd_PQ,0.1,0.95,1.5189691388079605,20,20,1.345802189048396,0.12089061246597729,1.7455901355968622,3.3070222608143345,True,drop0.1
500,ntd_PQ,0.2,1.0,1.4840573240149117,20,20,1.345802189048396,0.12089061246597729,1.7455901355968622,3.3070222608143345,True,drop0.1
500,ntd_QP,0.05,0.0,1.6270799216604044,20,20,1.3732706683070959,0.10095150236816709,1.3440372489586703,-0.2895788439265853,False,drop0.1
500,ntd_QP,0.1,0.1,1.5354459244178955,20,20,1.3732706683070959,0.10095150236816709,1.3440372489586703,-0.2895788439265853,False,drop0.1
500,ntd_QP,0.2,0.15,1.4609373488697008,20,20,1.3732706683070959,0.10095150236816709,1.3440372489586703,-0.2895788439265853,False,drop0.1
500,precision@1,0.05,0.05,0.656,20,20,0.7131000000000001,0.026209480004480493,0.7144,0.04960037359679352,False,drop0.1
500,precision@1,0.1,0.1,0.668,20,20,0.7131000000000001,0.026209480004480493,0.7144,0.04960037359679352,False,drop0.1
500,precision@1,0.2,0.25,0.692,20,20,0.7131000000000001,0.026209480004480493,0.7144,0.04960037359679352,False,drop0.1
500,precision@10,0.05,0.0,0.99,20,20,0.9955999999999999,0.003084767328938153,0.9948,-0.2593388462381416,False,drop0.1
500,precision@10,0.1,0.0,0.99,20,20,0.9955999999999999,0.003084767328938153,0.9948,-0.2593388462381416,False,drop0.1
500,precision@10,0.2,0.1,0.992,20,20,0.9955999999999999,0.003084767328938153,0.9948,-0.2593388462381416,False,drop0.1
500,precision@3,0.05,0.0,0.924,20,20,0.9619,0.014029667813151101,0.9621000000000002,0.014255505024325621,False,drop0.1
500,precision@3,0.1,0.05,0.934,20,20,0.9619,0.014029667813151101,0.9621000000000002,0.014255505024325621,False,drop0.1
500,precision@3,0.2,0.15,0.952,20,20,0.9619,0.014029667813151101,0.9621000000000002,0.014255505024325621,False,drop0.1
500,recall@1,0.05,1.0,0.674,20,20,0.7111000000000001,0.023382179449090566,0.6335999999999999,-3.314490001615926,True,drop0.1
500,recall@1,0.1,1.0,0.676,20,20,0.7111000000000001,0.023382179449090566,0.6335999999999999,-3.314490001615926,True,drop0.1
500,recall@1,0.2,1.0,0.682,20,20,0.7111000000000001,0.023382179449090566,0.6335999999999999,-3.314490001615926,True,drop0.1
500,recall@10,0.05,1.0,0.978,20,20,0.9945999999999999,0.005509799881741819,0.882,-20.436313916432766,True,drop0.1
500,recall@10,0.1,1.0,0.986,20,20,0.9945999999999999,0.005509799881741819,0.882,-20.436313916432766,True,drop0.1
500,recall@10,0.2,1.0,0.992,20,20,0.9945999999999999,0.005509799881741819,0.882,-20.436313916432766,True,drop0.1
500,recall@3,0.05,1.0,0.912,20,20,0.9571999999999999,0.014529824137741105,0.8447999999999999,-7.735812831212584,True,drop0.1
500,recall@3,0.1,1.0,0.938,20,20,0.9571999999999999,0.014529824137741105,0.8447999999999999,-7.735812831212584,True,drop0.1
500,recall@3,0.2,1.0,0.946,20,20,0.9571999999999999,0.014529824137741105,0.8447999999999999,-7.735812831212584,True,drop0.1
500,rtd,0.05,0.0,23.587953567504883,20,20,22.95080919265747,0.3628391840110321,21.930069732666016,-2.813200737328356,False,drop0.1
500,rtd,0.1,0.0,23.422515869140625,20,20,22.95080919265747,0.3628391840110321,21.930069732666016,-2.813200737328356,False,drop0.1
500,rtd,0.2,0.0,23.326440811157227,20,20,22.95080919265747,0.3628391840110321,21.930069732666016,-2.813200737328356,False,drop0.1
1000,frechet,0.05,1.0,0.19431843012381947,20,20,0.0973968678974803,0.03672188685534098,1.3293641762497692,33.548584069369696,True,drop0.1
1000,frechet,0.1,1.0,0.1622644432087641,20,20,0.0973968678974803,0.03672188685534098,1.3293641762497692,33.548584069369696,True,drop0.1
1000,frechet,0.2,1.0,0.12015530938294529,20,20,0.0973968678974803,0.03672188685534098,1.3293641762497692,33.548584069369696,True,drop0.1
1000,js,0.05,0.8,0.05920708796659307,20,20,0.026045668820558997,0.017374015964053736,0.08231249040278088,3.238561637023706,True,drop0.1
1000,js,0.1,1.0,0.047224762379938195,20,20,0.026045668820558997,0.017374015964053736,0.08231249040278088,3.238561637023706,True,drop0.1
1000,js,0.2,1.0,0.04490989714914815,20,20,0.026045668820558997,0.017374015964053736,0.08231249040278088,3.238561637023706,True,drop0.1
1000,mmd,0.05,1.0,0.0,20,20,0.0,0.0,0.09790164970843931,inf,True,drop0.1
1000,mmd,0.1,1.0,0.0,20,20,0.0,0.0,0.09790164970843931,inf,True,drop0.1
1000,mmd,0.2,1.0,0.0,20,20,0.0,0.0,0.09790164970843931,inf,True,drop0.1
1000,mtd_PQ,0.05,0.35,19.1929931640625,20,20,17.74807071685791,0.676943546478021,18.764204502105713,1.5010613374401887,False,drop0.1
1000,mtd_PQ,0.1,0.4,18.756656646728516,20,20,17.74807071685791,0.676943546478021,18.764204502105713,1.5010613374401887,False,drop0.1
1000,mtd_PQ,0.2,0.55,18.432266235351562,20,20,17.74807071685791,0.676943546478021,18.764204502105713,1.5010613374401887,False,drop0.1
1000,mtd_QP,0.05,0.15,19.93468475341797,20,20,17.70388650894165,1.2046233833558693,18.664677810668945,0.7975864614637473,False,drop0.1
1000,mtd_QP,0.1,0.35,19.014545440673828,20,20,17.70388650894165,1.2046233833558693,18.664677810668945,0.7975864614637473,False,drop0.1
1000,mtd_QP,0.2,0.4,18.820301055908203,20,20,17.70388650894165,1.2046233833558693,18.664677810668945,0.7975864614637473,False,drop0.1
1000,ntd_PQ,0.05,0.85,1.445391108864127,20,20,1.2364661428025807,0.11057264664179167,1.538805721744516,2.7343071557415706,True,drop0.1
1000,ntd_PQ,0.1,0.95,1.3883876992267103,20,20,1.2364661428025807,0.11057264664179167,1.538805721744516,2.7343071557415706,True,drop0.1
1000,ntd_PQ,0.2,0.95,1.3853283349831056,20,20,1.2364661428025807,0.11057264664179167,1.538805721744516,2.7343071557415706,True,drop0.1
1000,ntd_QP,0.05,0.0,1.436129036203693,20,20,1.2195109305166698,0.10117757052035553,1.1832778681137746,-0.35811358403398047,False,drop0.1
1000,ntd_QP,0.1,0.05,1.3578636624747393,20,20,1.2195109305166698,0.10117757052035553,1.1832778681137746,-0.35811358403398047,False,drop0.1
1000,ntd_QP,0.2,0.05,1.3105757097111566,20,20,1.2195109305166698,0.10117757052035553,1.1832778681137746,-0.35811358403398047,False,drop0.1
1000,precision@1,0.05,0.2,0.679,20,20,0.7205999999999999,0.021641577916982912,0.70175,-0.8710085776697299,False,drop0.1
1000,precision@1,0.1,0.25,0.689,20,20,0.7205999999999999,0.021641577916982912,0.70175,-0.8710085776697299,False,drop0.1
1000,precision@1,0.2,0.55,0.703,20,20,0.7205999999999999,0.021641577916982912,0.70175,-0.8710085776697299,False,drop0.1
1000,precision@10,0.05,0.0,0.99,20,20,0.9974999999999999,0.002259482940385863,0.99665,-0.37619226275494094,False,drop0.1
1000,precision@10,0.1,0.3,0.996,20,20,0.9974999999999999,0.002259482940385863,0.99665,-0.37619226275494094,False,drop0.1
1000,precision@10,0.2,0.3,0.996,20,20,0.9974999999999999,0.002259482940385863,0.99665,-0.37619226275494094,False,drop0.1
1000,precision@3,0.05,0.0,0.956,20,20,0.9716000000000001,0.007936590809926553,0.9671000000000001,-0.5669940794190702,False,drop0.1
1000,precision@3,0.1,0.05,0.957,20,20,0.9716000000000001,0.007936590809926553,0.9671000000000001,-0.5669940794190702,False,drop0.1
1000,precision@3,0.2,0.35,0.964,20,20,0.9716000000000001,0.007936590809926553,0.9671000000000001,-0.5669940794190702,False,drop0.1
1000,recall@1,0.05,1.0,0.672,20,20,0.7110000000000001,0.022613456636539027,0.6257499999999998,-3.7698792082167727,True,drop0.1
1000,recall@1,0.1,1.0,0.679,20,20,0.7110000000000001,0.022613456636539027,0.6257499999999998,-3.7698792082167727,True,drop0.1
1000,recall@1,0.2,1.0,0.683,20,20,0.7110000000000001,0.022613456636539027,0.6257499999999998,-3.7698792082167727,True,drop0.1
1000,recall@10,0.05,1.0,0.991,20,20,0.99665,0.0017851728502481666,0.8812500000000002,-64.64360018916804,True,drop0.1
1000,recall@10,0.1,1.0,0.995,20,20,0.99665,0.0017851728502481666,0.8812500000000002,-64.64360018916804,True,drop0.1
1000,recall@10,0.2,1.0,0.996,20,20,0.99665,0.0017851728502481666,0.8812500000000002,-64.64360018916804,True,drop0.1
1000,recall@3,0.05,1.0,0.959,20,20,0.96975,0.005523871639958417,0.8504999999999999,-21.58811930700434,True,drop0.1
1000,recall@3,0.1,1.0,0.961,20,20,0.96975,0.005523871639958417,0.8504999999999999,-21.58811930700434,True,drop0.1
1000,recall@3,0.2,1.0,0.963,20,20,0.96975,0.005523871639958417,0.8504999999999999,-21.58811930700434,True,drop0.1
1000,rtd,0.05,0.0,23.752304077148438,20,20,23.177610015869142,0.35476359387339296,22.009408378601073,-3.2929016884550237,False,drop0.1
1000,rtd,0.1,0.0,23.74545669555664,20,20,23.177610015869142,0.35476359387339296,22.009408378601073,-3.2929016884550237,False,drop0.1
1000,rtd,0.2,0.0,23.563024520874023,20,20,23.177610015869142,0.35476359387339296,22.009408378601073,-3.2929016884550237,False,drop0.1
100,frechet,0.05,1.0,0.46864068721478996,20,20,0.31788197704790866,0.09400815191309296,2.7957473844541303,26.357984461782802,True,drop0.25
100,frechet,0.1,1.0,0.4598757887443133,20,20,0.31788197704790866,0.09400815191309296,2.7957473844541303,26.357984461782802,True,drop0.25
100,frechet,0.2,1.0,0.4572118809626206,20,20,0.31788197704790866,0.09400815191309296,2.7957473844541303,26.357984461782802,True,drop0.25
100,js,0.05,0.9,0.004804092777113941,20,20,0.00024020463885569707,0.0010742278019842519,0.06991394198594511,64.85936895171776,True,drop0.25
100,js,0.1,0.9,0.0,20,20,0.00024020463885569707,0.0010742278019842519,0.06991394198594511,64.85936895171776,True,drop0.25
100,js,0.2,0.9,0.0,20,20,0.00024020463885569707,0.0010742278019842519,0.06991394198594511,64.85936895171776,True,drop0.25
100,mmd,0.05,1.0,0.0,20,20,0.0,0.0,0.17424194432903747,inf,True,drop0.25
100,mmd,0.1,1.0,0.0,20,20,0.0,0.0,0.17424194432903747,inf,True,drop0.25
100,mmd,0.2,1.0,0.0,20,20,0.0,0.0,0.17424194432903747,inf,True,drop0.25
100,mtd_PQ,0.05,1.0,4.616823673248291,20,20,3.3367751479148864,0.673170291006817,6.849628329277039,5.218372272650663,True,drop0.25
100,mtd_PQ,0.1,1.0,4.476966857910156,20,20,3.3367751479148864,0.673170291006817,6.849628329277039,5.218372272650663,True,drop0.25
100,mtd_PQ,0.2,1.0,3.907677173614502,20,20,3.3367751479148864,0.673170291006817,6.849628329277039,5.218372272650663,True,drop0.25
100,mtd_QP,0.05,0.0,5.10437536239624,20,20,3.6895920753479006,0.9187661596547801,3.818499445915222,0.14030487432815075,False,drop0.25
100,mtd_QP,0.1,0.0,4.918361663818359,20,20,3.6895920753479006,0.9187661596547801,3.818499445915222,0.14030487432815075,False,drop0.25
100,mtd_QP,0.2,0.05,4.689798355102539,20,20,3.6895920753479006,0.9187661596547801,3.818499445915222,0.14030487432815075,False,drop0.25
100,ntd_PQ,0.05,0.0,228.70984247243243,20,20,60.148264056113455,43.37347462162413,103.01489160961005,0.9883143540482037,False,drop0.25
100,ntd_PQ,0.1,0.65,81.04130982036017,20,20,60.148264056113455,43.37347462162413,103.01489160961005,0.9883143540482037,False,drop0.25
100,ntd_PQ,0.2,0.7,76.20480921120563,20,20,60.148264056113455,43.37347462162413,103.01489160961005,0.9883143540482037,False,drop0.25
100,ntd_QP,0.05,0.0,206.03050424255326,20,20,60.22988211507811,44.13662559769423,51.525944416392534,-0.1972044210634056,False,drop0.25
100,ntd_QP,0.1,0.0,157.35506675021108,20,20,60.22988211507811,44.13662559769423,51.525944416392534,-0.1972044210634056,False,drop0.25
100,ntd_QP,0.2,0.15,74.13747607259026,20,20,60.22988211507811,44.13662559769423,51.525944416392534,-0.1972044210634056,False,drop0.25
100,precision@1,0.05,0.1,0.61,20,20,0.708,0.05227457870655075,0.7075000000000001,-0.009564878615412083,False,drop0.25
100,precision@1,0.1,0.1,0.62,20,20,0.708,0.05227457870655075,0.7075000000000001,-0.009564878615412083,False,drop0.25
100,precision@1,0.2,0.1,0.65,20,20,0.708,0.05227457870655075,0.7075000000000001,-0.009564878615412083,False,drop0.25
100,precision@10,0.05,0.0,0.99,20,20,0.9984999999999999,0.0036634754853252364,0.999,0.1364824200415434,False,drop0.25
100,precision@10,0.1,0.0,0.99,20,20,0.9984999999999999,0.0036634754853252364,0.999,0.1364824200415434,False,drop0.25
100,precision@10,0.2,0.1,1.0,20,20,0.9984999999999999,0.0036634754853252364,0.999,0.1364824200415434,False,drop0.25
100,precision@3,0.05,0.0,0.88,20,20,0.932,0.03172248082155119,0.9404999999999999,0.2679487789058831,False,drop0.25
100,precision@3,0.1,0.0,0.88,20,20,0.932,0.03172248082155119,0.9404999999999999,0.2679487789058831,False,drop0.25
100,precision@3,0.2,0.0,0.89,20,20,0.932,0.03172248082155119,0.9404999999999999,0.2679487789058831,False,drop0.25
100,recall@1,0.05,0.35,0.52,20,20,0.6895,0.07563590069328328,0.541,-1.9633533631362876,False,drop0.25
100,recall@1,0.1,0.55,0.54,20,20,0.6895,0.07563590069328328,0.541,-1.9633533631362876,False,drop0.25
100,recall@1,0.2,0.9,0.64,20,20,0.6895,0.07563590069328328,0.541,-1.9633533631362876,True,drop0.25
100,recall@10,0.05,1.0,0.99,20,20,0.999,0.0030779350562554647,0.7735,-73.26340415848065,True,drop0.25
100,recall@10,0.1,1.0,0.99,20,20,0.999,0.0030779350562554647,0.7735,-73.26340415848065,True,drop0.25
100,recall@10,0.2,1.0,1.0,20,20,0.999,0.0030779350562554647,0.7735,-73.26340415848065,True,drop0.25
100,recall@3,0.05,1.0,0.88,20,20,0.9270000000000002,0.034043316060881186,0.7195,-6.09517591144525,True,drop0.25
100,recall@3,0.1,1.0,0.88,20,20,0.9270000000000002,0.034043316060881186,0.7195,-6.09517591144525,True,drop0.25
100,recall@3,0.2,1.0,0.9,20,20,0.9270000000000002,0.034043316060881186,0.7195,-6.09517591144525,True,drop0.25
100,rtd,0.05,0.0,10.955785751342773,20,20,9.677387380599976,0.6231487528121316,8.349947261810303,-2.1302138739734797,False,drop0.25
100,rtd,0.1,0.0,10.404119491577148,20,20,9.677387380599976,0.6231487528121316,8.349947261810303,-2.1302138739734797,False,drop0.25
100,rtd,0.2,0.0,10.248069763183594,20,20,9.677387380599976,0.6231487528121316,8.349947261810303,-2.1302138739734797,False,drop0.25
250,frechet,0.05,1.0,0.3504976130988042,20,20,0.19558759156265212,0.060024398510174964,2.892298064802516,44.92690539469103,True,drop0.25
250,frechet,0.1,1.0,0.2738568500702185,20,20,0.19558759156265212,0.060024398510174964,2.892298064802516,44.92690539469103,True,drop0.25
250,frechet,0.2,1.0,0.2398273001227666,20,20,0.19558759156265212,0.060024398510174964,2.892298064802516,44.92690539469103,True,drop0.25
250,js,0.05,0.95,0.07113884080619601,20,20,0.018409303837419885,0.02359292931345378,0.12878673046489106,4.678411279964667,True,drop0.25
250,js,0.1,0.95,0.05813083440935419,20,20,0.018409303837419885,0.02359292931345378,0.12878673046489106,4.678411279964667,True,drop0.25
250,js,0.2,0.95,0.050485713975671156,20,20,0.018409303837419885,0.02359292931345378,0.12878673046489106,4.678411279964667,True,drop0.25
250,mmd,0.05,1.0,0.0,20,20,0.0,0.0,0.20130849289822,inf,True,drop0.25
250,mmd,0.1,1.0,0.0,20,20,0.0,0.0,0.20130849289822,inf,True,drop0.25
250,mmd,0.2,1.0,0.0,20,20,0.0,0.0,0.20130849289822,inf,True,drop0.25
250,mtd_PQ,0.05,0.95,7.866939544677734,20,20,6.81853494644165,0.7213512680810631,9.499778199195863,3.716973091191548,True,drop0.25
250,mtd_PQ,0.1,0.95,7.854791641235352,20,20,6.81853494644165,0.7213512680810631,9.499778199195863,3.716973091191548,True,drop0.25
250,mtd_PQ,0.2,0.95,7.429293155670166,20,20,6.81853494644165,0.7213512680810631,9.499778199195863,3.716973091191548,True,drop0.25
250,mtd_QP,0.05,0.1,8.70883560180664,20,20,6.900567936897278,1.05608095324826,7.613055539131165,0.6746524497411304,False,drop0.25
250,mtd_QP,0.1,0.25,8.09193229675293,20,20,6.900567936897278,1.05608095324826,7.613055539131165,0.6746524497411304,False,drop0.25
250,mtd_QP,0.2,0.3,7.9576497077941895,20,20,6.900567936897278,1.05608095324826,7.613055539131165,0.6746524497411304,False,drop0.25
250,ntd_PQ,0.05,1.0,2.8677215062880586,20,20,2.292612820361362,0.2409437786229572,3.65840856909893,5.668524651449269,True,drop0.25
250,ntd_PQ,0.1,1.0,2.7607266459723125,20,20,2.292612820361362,0.2409437786229572,3.65840856909893,5.668524651449269,True,drop0.25
250,ntd_PQ,0.2,1.0,2.4437466702476027,20,20,2.292612820361362,0.2409437786229572,3.65840856909893,5.668524651449269,True,drop0.25
250,ntd_QP,0.05,0.0,2.9082125573800277,20,20,2.289557584295041,0.3130159309658987,2.250447218153596,-0.12494688695479221,False,drop0.25
250,ntd_QP,0.1,0.0,2.841822404427491,20,20,2.289557584295041,0.3130159309658987,2.250447218153596,-0.12494688695479221,False,drop0.25
250,ntd_QP,0.2,0.15,2.532263885874089,20,20,2.289557584295041,0.3130159309658987,2.250447218153596,-0.12494688695479221,False,drop0.25
250,precision@1,0.05,0.0,0.596,20,20,0.713,0.05039423525928756,0.712,-0.019843539540877746,False,drop0.25
250,precision@1,0.1,0.0,0.616,20,20,0.713,0.05039423525928756,0.712,-0.019843539540877746,False,drop0.25
250,precision@1,0.2,0.3,0.664,20,20,0.713,0.05039423525928756,0.712,-0.019843539540877746,False,drop0.25
250,precision@10,0.05,0.0,0.98,20,20,0.9928000000000001,0.006169534657876306,0.9955999999999999,0.4538429809167638,False,drop0.25
250,precision@10,0.1,0.0,0.98,20,20,0.9928000000000001,0.006169534657876306,0.9955999999999999,0.4538429809167638,False,drop0.25
250,precision@10,0.2,0.15,0.992,20,20,0.9928000000000001,0.006169534657876306,0.9955999999999999,0.4538429809167638,False,drop0.25
250,precision@3,0.05,0.0,0.908,20,20,0.9449999999999997,0.01884563330686557,0.9465999999999999,0.08490030416846608,False,drop0.25
250,precision@3,0.1,0.05,0.92,20,20,0.9449999999999997,0.01884563330686557,0.9465999999999999,0.08490030416846608,False,drop0.25
250,precision@3,0.2,0.05,0.924,20,20,0.9449999999999997,0.01884563330686557,0.9465999999999999,0.08490030416846608,False,drop0.25
250,recall@1,0.05,1.0,0.668,20,20,0.7233999999999999,0.030165159407920646,0.5402,-6.073231622037974,True,drop0.25
250,recall@1,0.1,1.0,0.68,20,20,0.7233999999999999,0.030165159407920646,0.5402,-6.073231622037974,True,drop0.25
250,recall@1,0.2,1.0,0.7,20,20,0.7233999999999999,0.030165159407920646,0.5402,-6.073231622037974,True,drop0.25
250,recall@10,0.05,1.0,0.976,20,20,0.9959999999999999,0.005947135533400231,0.7594000000000001,-39.783858745308535,True,drop0.25
250,recall@10,0.1,1.0,0.988,20,20,0.9959999999999999,0.005947135533400231,0.7594000000000001,-39.783858745308535,True,drop0.25
250,recall@10,0.2,1.0,0.992,20,20,0.9959999999999999,0.005947135533400231,0.7594000000000001,-39.783858745308535,True,drop0.25
250,recall@3,0.05,1.0,0.896,20,20,0.9498,0.024086685555564317,0.7228,-9.424293744207585,True,drop0.25
250,recall@3,0.1,1.0,0.916,20,20,0.9498,0.024086685555564317,0.7228,-9.424293744207585,True,drop0.25
250,recall@3,0.2,1.0,0.924,20,20,0.9498,0.024086685555564317,0.7228,-9.424293744207585,True,drop0.25
250,rtd,0.05,0.0,16.103084564208984,20,20,15.46384243965149,0.3859104164521178,13.536796855926514,-4.993504973100606,False,drop0.25
250,rtd,0.1,0.0,16.01897621154785,20,20,15.46384243965149,0.3859104164521178,13.536796855926514,-4.993504973100606,False,drop0.25
250,rtd,0.2,0.0,15.807464599609375,20,20,15.46384243965149,0.3859104164521178,13.536796855926514,-4.993504973100606,False,drop0.25
500,frechet,0.05,1.0,0.17997060644789156,20,20,0.12251841176828353,0.0455975801220316,2.842821056543827,59.65892570384809,True,drop0.25
500,frechet,0.1,1.0,0.17646627057331632,20,20,0.12251841176828353,0.0455975801220316,2.842821056543827,59.65892570384809,True,drop0.25
500,frechet,0.2,1.0,0.17222524948248066,20,20,0.12251841176828353,0.0455975801220316,2.842821056543827,59.65892570384809,True,drop0.25
500,js,0.05,1.0,0.07803257895231987,20,20,0.03028721621280091,0.02384742402450923,0.15286678909631174,5.14015990815316,True,drop0.25
500,js,0.1,1.0,0.07552670779329046,20,20,0.03028721621280091,0.02384742402450923,0.15286678909631174,5.14015990815316,True,drop0.25
500,js,0.2,1.0,0.049208640067022635,20,20,0.03028721621280091,0.02384742402450923,0.15286678909631174,5.14015990815316,True,drop0.25
500,mmd,0.05,1.0,0.0,20,20,0.0,0.0,0.2014131525762252,inf,True,drop0.25
500,mmd,0.1,1.0,0.0,20,20,0.0,0.0,0.2014131525762252,inf,True,drop0.25
500,mmd,0.2,1.0,0.0,20,20,0.0,0.0,0.2014131525762252,inf,True,drop0.25
500,mtd_PQ,0.05,0.7,13.476850509643555,20,20,11.259270763397216,1.1119419138028208,13.905474996566772,2.379804376758842,False,drop0.25
500,mtd_PQ,0.1,0.75,12.992181777954102,20,20,11.259270763397216,1.1119419138028208,13.905474996566772,2.379804376758842,False,drop0.25
500,mtd_PQ,0.2,0.95,12.46272087097168,20,20,11.259270763397216,1.1119419138028208,13.905474996566772,2.379804376758842,True,drop0.25
500,mtd_QP,0.05,0.05,14.700769424438477,20,20,11.324064588546753,1.2336961240978437,12.465399265289307,0.9251343620595142,False,drop0.25
500,mtd_QP,0.1,0.3,12.71342658996582,20,20,11.324064588546753,1.2336961240978437,12.465399265289307,0.9251343620595142,False,drop0.25
500,mtd_QP,0.2,0.6,12.1987886428833,20,20,11.324064588546753,1.2336961240978437,12.465399265289307,0.9251343620595142,False,drop0.25
500,ntd_PQ,0.05,1.0,1.5697442897610583,20,20,1.345802189048396,0.12089061246597729,2.2396221100062417,7.39362554895978,True,drop0.25
500,ntd_PQ,0.1,1.0,1.5189691388079605,20,20,1.345802189048396,0.12089061246597729,2.2396221100062417,7.39362554895978,True,drop0.25
500,ntd_PQ,0.2,1.0,1.4840573240149117,20,20,1.345802189048396,0.12089061246597729,2.2396221100062417,7.39362554895978,True,drop0.25
500,ntd_QP,0.05,0.0,1.6270799216604044,20,20,1.3732706683070959,0.10095150236816709,1.3209432797038425,-0.5183418510446447,False,drop0.25
500,ntd_QP,0.1,0.05,1.5354459244178955,20,20,1.3732706683070959,0.10095150236816709,1.3209432797038425,-0.5183418510446447,False,drop0.25
500,ntd_QP,0.2,0.15,1.4609373488697008,20,20,1.3732706683070959,0.10095150236816709,1.3209432797038425,-0.5183418510446447,False,drop0.25
500,precision@1,0.05,0.05,0.656,20,20,0.7131000000000001,0.026209480004480493,0.7133999999999999,0.01144624006079623,False,drop0.25
500,precision@1,0.1,0.05,0.668,20,20,0.7131000000000001,0.026209480004480493,0.7133999999999999,0.01144624006079623,False,drop0.25
500,precision@1,0.2,0.25,0.692,20,20,0.7131000000000001,0.026209480004480493,0.7133999999999999,0.01144624006079623,False,drop0.25
500,precision@10,0.05,0.0,0.99,20,20,0.9955999999999999,0.003084767328938153,0.9959,0.09725206733933274,False,drop0.25
500,precision@10,0.1,0.0,0.99,20,20,0.9955999999999999,0.003084767328938153,0.9959,0.09725206733933274,False,drop0.25
500,precision@10,0.2,0.0,0.992,20,20,0.9955999999999999,0.003084767328938153,0.9959,0.09725206733933274,False,drop0.25
500,precision@3,0.05,0.0,0.924,20,20,0.9619,0.014029667813151101,0.9616,-0.021383257536488988,False,drop0.25
500,precision@3,0.1,0.05,0.934,20,20,0.9619,0.014029667813151101,0.9616,-0.021383257536488988,False,drop0.25
500,precision@3,0.2,0.15,0.952,20,20,0.9619,0.014029667813151101,0.9616,-0.021383257536488988,False,drop0.25
500,recall@1,0.05,1.0,0.674,20,20,0.7111000000000001,0.023382179449090566,0.5331,-7.6126351004856065,True,drop0.25
500,recall@1,0.1,1.0,0.676,20,20,0.7111000000000001,0.023382179449090566,0.5331,-7.6126351004856065,True,drop0.25
500,recall@1,0.2,1.0,0.682,20,20,0.7111000000000001,0.023382179449090566,0.5331,-7.6126351004856065,True,drop0.25
500,recall@10,0.05,1.0,0.978,20,20,0.9945999999999999,0.005509799881741819,0.7552999999999999,-43.43170444229452,True,drop0.25
500,recall@10,0.1,1.0,0.986,20,20,0.9945999999999999,0.005509799881741819,0.7552999999999999,-43.43170444229452,True,drop0.25
500,recall@10,0.2,1.0,0.992,20,20,0.9945999999999999,0.005509799881741819,0.7552999999999999,-43.43170444229452,True,drop0.25
500,recall@3,0.05,1.0,0.912,20,20,0.9571999999999999,0.014529824137741105,0.7269,-15.850157429077035,True,drop0.25
500,recall@3,0.1,1.0,0.938,20,20,0.9571999999999999,0.014529824137741105,0.7269,-15.850157429077035,True,drop0.25
500,recall@3,0.2,1.0,0.946,20,20,0.9571999999999999,0.014529824137741105,0.7269,-15.850157429077035,True,drop0.25
500,rtd,0.05,0.0,23.587953567504883,20,20,22.95080919265747,0.3628391840110321,20.69696636199951,-6.211685313980396,False,drop0.25
500,rtd,0.1,0.0,23.422515869140625,20,20,22.95080919265747,0.3628391840110321,20.69696636199951,-6.211685313980396,False,drop0.25
500,rtd,0.2,0.0,23.326440811157227,20,20,22.95080919265747,0.3628391840110321,20.69696636199951,-6.211685313980396,False,drop0.25
1000,frechet,0.05,1.0,0.19431843012381947,20,20,0.0973968678974803,0.03672188685534098,2.8800024490669918,75.77512539404816,True,drop0.25
1000,frechet,0.1,1.0,0.1622644432087641,20,20,0.0973968678974803,0.03672188685534098,2.8800024490669918,75.77512539404816,True,drop0.25
1000,frechet,0.2,1.0,0.12015530938294529,20,20,0.0973968678974803,0.03672188685534098,2.8800024490669918,75.77512539404816,True,drop0.25
1000,js,0.05,1.0,0.05920708796659307,20,20,0.026045668820558997,0.017374015964053736,0.154651453385455,7.402190997808285,True,drop0.25
1000,js,0.1,1.0,0.047224762379938195,20,20,0.026045668820558997,0.017374015964053736,0.154651453385455,7.402190997808285,True,drop0.25
1000,js,0.2,1.0,0.04490989714914815,20,20,0.026045668820558997,0.017374015964053736,0.154651453385455,7.402190997808285,True,drop0.25
1000,mmd,0.05,1.0,0.0,20,20,0.0,0.0,0.20765604856177075,inf,True,drop0.25
1000,mmd,0.1,1.0,0.0,20,20,0.0,0.0,0.20765604856177075,inf,True,drop0.25
1000,mmd,0.2,1.0,0.0,20,20,0.0,0.0,0.20765604856177075,inf,True,drop0.25
1000,mtd_PQ,0.05,0.75,19.1929931640625,20,20,17.74807071685791,0.676943546478021,20.0236346244812,3.361526850300174,False,drop0.25
1000,mtd_PQ,0.1,0.85,18.756656646728516,20,20,17.74807071685791,0.676943546478021,20.0236346244812,3.361526850300174,True,drop0.25
1000,mtd_PQ,0.2,0.9,18.432266235351562,20,20,17.74807071685791,0.676943546478021,20.0236346244812,3.361526850300174,True,drop0.25
1000,mtd_QP,0.05,0.35,19.93468475341797,20,20,17.70388650894165,1.2046233833558693,19.360175991058348,1.3749438247683419,False,drop0.25
1000,mtd_QP,0.1,0.65,19.014545440673828,20,20,17.70388650894165,1.2046233833558693,19.360175991058348,1.3749438247683419,False,drop0.25
1000,mtd_QP,0.2,0.7,18.820301055908203,20,20,17.70388650894165,1.2046233833558693,19.360175991058348,1.3749438247683419,False,drop0.25
1000,ntd_PQ,0.05,1.0,1.445391108864127,20,20,1.2364661428025807,0.11057264664179167,1.9315333216590962,6.28606802827319,True,drop0.25
1000,ntd_PQ,0.1,1.0,1.3883876992267103,20,20,1.2364661428025807,0.11057264664179167,1.9315333216590962,6.28606802827319,True,drop0.25
1000,ntd_PQ,0.2,1.0,1.3853283349831056,20,20,1.2364661428025807,0.11057264664179167,1.9315333216590962,6.28606802827319,True,drop0.25
1000,ntd_QP,0.05,0.0,1.436129036203693,20,20,1.2195109305166698,0.10117757052035553,1.167700176501517,-0.5120774668603996,False,drop0.25
1000,ntd_QP,0.1,0.05,1.3578636624747393,20,20,1.2195109305166698,0.10117757052035553,1.167700176501517,-0.5120774668603996,False,drop0.25
1000,ntd_QP,0.2,0.05,1.3105757097111566,20,20,1.2195109305166698,0.10117757052035553,1.167700176501517,-0.5120774668603996,False,drop0.25
1000,precision@1,0.05,0.15,0.679,20,20,0.7205999999999999,0.021641577916982912,0.7019,-0.8640774749296524,False,drop0.25
1000,precision@1,0.1,0.25,0.689,20,20,0.7205999999999999,0.021641577916982912,0.7019,-0.8640774749296524,False,drop0.25
1000,precision@1,0.2,0.55,0.703,20,20,0.7205999999999999,0.021641577916982912,0.7019,-0.8640774749296524,False,drop0.25
1000,precision@10,0.05,0.0,0.99,20,20,0.9974999999999999,0.002259482940385863,0.99655,-0.4204501760202312,False,drop0.25
1000,precision@10,0.1,0.3,0.996,20,20,0.9974999999999999,0.002259482940385863,0.99655,-0.4204501760202312,False,drop0.25
1000,precision@10,0.2,0.3,0.996,20,20,0.9974999999999999,0.002259482940385863,0.99655,-0.4204501760202312,False,drop0.25
1000,precision@3,0.05,0.05,0.956,20,20,0.9716000000000001,0.007936590809926553,0.9671,-0.5669940794190702,False,drop0.25
1000,precision@3,0.1,0.1,0.957,20,20,0.9716000000000001,0.007936590809926553,0.9671,-0.5669940794190702,False,drop0.25
1000,precision@3,0.2,0.3,0.964,20,20,0.9716000000000001,0.007936590809926553,0.9671,-0.5669940794190702,False,drop0.25
1000,recall@1,0.05,1.0,0.672,20,20,0.7110000000000001,0.022613456636539027,0.5268999999999999,-8.141170231468708,True,drop0.25
1000,recall@1,0.1,1.0,0.679,20,20,0.7110000000000001,0.022613456636539027,0.5268999999999999,-8.141170231468708,True,drop0.25
1000,recall@1,0.2,1.0,0.683,20,20,0.7110000000000001,0.022613456636539027,0.5268999999999999,-8.141170231468708,True,drop0.25
1000,recall@10,0.05,1.0,0.991,20,20,0.99665,0.0017851728502481666,0.7545000000000001,-135.64512812657748,True,drop0.25
1000,recall@10,0.1,1.0,0.995,20,20,0.99665,0.0017851728502481666,0.7545000000000001,-135.64512812657748,True,drop0.25
1000,recall@10,0.2,1.0,0.996,20,20,0.99665,0.0017851728502481666,0.7545000000000001,-135.64512812657748,True,drop0.25
1000,recall@3,0.05,1.0,0.959,20,20,0.96975,0.005523871639958417,0.7287,-43.63787135390688,True,drop0.25
1000,recall@3,0.1,1.0,0.961,20,20,0.96975,0.005523871639958417,0.7287,-43.63787135390688,True,drop0.25
1000,recall@3,0.2,1.0,0.963,20,20,0.96975,0.005523871639958417,0.7287,-43.63787135390688,True,drop0.25
1000,rtd,0.05,0.0,23.752304077148438,20,20,23.177610015869142,0.35476359387339296,20.71128854751587,-6.952013991699066,False,drop0.25
1000,rtd,0.1,0.0,23.74545669555664,20,20,23.177610015869142,0.35476359387339296,20.71128854751587,-6.952013991699066,False,drop0.25
1000,rtd,0.2,0.0,23.563024520874023,20,20,23.177610015869142,0.35476359387339296,20.71128854751587,-6.952013991699066,False,drop0.25
100,frechet,0.05,1.0,0.46864068721478996,20,20,0.31788197704790866,0.09400815191309296,2.5095429470183443,23.313520427425747,True,invent0.15
100,frechet,0.1,1.0,0.4598757887443133,20,20,0.31788197704790866,0.09400815191309296,2.5095429470183443,23.313520427425747,True,invent0.15
100,frechet,0.2,1.0,0.4572118809626206,20,20,0.31788197704790866,0.09400815191309296,2.5095429470183443,23.313520427425747,True,invent0.15
100,js,0.05,0.2,0.004804092777113941,20,20,0.00024020463885569707,0.0010742278019842519,0.009089402205002038,8.237729045739284,False,invent0.15
100,js,0.1,0.25,0.0,20,20,0.00024020463885569707,0.0010742278019842519,0.009089402205002038,8.237729045739284,False,invent0.15
100,js,0.2,0.25,0.0,20,20,0.00024020463885569707,0.0010742278019842519,0.009089402205002038,8.237729045739284,False,invent0.15
100,mmd,0.05,1.0,0.0,20,20,0.0,0.0,0.08780605512051162,inf,True,invent0.15
100,mmd,0.1,1.0,0.0,20,20,0.0,0.0,0.08780605512051162,inf,True,invent0.15
100,mmd,0.2,1.0,0.0,20,20,0.0,0.0,0.08780605512051162,inf,True,invent0.15
100,mtd_PQ,0.05,0.2,4.616823673248291,20,20,3.3367751479148864,0.673170291006817,4.268654954433441,1.3843151115965067,False,invent0.15
100,mtd_PQ,0.1,0.25,4.476966857910156,20,20,3.3367751479148864,0.673170291006817,4.268654954433441,1.3843151115965067,False,invent0.15
100,mtd_PQ,0.2,0.75,3.907677173614502,20,20,3.3367751479148864,0.673170291006817,4.268654954433441,1.3843151115965067,False,invent0.15
100,mtd_QP,0.05,0.0,5.10437536239624,20,20,3.6895920753479006,0.9187661596547801,2.92228986620903,-0.8351441779562047,False,invent0.15
100,mtd_QP,0.1,0.0,4.918361663818359,20,20,3.6895920753479006,0.9187661596547801,2.92228986620903,-0.8351441779562047,False,invent0.15
100,mtd_QP,0.2,0.0,4.689798355102539,20,20,3.6895920753479006,0.9187661596547801,2.92228986620903,-0.8351441779562047,False,invent0.15
100,ntd_PQ,0.05,0.0,228.70984247243243,20,20,60.148264056113455,43.37347462162413,59.805553351026425,-0.007901389226404603,False,invent0.15
100,ntd_PQ,0.1,0.2,81.04130982036017,20,20,60.148264056113455,43.37347462162413,59.805553351026425,-0.007901389226404603,False,invent0.15
100,ntd_PQ,0.2,0.2,76.20480921120563,20,20,60.148264056113455,43.37347462162413,59.805553351026425,-0.007901389226404603,False,invent0.15
100,ntd_QP,0.05,0.0,206.03050424255326,20,20,60.22988211507811,44.13662559769423,82.12371429638554,0.4960468065880234,False,invent0.15
100,ntd_QP,0.1,0.05,157.35506675021108,20,20,60.22988211507811,44.13662559769423,82.12371429638554,0.4960468065880234,False,invent0.15
100,ntd_QP,0.2,0.5,74.13747607259026,20,20,60.22988211507811,44.13662559769423,82.12371429638554,0.4960468065880234,False,invent0.15
100,precision@1,0.05,0.9,0.61,20,20,0.708,0.05227457870655075,0.559,-2.850333827393011,True,invent0.15
100,precision@1,0.1,0.95,0.62,20,20,0.708,0.05227457870655075,0.559,-2.850333827393011,True,invent0.15
100,precision@1,0.2,0.95,0.65,20,20,0.708,0.05227457870655075,0.559,-2.850333827393011,True,invent0.15
100,precision@10,0.05,1.0,0.99,20,20,0.9984999999999999,0.0036634754853252364,0.8290000000000001,-46.267540394078004,True,invent0.15
100,precision@10,0.1,1.0,0.99,20,20,0.9984999999999999,0.0036634754853252364,0.8290000000000001,-46.267540394078004,True,invent0.15
100,precision@10,0.2,1.0,1.0,20,20,0.9984999999999999,0.0036634754853252364,0.8290000000000001,-46.267540394078004,True,invent0.15
100,precision@3,0.05,1.0,0.88,20,20,0.932,0.03172248082155119,0.752,-5.6742094356540385,True,invent0.15
100,precision@3,0.1,1.0,0.88,20,20,0.932,0.03172248082155119,0.752,-5.6742094356540385,True,invent0.15
100,precision@3,0.2,1.0,0.89,20,20,0.932,0.03172248082155119,0.752,-5.6742094356540385,True,invent0.15
100,recall@1,0.05,0.0,0.52,20,20,0.6895,0.07563590069328328,0.703,0.17848666937602622,False,invent0.15
100,recall@1,0.1,0.05,0.54,20,20,0.6895,0.07563590069328328,0.703,0.17848666937602622,False,invent0.15
100,recall@1,0.2,0.1,0.64,20,20,0.6895,0.07563590069328328,0.703,0.17848666937602622,False,invent0.15
100,recall@10,0.05,0.0,0.99,20,20,0.999,0.0030779350562554647,1.0,0.3248931448269656,False,invent0.15
100,recall@10,0.1,0.0,0.99,20,20,0.999,0.0030779350562554647,1.0,0.3248931448269656,False,invent0.15
100,recall@10,0.2,0.0,1.0,20,20,0.999,0.0030779350562554647,1.0,0.3248931448269656,False,invent0.15
100,recall@3,0.05,0.1,0.88,20,20,0.9270000000000002,0.034043316060881186,0.9315,0.1321845378385666,False,invent0.15
100,recall@3,0.1,0.1,0.88,20,20,0.9270000000000002,0.034043316060881186,0.9315,0.1321845378385666,False,invent0.15
100,recall@3,0.2,0.15,0.9,20,20,0.9270000000000002,0.034043316060881186,0.9315,0.1321845378385666,False,invent0.15
100,rtd,0.05,0.0,10.955785751342773,20,20,9.677387380599976,0.6231487528121316,9.606596946716309,-0.11360118039907148,False,invent0.15
100,rtd,0.1,0.0,10.404119491577148,20,20,9.677387380599976,0.6231487528121316,9.606596946716309,-0.11360118039907148,False,invent0.15
100,rtd,0.2,0.05,10.248069763183594,20,20,9.677387380599976,0.6231487528121316,9.606596946716309,-0.11360118039907148,False,invent0.15
250,frechet,0.05,1.0,0.3504976130988042,20,20,0.19558759156265212,0.060024398510174964,2.481927973744572,38.09018397401106,True,invent0.15
250,frechet,0.1,1.0,0.2738568500702185,20,20,0.19558759156265212,0.060024398510174964,2.481927973744572,38.09018397401106,True,invent0.15
250,frechet,0.2,1.0,0.2398273001227666,20,20,0.19558759156265212,0.060024398510174964,2.481927973744572,38.09018397401106,True,invent0.15
250,js,0.05,0.8,0.07113884080619601,20,20,0.018409303837419885,0.02359292931345378,0.09711430743082838,3.3359572500616634,True,invent0.15
250,js,0.1,0.8,0.05813083440935419,20,20,0.018409303837419885,0.02359292931345378,0.09711430743082838,3.3359572500616634,True,invent0.15
250,js,0.2,0.8,0.050485713975671156,20,20,0.018409303837419885,0.02359292931345378,0.09711430743082838,3.3359572500616634,True,invent0.15
250,mmd,0.05,1.0,0.0,20,20,0.0,0.0,0.11476832280857177,inf,True,invent0.15
250,mmd,0.1,1.0,0.0,20,20,0.0,0.0,0.11476832280857177,inf,True,invent0.15
250,mmd,0.2,1.0,0.0,20,20,0.0,0.0,0.11476832280857177,inf,True,invent0.15
250,mtd_PQ,0.05,0.8,7.866939544677734,20,20,6.81853494644165,0.7213512680810631,8.635628962516785,2.5190141010065235,True,invent0.15
250,mtd_PQ,0.1,0.8,7.854791641235352,20,20,6.81853494644165,0.7213512680810631,8.635628962516785,2.5190141010065235,True,invent0.15
250,mtd_PQ,0.2,0.9,7.429293155670166,20,20,6.81853494644165,0.7213512680810631,8.635628962516785,2.5190141010065235,True,invent0.15
250,mtd_QP,0.05,0.0,8.70883560180664,20,20,6.900567936897278,1.05608095324826,6.101075172424316,-0.7570373862097475,False,invent0.15
250,mtd_QP,0.1,0.0,8.09193229675293,20,20,6.900567936897278,1.05608095324826,6.101075172424316,-0.7570373862097475,False,invent0.15
250,mtd_QP,0.2,0.0,7.9576497077941895,20,20,6.900567936897278,1.05608095324826,6.101075172424316,-0.7570373862097475,False,invent0.15
250,ntd_PQ,0.05,0.0,2.8677215062880586,20,20,2.292612820361362,0.2409437786229572,2.257691831558241,-0.14493417926249008,False,invent0.15
250,ntd_PQ,0.1,0.05,2.7607266459723125,20,20,2.292612820361362,0.2409437786229572,2.257691831558241,-0.14493417926249008,False,invent0.15
250,ntd_PQ,0.2,0.25,2.4437466702476027,20,20,2.292612820361362,0.2409437786229572,2.257691831558241,-0.14493417926249008,False,invent0.15
250,ntd_QP,0.05,0.95,2.9082125573800277,20,20,2.289557584295041,0.3130159309658987,3.40760643654673,3.5718592622478815,True,invent0.15
250,ntd_QP,0.1,0.95,2.841822404427491,20,20,2.289557584295041,0.3130159309658987,3.40760643654673,3.5718592622478815,True,invent0.15
250,ntd_QP,0.2,1.0,2.532263885874089,20,20,2.289557584295041,0.3130159309658987,3.40760643654673,3.5718592622478815,True,invent0.15
250,precision@1,0.05,0.75,0.596,20,20,0.713,0.05039423525928756,0.5608000000000001,-3.020186718121688,False,invent0.15
250,precision@1,0.1,0.9,0.616,20,20,0.713,0.05039423525928756,0.5608000000000001,-3.020186718121688,True,invent0.15
250,precision@1,0.2,1.0,0.664,20,20,0.713,0.05039423525928756,0.5608000000000001,-3.020186718121688,True,invent0.15
250,precision@10,0.05,1.0,0.98,20,20,0.9928000000000001,0.006169534657876306,0.8134,-29.078368134454024,True,invent0.15
250,precision@10,0.1,1.0,0.98,20,20,0.9928000000000001,0.006169534657876306,0.8134,-29.078368134454024,True,invent0.15
250,precision@10,0.2,1.0,0.992,20,20,0.9928000000000001,0.006169534657876306,0.8134,-29.078368134454024,True,invent0.15
250,precision@3,0.05,1.0,0.908,20,20,0.9449999999999997,0.01884563330686557,0.7609999999999999,-9.763534979371984,True,invent0.15
250,precision@3,0.1,1.0,0.92,20,20,0.9449999999999997,0.01884563330686557,0.7609999999999999,-9.763534979371984,True,invent0.15
250,precision@3,0.2,1.0,0.924,20,20,0.9449999999999997,0.01884563330686557,0.7609999999999999,-9.763534979371984,True,invent0.15
250,recall@1,0.05,0.1,0.668,20,20,0.7233999999999999,0.030165159407920646,0.7086,-0.49063224894193036,False,invent0.15
250,recall@1,0.1,0.2,0.68,20,20,0.7233999999999999,0.030165159407920646,0.7086,-0.49063224894193036,False,invent0.15
250,recall@1,0.2,0.35,0.7,20,20,0.7233999999999999,0.030165159407920646,0.7086,-0.49063224894193036,False,invent0.15
250,recall@10,0.05,0.0,0.976,20,20,0.9959999999999999,0.005947135533400231,0.9955999999999999,-0.06725927091343627,False,invent0.15
250,recall@10,0.1,0.05,0.988,20,20,0.9959999999999999,0.005947135533400231,0.9955999999999999,-0.06725927091343627,False,invent0.15
250,recall@10,0.2,0.15,0.992,20,20,0.9959999999999999,0.005947135533400231,0.9955999999999999,-0.06725927091343627,False,invent0.15
250,recall@3,0.05,0.05,0.896,20,20,0.9498,0.024086685555564317,0.9472000000000002,-0.10794345257682658,False,invent0.15
250,recall@3,0.1,0.1,0.916,20,20,0.9498,0.024086685555564317,0.9472000000000002,-0.10794345257682658,False,invent0.15
250,recall@3,0.2,0.15,0.924,20,20,0.9498,0.024086685555564317,0.9472000000000002,-0.10794345257682658,False,invent0.15
250,rtd,0.05,0.15,16.103084564208984,20,20,15.46384243965149,0.3859104164521178,15.673769235610962,0.5439780503709695,False,invent0.15
250,rtd,0.1,0.25,16.01897621154785,20,20,15.46384243965149,0.3859104164521178,15.673769235610962,0.5439780503709695,False,invent0.15
250,rtd,0.2,0.4,15.807464599609375,20,20,15.46384243965149,0.3859104164521178,15.673769235610962,0.5439780503709695,False,invent0.15
500,frechet,0.05,1.0,0.17997060644789156,20,20,0.12251841176828353,0.0455975801220316,2.4342902690664587,50.69944174912882,True,invent0.15
500,frechet,0.1,1.0,0.17646627057331632,20,20,0.12251841176828353,0.0455975801220316,2.4342902690664587,50.69944174912882,True,invent0.15
500,frechet,0.2,1.0,0.17222524948248066,20,20,0.12251841176828353,0.0455975801220316,2.4342902690664587,50.69944174912882,True,invent0.15
500,js,0.05,1.0,0.07803257895231987,20,20,0.03028721621280091,0.02384742402450923,0.1301637587648797,4.188148055296477,True,invent0.15
500,js,0.1,1.0,0.07552670779329046,20,20,0.03028721621280091,0.02384742402450923,0.1301637587648797,4.188148055296477,True,invent0.15
500,js,0.2,1.0,0.049208640067022635,20,20,0.03028721621280091,0.02384742402450923,0.1301637587648797,4.188148055296477,True,invent0.15
500,mmd,0.05,1.0,0.0,20,20,0.0,0.0,0.12236052808609169,inf,True,invent0.15
500,mmd,0.1,1.0,0.0,20,20,0.0,0.0,0.12236052808609169,inf,True,invent0.15
500,mmd,0.2,1.0,0.0,20,20,0.0,0.0,0.12236052808609169,inf,True,invent0.15
500,mtd_PQ,0.05,0.55,13.476850509643555,20,20,11.259270763397216,1.1119419138028208,13.692697429656983,2.1884476482566355,False,invent0.15
500,mtd_PQ,0.1,0.7,12.992181777954102,20,20,11.259270763397216,1.1119419138028208,13.692697429656983,2.1884476482566355,False,invent0.15
500,mtd_PQ,0.2,0.75,12.46272087097168,20,20,11.259270763397216,1.1119419138028208,13.692697429656983,2.1884476482566355,False,invent0.15
500,mtd_QP,0.05,0.0,14.700769424438477,20,20,11.324064588546753,1.2336961240978437,10.458156251907349,-0.7018813788303102,False,invent0.15
500,mtd_QP,0.1,0.0,12.71342658996582,20,20,11.324064588546753,1.2336961240978437,10.458156251907349,-0.7018813788303102,False,invent0.15
500,mtd_QP,0.2,0.05,12.1987886428833,20,20,11.324064588546753,1.2336961240978437,10.458156251907349,-0.7018813788303102,False,invent0.15
500,ntd_PQ,0.05,0.0,1.5697442897610583,20,20,1.345802189048396,0.12089061246597729,1.3575442743435757,0.09712983544098001,False,invent0.15
500,ntd_PQ,0.1,0.1,1.5189691388079605,20,20,1.345802189048396,0.12089061246597729,1.3575442743435757,0.09712983544098001,False,invent0.15
500,ntd_PQ,0.2,0.1,1.4840573240149117,20,20,1.345802189048396,0.12089061246597729,1.3575442743435757,0.09712983544098001,False,invent0.15
500,ntd_QP,0.05,1.0,1.6270799216604044,20,20,1.3732706683070959,0.10095150236816709,2.0098625537643326,6.305917896452949,True,invent0.15
500,ntd_QP,0.1,1.0,1.5354459244178955,20,20,1.3732706683070959,0.10095150236816709,2.0098625537643326,6.305917896452949,True,invent0.15
500,ntd_QP,0.2,1.0,1.4609373488697008,20,20,1.3732706683070959,0.10095150236816709,2.0098625537643326,6.305917896452949,True,invent0.15
500,precision@1,0.05,1.0,0.656,20,20,0.7131000000000001,0.026209480004480493,0.5718000000000001,-5.391179068636422,True,invent0.15
500,precision@1,0.1,1.0,0.668,20,20,0.7131000000000001,0.026209480004480493,0.5718000000000001,-5.391179068636422,True,invent0.15
500,precision@1,0.2,1.0,0.692,20,20,0.7131000000000001,0.026209480004480493,0.5718000000000001,-5.391179068636422,True,invent0.15
500,precision@10,0.05,1.0,0.99,20,20,0.9955999999999999,0.003084767328938153,0.8056000000000001,-61.592975981563654,True,invent0.15
500,precision@10,0.1,1.0,0.99,20,20,0.9955999999999999,0.003084767328938153,0.8056000000000001,-61.592975981563654,True,invent0.15
500,precision@10,0.2,1.0,0.992,20,20,0.9955999999999999,0.003084767328938153,0.8056000000000001,-61.592975981563654,True,invent0.15
500,precision@3,0.05,1.0,0.924,20,20,0.9619,0.014029667813151101,0.7718999999999999,-13.542729773109679,True,invent0.15
500,precision@3,0.1,1.0,0.934,20,20,0.9619,0.014029667813151101,0.7718999999999999,-13.542729773109679,True,invent0.15
500,precision@3,0.2,1.0,0.952,20,20,0.9619,0.014029667813151101,0.7718999999999999,-13.542729773109679,True,invent0.15
500,recall@1,0.05,0.0,0.674,20,20,0.7111000000000001,0.023382179449090566,0.7190999999999999,0.34214090339260794,False,invent0.15
500,recall@1,0.1,0.0,0.676,20,20,0.7111000000000001,0.023382179449090566,0.7190999999999999,0.34214090339260794,False,invent0.15
500,recall@1,0.2,0.05,0.682,20,20,0.7111000000000001,0.023382179449090566,0.7190999999999999,0.34214090339260794,False,invent0.15
500,recall@10,0.05,0.0,0.978,20,20,0.9945999999999999,0.005509799881741819,0.9963,0.30854115149144856,False,invent0.15
500,recall@10,0.1,0.0,0.986,20,20,0.9945999999999999,0.005509799881741819,0.9963,0.30854115149144856,False,invent0.15
500,recall@10,0.2,0.1,0.992,20,20,0.9945999999999999,0.005509799881741819,0.9963,0.30854115149144856,False,invent0.15
500,recall@3,0.05,0.0,0.912,20,20,0.9571999999999999,0.014529824137741105,0.9610000000000001,0.26153103877765194,False,invent0.15
500,recall@3,0.1,0.05,0.938,20,20,0.9571999999999999,0.014529824137741105,0.9610000000000001,0.26153103877765194,False,invent0.15
500,recall@3,0.2,0.05,0.946,20,20,0.9571999999999999,0.014529824137741105,0.9610000000000001,0.26153103877765194,False,invent0.15
500,rtd,0.05,0.05,23.587953567504883,20,20,22.95080919265747,0.3628391840110321,22.86241931915283,-0.24360619635268072,False,invent0.15
500,rtd,0.1,0.1,23.422515869140625,20,20,22.95080919265747,0.3628391840110321,22.86241931915283,-0.24360619635268072,False,invent0.15
500,rtd,0.2,0.1,23.326440811157227,20,20,22.95080919265747,0.3628391840110321,22.86241931915283,-0.24360619635268072,False,invent0.15
1000,frechet,0.05,1.0,0.19431843012381947,20,20,0.0973968678974803,0.03672188685534098,2.4514305869329354,64.1043780867996,True,invent0.15
1000,frechet,0.1,1.0,0.1622644432087641,20,20,0.0973968678974803,0.03672188685534098,2.4514305869329354,64.1043780867996,True,invent0.15
1000,frechet,0.2,1.0,0.12015530938294529,20,20,0.0973968678974803,0.03672188685534098,2.4514305869329354,64.1043780867996,True,invent0.15
1000,js,0.05,1.0,0.05920708796659307,20,20,0.026045668820558997,0.017374015964053736,0.12671917485916542,5.794486792627368,True,invent0.15
1000,js,0.1,1.0,0.047224762379938195,20,20,0.026045668820558997,0.017374015964053736,0.12671917485916542,5.794486792627368,True,invent0.15
1000,js,0.2,1.0,0.04490989714914815,20,20,0.026045668820558997,0.017374015964053736,0.12671917485916542,5.794486792627368,True,invent0.15
1000,mmd,0.05,1.0,0.0,20,20,0.0,0.0,0.12752484219207605,inf,True,invent0.15
1000,mmd,0.1,1.0,0.0,20,20,0.0,0.0,0.12752484219207605,inf,True,invent0.15
1000,mmd,0.2,1.0,0.0,20,20,0.0,0.0,0.12752484219207605,inf,True,invent0.15
1000,mtd_PQ,0.05,0.9,19.1929931640625,20,20,17.74807071685791,0.676943546478021,21.183717918395995,5.075234440763864,True,invent0.15
1000,mtd_PQ,0.1,0.95,18.756656646728516,20,20,17.74807071685791,0.676943546478021,21.183717918395995,5.075234440763864,True,invent0.15
1000,mtd_PQ,0.2,1.0,18.432266235351562,20,20,17.74807071685791,0.676943546478021,21.183717918395995,5.075234440763864,True,invent0.15
1000,mtd_QP,0.05,0.0,19.93468475341797,20,20,17.70388650894165,1.2046233833558693,17.138461542129516,-0.4693790396438753,False,invent0.15
1000,mtd_QP,0.1,0.0,19.014545440673828,20,20,17.70388650894165,1.2046233833558693,17.138461542129516,-0.4693790396438753,False,invent0.15
1000,mtd_QP,0.2,0.05,18.820301055908203,20,20,17.70388650894165,1.2046233833558693,17.138461542129516,-0.4693790396438753,False,invent0.15
1000,ntd_PQ,0.05,0.0,1.445391108864127,20,20,1.2364661428025807,0.11057264664179167,1.2035313686551319,-0.29785643328357103,False,invent0.15
1000,ntd_PQ,0.1,0.05,1.3883876992267103,20,20,1.2364661428025807,0.11057264664179167,1.2035313686551319,-0.29785643328357103,False,invent0.15
1000,ntd_PQ,0.2,0.05,1.3853283349831056,20,20,1.2364661428025807,0.11057264664179167,1.2035313686551319,-0.29785643328357103,False,invent0.15
1000,ntd_QP,0.05,1.0,1.436129036203693,20,20,1.2195109305166698,0.10117757052035553,1.7679202664751237,5.420265906148849,True,invent0.15
1000,ntd_QP,0.1,1.0,1.3578636624747393,20,20,1.2195109305166698,0.10117757052035553,1.7679202664751237,5.420265906148849,True,invent0.15
1000,ntd_QP,0.2,1.0,1.3105757097111566,20,20,1.2195109305166698,0.10117757052035553,1.7679202664751237,5.420265906148849,True,invent0.15
1000,precision@1,0.05,1.0,0.679,20,20,0.7205999999999999,0.021641577916982912,0.56705,-7.095138838259284,True,invent0.15
1000,precision@1,0.1,1.0,0.689,20,20,0.7205999999999999,0.021641577916982912,0.56705,-7.095138838259284,True,invent0.15
1000,precision@1,0.2,1.0,0.703,20,20,0.7205999999999999,0.021641577916982912,0.56705,-7.095138838259284,True,invent0.15
1000,precision@10,0.05,1.0,0.99,20,20,0.9974999999999999,0.002259482940385863,0.8053000000000001,-85.06370929588738,True,invent0.15
1000,precision@10,0.1,1.0,0.996,20,20,0.9974999999999999,0.002259482940385863,0.8053000000000001,-85.06370929588738,True,invent0.15
1000,precision@10,0.2,1.0,0.996,20,20,0.9974999999999999,0.002259482940385863,0.8053000000000001,-85.06370929588738,True,invent0.15
1000,precision@3,0.05,1.0,0.956,20,20,0.9716000000000001,0.007936590809926553,0.7771,-24.506744099334515,True,invent0.15
1000,precision@3,0.1,1.0,0.957,20,20,0.9716000000000001,0.007936590809926553,0.7771,-24.506744099334515,True,invent0.15
1000,precision@3,0.2,1.0,0.964,20,20,0.9716000000000001,0.007936590809926553,0.7771,-24.506744099334515,True,invent0.15
1000,recall@1,0.05,0.0,0.672,20,20,0.7110000000000001,0.022613456636539027,0.71015,-0.03758823843970201,False,invent0.15
1000,recall@1,0.1,0.15,0.679,20,20,0.7110000000000001,0.022613456636539027,0.71015,-0.03758823843970201,False,invent0.15
1000,recall@1,0.2,0.15,0.683,20,20,0.7110000000000001,0.022613456636539027,0.71015,-0.03758823843970201,False,invent0.15
1000,recall@10,0.05,0.0,0.991,20,20,0.99665,0.0017851728502481666,0.9973999999999998,0.4201273842450048,False,invent0.15
1000,recall@10,0.1,0.05,0.995,20,20,0.99665,0.0017851728502481666,0.9973999999999998,0.4201273842450048,False,invent0.15
1000,recall@10,0.2,0.1,0.996,20,20,0.99665,0.0017851728502481666,0.9973999999999998,0.4201273842450048,False,invent0.15
1000,recall@3,0.05,0.15,0.959,20,20,0.96975,0.005523871639958417,0.9671,-0.4797359846001018,False,invent0.15
1000,recall@3,0.1,0.2,0.961,20,20,0.96975,0.005523871639958417,0.9671,-0.4797359846001018,False,invent0.15
1000,recall@3,0.2,0.2,0.963,20,20,0.96975,0.005523871639958417,0.9671,-0.4797359846001018,False,invent0.15
1000,rtd,0.05,0.05,23.752304077148438,20,20,23.177610015869142,0.35476359387339296,22.964516735076906,-0.6006627638017611,False,invent0.15
1000,rtd,0.1,0.05,23.74545669555664,20,20,23.177610015869142,0.35476359387339296,22.964516735076906,-0.6006627638017611,False,invent0.15
1000,rtd,0.2,0.05,23.563024520874023,20,20,23.177610015869142,0.35476359387339296,22.964516735076906,-0.6006627638017611,False,invent0.15
100,frechet,0.05,1.0,0.46864068721478996,20,20,0.31788197704790866,0.09400815191309296,2.405841050290538,22.210404425063803,True,invent0.5
100,frechet,0.1,1.0,0.4598757887443133,20,20,0.31788197704790866,0.09400815191309296,2.405841050290538,22.210404425063803,True,invent0.5
100,frechet,0.2,1.0,0.4572118809626206,20,20,0.31788197704790866,0.09400815191309296,2.405841050290538,22.210404425063803,True,invent0.5
100,js,0.05,0.7,0.004804092777113941,20,20,0.00024020463885569707,0.0010742278019842519,0.04621083936162359,42.794121170438494,False,invent0.5
100,js,0.1,0.75,0.0,20,20,0.00024020463885569707,0.0010742278019842519,0.04621083936162359,42.794121170438494,False,invent0.5
100,js,0.2,0.75,0.0,20,20,0.00024020463885569707,0.0010742278019842519,0.04621083936162359,42.794121170438494,False,invent0.5
100,mmd,0.05,1.0,0.0,20,20,0.0,0.0,0.11146725147846512,inf,True,invent0.5
100,mmd,0.1,1.0,0.0,20,20,0.0,0.0,0.11146725147846512,inf,True,invent0.5
100,mmd,0.2,1.0,0.0,20,20,0.0,0.0,0.11146725147846512,inf,True,invent0.5
100,mtd_PQ,0.05,0.5,4.616823673248291,20,20,3.3367751479148864,0.673170291006817,4.682907915115356,1.9996912893870387,False,invent0.5
100,mtd_PQ,0.1,0.55,4.476966857910156,20,20,3.3367751479148864,0.673170291006817,4.682907915115356,1.9996912893870387,False,invent0.5
100,mtd_PQ,0.2,0.85,3.907677173614502,20,20,3.3367751479148864,0.673170291006817,4.682907915115356,1.9996912893870387,True,invent0.5
100,mtd_QP,0.05,0.0,5.10437536239624,20,20,3.6895920753479006,0.9187661596547801,2.4396077275276182,-1.3605032517631632,False,invent0.5
100,mtd_QP,0.1,0.0,4.918361663818359,20,20,3.6895920753479006,0.9187661596547801,2.4396077275276182,-1.3605032517631632,False,invent0.5
100,mtd_QP,0.2,0.0,4.689798355102539,20,20,3.6895920753479006,0.9187661596547801,2.4396077275276182,-1.3605032517631632,False,invent0.5
100,ntd_PQ,0.05,0.0,228.70984247243243,20,20,60.148264056113455,43.37347462162413,61.252579889726086,0.025460626413869626,False,invent0.5
100,ntd_PQ,0.1,0.3,81.04130982036017,20,20,60.148264056113455,43.37347462162413,61.252579889726086,0.025460626413869626,False,invent0.5
100,ntd_PQ,0.2,0.35,76.20480921120563,20,20,60.148264056113455,43.37347462162413,61.252579889726086,0.025460626413869626,False,invent0.5
100,ntd_QP,0.05,0.05,206.03050424255326,20,20,60.22988211507811,44.13662559769423,109.65962591486111,1.1199257562264866,False,invent0.5
100,ntd_QP,0.1,0.2,157.35506675021108,20,20,60.22988211507811,44.13662559769423,109.65962591486111,1.1199257562264866,False,invent0.5
100,ntd_QP,0.2,0.85,74.13747607259026,20,20,60.22988211507811,44.13662559769423,109.65962591486111,1.1199257562264866,True,invent0.5
100,precision@1,0.05,1.0,0.61,20,20,0.708,0.05227457870655075,0.4715000000000001,-4.524187585090249,True,invent0.5
100,precision@1,0.1,1.0,0.62,20,20,0.708,0.05227457870655075,0.4715000000000001,-4.524187585090249,True,invent0.5
100,precision@1,0.2,1.0,0.65,20,20,0.708,0.05227457870655075,0.4715000000000001,-4.524187585090249,True,invent0.5
100,precision@10,0.05,1.0,0.99,20,20,0.9984999999999999,0.0036634754853252364,0.7175,-76.70312006333879,True,invent0.5
100,precision@10,0.1,1.0,0.99,20,20,0.9984999999999999,0.0036634754853252364,0.7175,-76.70312006333879,True,invent0.5
100,precision@10,0.2,1.0,1.0,20,20,0.9984999999999999,0.0036634754853252364,0.7175,-76.70312006333879,True,invent0.5
100,precision@3,0.05,1.0,0.88,20,20,0.932,0.03172248082155119,0.6405000000000001,-9.189066947184177,True,invent0.5
100,precision@3,0.1,1.0,0.88,20,20,0.932,0.03172248082155119,0.6405000000000001,-9.189066947184177,True,invent0.5
100,precision@3,0.2,1.0,0.89,20,20,0.932,0.03172248082155119,0.6405000000000001,-9.189066947184177,True,invent0.5
100,recall@1,0.05,0.0,0.52,20,20,0.6895,0.07563590069328328,0.6905,0.013221234768594381,False,invent0.5
100,recall@1,0.1,0.0,0.54,20,20,0.6895,0.07563590069328328,0.6905,0.013221234768594381,False,invent0.5
100,recall@1,0.2,0.25,0.64,20,20,0.6895,0.07563590069328328,0.6905,0.013221234768594381,False,invent0.5
100,recall@10,0.05,0.0,0.99,20,20,0.999,0.0030779350562554647,1.0,0.3248931448269656,False,invent0.5
100,recall@10,0.1,0.0,0.99,20,20,0.999,0.0030779350562554647,1.0,0.3248931448269656,False,invent0.5
100,recall@10,0.2,0.0,1.0,20,20,0.999,0.0030779350562554647,1.0,0.3248931448269656,False,invent0.5
100,recall@3,0.05,0.2,0.88,20,20,0.9270000000000002,0.034043316060881186,0.9390000000000001,0.35249210090285266,False,invent0.5
100,recall@3,0.1,0.2,0.88,20,20,0.9270000000000002,0.034043316060881186,0.9390000000000001,0.35249210090285266,False,invent0.5
100,recall@3,0.2,0.2,0.9,20,20,0.9270000000000002,0.034043316060881186,0.9390000000000001,0.35249210090285266,False,invent0.5
100,rtd,0.05,0.0,10.955785751342773,20,20,9.677387380599976,0.6231487528121316,10.093659019470214,0.6680132745058025,False,invent0.5
100,rtd,0.1,0.35,10.404119491577148,20,20,9.677387380599976,0.6231487528121316,10.093659019470214,0.6680132745058025,False,invent0.5
100,rtd,0.2,0.35,10.248069763183594,20,20,9.677387380599976,0.6231487528121316,10.093659019470214,0.6680132745058025,False,invent0.5
250,frechet,0.05,1.0,0.3504976130988042,20,20,0.19558759156265212,0.060024398510174964,2.3331705248343018,35.61190093240667,True,invent0.5
250,frechet,0.1,1.0,0.2738568500702185,20,20,0.19558759156265212,0.060024398510174964,2.3331705248343018,35.61190093240667,True,invent0.5
250,frechet,0.2,1.0,0.2398273001227666,20,20,0.19558759156265212,0.060024398510174964,2.3331705248343018,35.61190093240667,True,invent0.5
250,js,0.05,1.0,0.07113884080619601,20,20,0.018409303837419885,0.02359292931345378,0.1655238898581956,6.235537099536179,True,invent0.5
250,js,0.1,1.0,0.05813083440935419,20,20,0.018409303837419885,0.02359292931345378,0.1655238898581956,6.235537099536179,True,invent0.5
250,js,0.2,1.0,0.050485713975671156,20,20,0.018409303837419885,0.02359292931345378,0.1655238898581956,6.235537099536179,True,invent0.5
250,mmd,0.05,1.0,0.0,20,20,0.0,0.0,0.13310683933595863,inf,True,invent0.5
250,mmd,0.1,1.0,0.0,20,20,0.0,0.0,0.13310683933595863,inf,True,invent0.5
250,mmd,0.2,1.0,0.0,20,20,0.0,0.0,0.13310683933595863,inf,True,invent0.5
250,mtd_PQ,0.05,0.75,7.866939544677734,20,20,6.81853494644165,0.7213512680810631,9.011444234848023,3.0400019871593824,False,invent0.5
250,mtd_PQ,0.1,0.75,7.854791641235352,20,20,6.81853494644165,0.7213512680810631,9.011444234848023,3.0400019871593824,False,invent0.5
250,mtd_PQ,0.2,0.95,7.429293155670166,20,20,6.81853494644165,0.7213512680810631,9.011444234848023,3.0400019871593824,True,invent0.5
250,mtd_QP,0.05,0.0,8.70883560180664,20,20,6.900567936897278,1.05608095324826,5.648897314071656,-1.1852032923951275,False,invent0.5
250,mtd_QP,0.1,0.0,8.09193229675293,20,20,6.900567936897278,1.05608095324826,5.648897314071656,-1.1852032923951275,False,invent0.5
250,mtd_QP,0.2,0.0,7.9576497077941895,20,20,6.900567936897278,1.05608095324826,5.648897314071656,-1.1852032923951275,False,invent0.5
250,ntd_PQ,0.05,0.0,2.8677215062880586,20,20,2.292612820361362,0.2409437786229572,2.214229390584536,-0.32531833867968685,False,invent0.5
250,ntd_PQ,0.1,0.05,2.7607266459723125,20,20,2.292612820361362,0.2409437786229572,2.214229390584536,-0.32531833867968685,False,invent0.5
250,ntd_PQ,0.2,0.15,2.4437466702476027,20,20,2.292612820361362,0.2409437786229572,2.214229390584536,-0.32531833867968685,False,invent0.5
250,ntd_QP,0.05,1.0,2.9082125573800277,20,20,2.289557584295041,0.3130159309658987,4.423166407460011,6.816294674143647,True,invent0.5
250,ntd_QP,0.1,1.0,2.841822404427491,20,20,2.289557584295041,0.3130159309658987,4.423166407460011,6.816294674143647,True,invent0.5
250,ntd_QP,0.2,1.0,2.532263885874089,20,20,2.289557584295041,0.3130159309658987,4.423166407460011,6.816294674143647,True,invent0.5
250,precision@1,0.05,1.0,0.596,20,20,0.713,0.05039423525928756,0.4751999999999999,-4.718793702820878,True,invent0.5
250,precision@1,0.1,1.0,0.616,20,20,0.713,0.05039423525928756,0.4751999999999999,-4.718793702820878,True,invent0.5
250,precision@1,0.2,1.0,0.664,20,20,0.713,0.05039423525928756,0.4751999999999999,-4.718793702820878,True,invent0.5
250,precision@10,0.05,1.0,0.98,20,20,0.9928000000000001,0.006169534657876306,0.6902,-49.04745929479257,True,invent0.5
250,precision@10,0.1,1.0,0.98,20,20,0.9928000000000001,0.006169534657876306,0.6902,-49.04745929479257,True,invent0.5
250,precision@10,0.2,1.0,0.992,20,20,0.9928000000000001,0.006169534657876306,0.6902,-49.04745929479257,True,invent0.5
250,precision@3,0.05,1.0,0.908,20,20,0.9449999999999997,0.01884563330686557,0.6439999999999999,-15.97186972169005,True,invent0.5
250,precision@3,0.1,1.0,0.92,20,20,0.9449999999999997,0.01884563330686557,0.6439999999999999,-15.97186972169005,True,invent0.5
250,precision@3,0.2,1.0,0.924,20,20,0.9449999999999997,0.01884563330686557,0.6439999999999999,-15.97186972169005,True,invent0.5
250,recall@1,0.05,0.3,0.668,20,20,0.7233999999999999,0.030165159407920646,0.7045999999999999,-0.6232355594667769,False,invent0.5
250,recall@1,0.1,0.35,0.68,20,20,0.7233999999999999,0.030165159407920646,0.7045999999999999,-0.6232355594667769,False,invent0.5
250,recall@1,0.2,0.45,0.7,20,20,0.7233999999999999,0.030165159407920646,0.7045999999999999,-0.6232355594667769,False,invent0.5
250,recall@10,0.05,0.05,0.976,20,20,0.9959999999999999,0.005947135533400231,0.9958000000000002,-0.03362963545670881,False,invent0.5
250,recall@10,0.1,0.1,0.988,20,20,0.9959999999999999,0.005947135533400231,0.9958000000000002,-0.03362963545670881,False,invent0.5
250,recall@10,0.2,0.1,0.992,20,20,0.9959999999999999,0.005947135533400231,0.9958000000000002,-0.03362963545670881,False,invent0.5
250,recall@3,0.05,0.0,0.896,20,20,0.9498,0.024086685555564317,0.9400000000000001,-0.406863782789578,False,invent0.5
250,recall@3,0.1,0.15,0.916,20,20,0.9498,0.024086685555564317,0.9400000000000001,-0.406863782789578,False,invent0.5
250,recall@3,0.2,0.25,0.924,20,20,0.9498,0.024086685555564317,0.9400000000000001,-0.406863782789578,False,invent0.5
250,rtd,0.05,0.95,16.103084564208984,20,20,15.46384243965149,0.3859104164521178,16.680498600006104,3.1526906465494986,True,invent0.5
250,rtd,0.1,1.0,16.01897621154785,20,20,15.46384243965149,0.3859104164521178,16.680498600006104,3.1526906465494986,True,invent0.5
250,rtd,0.2,1.0,15.807464599609375,20,20,15.46384243965149,0.3859104164521178,16.680498600006104,3.1526906465494986,True,invent0.5
500,frechet,0.05,1.0,0.17997060644789156,20,20,0.12251841176828353,0.0455975801220316,2.343290147469725,48.703719139437865,True,invent0.5
500,frechet,0.1,1.0,0.17646627057331632,20,20,0.12251841176828353,0.0455975801220316,2.343290147469725,48.703719139437865,True,invent0.5
500,frechet,0.2,1.0,0.17222524948248066,20,20,0.12251841176828353,0.0455975801220316,2.343290147469725,48.703719139437865,True,invent0.5
500,js,0.05,1.0,0.07803257895231987,20,20,0.03028721621280091,0.02384742402450923,0.19596834363367371,6.947548181748846,True,invent0.5
500,js,0.1,1.0,0.07552670779329046,20,20,0.03028721621280091,0.02384742402450923,0.19596834363367371,6.947548181748846,True,invent0.5
500,js,0.2,1.0,0.049208640067022635,20,20,0.03028721621280091,0.02384742402450923,0.19596834363367371,6.947548181748846,True,invent0.5
500,mmd,0.05,1.0,0.0,20,20,0.0,0.0,0.1419920940343591,inf,True,invent0.5
500,mmd,0.1,1.0,0.0,20,20,0.0,0.0,0.1419920940343591,inf,True,invent0.5
500,mmd,0.2,1.0,0.0,20,20,0.0,0.0,0.1419920940343591,inf,True,invent0.5
500,mtd_PQ,0.05,0.85,13.476850509643555,20,20,11.259270763397216,1.1119419138028208,14.564174699783326,2.97219116876654,True,invent0.5
500,mtd_PQ,0.1,0.9,12.992181777954102,20,20,11.259270763397216,1.1119419138028208,14.564174699783326,2.97219116876654,True,invent0.5
500,mtd_PQ,0.2,0.9,12.46272087097168,20,20,11.259270763397216,1.1119419138028208,14.564174699783326,2.97219116876654,True,invent0.5
500,mtd_QP,0.05,0.0,14.700769424438477,20,20,11.324064588546753,1.2336961240978437,9.504624509811402,-1.4747878697161672,False,invent0.5
500,mtd_QP,0.1,0.0,12.71342658996582,20,20,11.324064588546753,1.2336961240978437,9.504624509811402,-1.4747878697161672,False,invent0.5
500,mtd_QP,0.2,0.0,12.1987886428833,20,20,11.324064588546753,1.2336961240978437,9.504624509811402,-1.4747878697161672,False,invent0.5
500,ntd_PQ,0.05,0.0,1.5697442897610583,20,20,1.345802189048396,0.12089061246597729,1.3214917313926495,-0.20109466864177214,False,invent0.5
500,ntd_PQ,0.1,0.0,1.5189691388079605,20,20,1.345802189048396,0.12089061246597729,1.3214917313926495,-0.20109466864177214,False,invent0.5
500,ntd_PQ,0.2,0.1,1.4840573240149117,20,20,1.345802189048396,0.12089061246597729,1.3214917313926495,-0.20109466864177214,False,invent0.5
500,ntd_QP,0.05,1.0,1.6270799216604044,20,20,1.3732706683070959,0.10095150236816709,2.6201705290022916,12.351474038967641,True,invent0.5
500,ntd_QP,0.1,1.0,1.5354459244178955,20,20,1.3732706683070959,0.10095150236816709,2.6201705290022916,12.351474038967641,True,invent0.5
500,ntd_QP,0.2,1.0,1.4609373488697008,20,20,1.3732706683070959,0.10095150236816709,2.6201705290022916,12.351474038967641,True,invent0.5
500,precision@1,0.05,1.0,0.656,20,20,0.7131000000000001,0.026209480004480493,0.4850999999999999,-8.699142446207388,True,invent0.5
500,precision@1,0.1,1.0,0.668,20,20,0.7131000000000001,0.026209480004480493,0.4850999999999999,-8.699142446207388,True,invent0.5
500,precision@1,0.2,1.0,0.692,20,20,0.7131000000000001,0.026209480004480493,0.4850999999999999,-8.699142446207388,True,invent0.5
500,precision@10,0.05,1.0,0.99,20,20,0.9955999999999999,0.003084767328938153,0.6808,-102.04983599471703,True,invent0.5
500,precision@10,0.1,1.0,0.99,20,20,0.9955999999999999,0.003084767328938153,0.6808,-102.04983599471703,True,invent0.5
500,precision@10,0.2,1.0,0.992,20,20,0.9955999999999999,0.003084767328938153,0.6808,-102.04983599471703,True,invent0.5
500,precision@3,0.05,1.0,0.924,20,20,0.9619,0.014029667813151101,0.6476,-22.40252614572827,True,invent0.5
500,precision@3,0.1,1.0,0.934,20,20,0.9619,0.014029667813151101,0.6476,-22.40252614572827,True,invent0.5
500,precision@3,0.2,1.0,0.952,20,20,0.9619,0.014029667813151101,0.6476,-22.40252614572827,True,invent0.5
500,recall@1,0.05,0.0,0.674,20,20,0.7111000000000001,0.023382179449090566,0.7133999999999999,0.09836550972537253,False,invent0.5
500,recall@1,0.1,0.05,0.676,20,20,0.7111000000000001,0.023382179449090566,0.7133999999999999,0.09836550972537253,False,invent0.5
500,recall@1,0.2,0.05,0.682,20,20,0.7111000000000001,0.023382179449090566,0.7133999999999999,0.09836550972537253,False,invent0.5
500,recall@10,0.05,0.0,0.978,20,20,0.9945999999999999,0.005509799881741819,0.9953000000000001,0.12704635649648593,False,invent0.5
500,recall@10,0.1,0.05,0.986,20,20,0.9945999999999999,0.005509799881741819,0.9953000000000001,0.12704635649648593,False,invent0.5
500,recall@10,0.2,0.05,0.992,20,20,0.9945999999999999,0.005509799881741819,0.9953000000000001,0.12704635649648593,False,invent0.5
500,recall@3,0.05,0.0,0.912,20,20,0.9571999999999999,0.014529824137741105,0.9542999999999999,-0.19958947696188808,False,invent0.5
500,recall@3,0.1,0.15,0.938,20,20,0.9571999999999999,0.014529824137741105,0.9542999999999999,-0.19958947696188808,False,invent0.5
500,recall@3,0.2,0.15,0.946,20,20,0.9571999999999999,0.014529824137741105,0.9542999999999999,-0.19958947696188808,False,invent0.5
500,rtd,0.05,1.0,23.587953567504883,20,20,22.95080919265747,0.3628391840110321,24.344525814056396,3.841141427979153,True,invent0.5
500,rtd,0.1,1.0,23.422515869140625,20,20,22.95080919265747,0.3628391840110321,24.344525814056396,3.841141427979153,True,invent0.5
500,rtd,0.2,1.0,23.326440811157227,20,20,22.95080919265747,0.3628391840110321,24.344525814056396,3.841141427979153,True,invent0.5
1000,frechet,0.05,1.0,0.19431843012381947,20,20,0.0973968678974803,0.03672188685534098,2.3712677488310137,61.92140643238249,True,invent0.5
1000,frechet,0.1,1.0,0.1622644432087641,20,20,0.0973968678974803,0.03672188685534098,2.3712677488310137,61.92140643238249,True,invent0.5
1000,frechet,0.2,1.0,0.12015530938294529,20,20,0.0973968678974803,0.03672188685534098,2.3712677488310137,61.92140643238249,True,invent0.5
1000,js,0.05,1.0,0.05920708796659307,20,20,0.026045668820558997,0.017374015964053736,0.20036324759659357,10.033234638248972,True,invent0.5
1000,js,0.1,1.0,0.047224762379938195,20,20,0.026045668820558997,0.017374015964053736,0.20036324759659357,10.033234638248972,True,invent0.5
1000,js,0.2,1.0,0.04490989714914815,20,20,0.026045668820558997,0.017374015964053736,0.20036324759659357,10.033234638248972,True,invent0.5
1000,mmd,0.05,1.0,0.0,20,20,0.0,0.0,0.14852591679150223,inf,True,invent0.5
1000,mmd,0.1,1.0,0.0,20,20,0.0,0.0,0.14852591679150223,inf,True,invent0.5
1000,mmd,0.2,1.0,0.0,20,20,0.0,0.0,0.14852591679150223,inf,True,invent0.5
1000,mtd_PQ,0.05,1.0,19.1929931640625,20,20,17.74807071685791,0.676943546478021,23.77298860549927,8.900177747446737,True,invent0.5
1000,mtd_PQ,0.1,1.0,18.756656646728516,20,20,17.74807071685791,0.676943546478021,23.77298860549927,8.900177747446737,True,invent0.5
1000,mtd_PQ,0.2,1.0,18.432266235351562,20,20,17.74807071685791,0.676943546478021,23.77298860549927,8.900177747446737,True,invent0.5
1000,mtd_QP,0.05,0.0,19.93468475341797,20,20,17.70388650894165,1.2046233833558693,16.918031167984008,-0.6523660023669693,False,invent0.5
1000,mtd_QP,0.1,0.05,19.014545440673828,20,20,17.70388650894165,1.2046233833558693,16.918031167984008,-0.6523660023669693,False,invent0.5
1000,mtd_QP,0.2,0.05,18.820301055908203,20,20,17.70388650894165,1.2046233833558693,16.918031167984008,-0.6523660023669693,False,invent0.5
1000,ntd_PQ,0.05,0.0,1.445391108864127,20,20,1.2364661428025807,0.11057264664179167,1.1772658233723023,-0.5353975076861657,False,invent0.5
1000,ntd_PQ,0.1,0.0,1.3883876992267103,20,20,1.2364661428025807,0.11057264664179167,1.1772658233723023,-0.5353975076861657,False,invent0.5
1000,ntd_PQ,0.2,0.0,1.3853283349831056,20,20,1.2364661428025807,0.11057264664179167,1.1772658233723023,-0.5353975076861657,False,invent0.5
1000,ntd_QP,0.05,1.0,1.436129036203693,20,20,1.2195109305166698,0.10117757052035553,2.2995916652219446,10.675100510423668,True,invent0.5
1000,ntd_QP,0.1,1.0,1.3578636624747393,20,20,1.2195109305166698,0.10117757052035553,2.2995916652219446,10.675100510423668,True,invent0.5
1000,ntd_QP,0.2,1.0,1.3105757097111566,20,20,1.2195109305166698,0.10117757052035553,2.2995916652219446,10.675100510423668,True,invent0.5
1000,precision@1,0.05,1.0,0.679,20,20,0.7205999999999999,0.021641577916982912,0.4751999999999999,-11.33928408276671,True,invent0.5
1000,precision@1,0.1,1.0,0.689,20,20,0.7205999999999999,0.021641577916982912,0.4751999999999999,-11.33928408276671,True,invent0.5
1000,precision@1,0.2,1.0,0.703,20,20,0.7205999999999999,0.021641577916982912,0.4751999999999999,-11.33928408276671,True,invent0.5
1000,precision@10,0.05,1.0,0.99,20,20,0.9974999999999999,0.002259482940385863,0.6802000000000001,-140.4303587907652,True,invent0.5
1000,precision@10,0.1,1.0,0.996,20,20,0.9974999999999999,0.002259482940385863,0.6802000000000001,-140.4303587907652,True,invent0.5
1000,precision@10,0.2,1.0,0.996,20,20,0.9974999999999999,0.002259482940385863,0.6802000000000001,-140.4303587907652,True,invent0.5
1000,precision@3,0.05,1.0,0.956,20,20,0.9716000000000001,0.007936590809926553,0.6535,-40.08018148071109,True,invent0.5
1000,precision@3,0.1,1.0,0.957,20,20,0.9716000000000001,0.007936590809926553,0.6535,-40.08018148071109,True,invent0.5
1000,precision@3,0.2,1.0,0.964,20,20,0.9716000000000001,0.007936590809926553,0.6535,-40.08018148071109,True,invent0.5
1000,recall@1,0.05,0.05,0.672,20,20,0.7110000000000001,0.022613456636539027,0.6986999999999999,-0.5439239209509278,False,invent0.5
1000,recall@1,0.1,0.15,0.679,20,20,0.7110000000000001,0.022613456636539027,0.6986999999999999,-0.5439239209509278,False,invent0.5
1000,recall@1,0.2,0.25,0.683,20,20,0.7110000000000001,0.022613456636539027,0.6986999999999999,-0.5439239209509278,False,invent0.5
1000,recall@10,0.05,0.0,0.991,20,20,0.99665,0.0017851728502481666,0.9958499999999999,-0.44813587652805004,False,invent0.5
1000,recall@10,0.1,0.35,0.995,20,20,0.99665,0.0017851728502481666,0.9958499999999999,-0.44813587652805004,False,invent0.5
1000,recall@10,0.2,0.45,0.996,20,20,0.99665,0.0017851728502481666,0.9958499999999999,-0.44813587652805004,False,invent0.5
1000,recall@3,0.05,0.45,0.959,20,20,0.96975,0.005523871639958417,0.9628,-1.2581755067813907,False,invent0.5
1000,recall@3,0.1,0.45,0.961,20,20,0.96975,0.005523871639958417,0.9628,-1.2581755067813907,False,invent0.5
1000,recall@3,0.2,0.45,0.963,20,20,0.96975,0.005523871639958417,0.9628,-1.2581755067813907,False,invent0.5
1000,rtd,0.05,0.95,23.752304077148438,20,20,23.177610015869142,0.35476359387339296,24.305023765563966,3.1779296668675956,True,invent0.5
1000,rtd,0.1,0.95,23.74545669555664,20,20,23.177610015869142,0.35476359387339296,24.305023765563966,3.1779296668675956,True,invent0.5
1000,rtd,0.2,1.0,23.563024520874023,20,20,23.177610015869142,0.35476359387339296,24.305023765563966,3.1779296668675956,True,invent0.5
