,,mtd_PQ,mtd_PQ,mtd_QP,mtd_QP,ntd_PQ,ntd_PQ,ntd_QP,ntd_QP,rtd,rtd,precision@3,precision@3,recall@3,recall@3,precision@10,precision@10,recall@10,recall@10,mmd,mmd,frechet,frechet,js,js
,,mean,std,mean,std,mean,std,mean,std,mean,std,mean,std,mean,std,mean,std,mean,std,mean,std,mean,std,mean,std
distribution,n,,,,,,,,,,,,,,,,,,,,,,,,
gaussian,250,3.340684938430786,0.5196280579827061,3.181164598464966,0.38404587706463106,2.213022599693055,0.32816090876939996,2.3303459605235117,0.27249133153464367,20.455974960327147,0.22802555814994507,0.9776,0.006066300355241252,0.9728,0.020474374227311572,0.9975999999999999,0.003577708763999662,0.9975999999999999,0.003577708763999666,0.012193686939853428,0.015134460832852173,0.13604670107342437,0.03477934082705505,0.031030997990380095,0.024630506446190616
gaussian,500,5.008239126205444,0.7029044318160537,4.886972045898437,0.38437966289540676,1.3116329731311338,0.061074824216365696,1.3395095802960906,0.11928755922927047,37.32795791625976,0.24369396754999895,0.978,0.012569805089976542,0.9751999999999998,0.0070142711667000755,0.9987999999999999,0.0017888543819998574,0.998,0.0014142135623730963,0.015561802903804284,0.018053026112648148,0.11642706631147129,0.015510393642551183,0.016822156301259855,0.01622814415578273
gaussian,1000,7.434651947021484,0.5355058395150606,7.2595843315124515,0.48687242671662445,1.3116343922814315,0.09135112185821327,1.2696556276289983,0.13854743824003435,37.18366241455078,0.3966806713928862,0.9853999999999999,0.004878524367060171,0.9795999999999999,0.005941380311005184,0.9996,0.0005477225575051734,0.999,0.00122474487139164,0.012901128397425113,0.017821569376037363,0.08706892272984687,0.025584628740062062,0.021620761541845748,0.010332327611151146
mixture,250,2.7507508277893065,0.34210216980738645,2.7816425800323485,0.20977281761335584,2.348479064128939,0.20922936182792012,2.3513816234890665,0.2196188295725448,20.13174171447754,0.2087940033947729,0.968,0.015491933384829687,0.9719999999999999,0.006324555320336764,0.9975999999999999,0.005366563145999512,0.9984,0.002190890230020684,0.04382440898704462,0.0356447795738346,0.1729717364465859,0.07006659590963739,0.02365232967226811,0.021667470485691016
mixture,500,4.4602086544036865,0.5018087474317042,4.273947620391846,0.3297673261864689,1.3333043234925746,0.07833885800299234,1.4234466330891915,0.16071235106632592,36.1394157409668,0.5429533051555673,0.9708,0.01830846798615332,0.9747999999999999,0.00878635305459553,0.9968,0.005019960159204463,0.9987999999999999,0.0017888543819998574,0.017716231105681747,0.026248925105395806,0.12223590608257928,0.04120224151357075,0.016922542893113877,0.01833181626706311
mixture,1000,6.547201251983642,0.1383794999497299,6.716033840179444,0.3502060166990688,1.2046868703386548,0.06448705172549679,1.258514841498235,0.11076111449301583,36.45488510131836,0.6662186880197843,0.9756,0.009787747442593711,0.9772000000000001,0.006140032573203468,0.9986,0.0016733200530681593,0.9986,0.0015165750888103046,0.0,0.0,0.05532324029747813,0.0155655571539692,0.013009203621034027,0.013361049902553362
ring,250,2.128151869773865,0.39252755329711675,2.168095421791077,0.16798394156821767,2.28077756268648,0.18722036184027127,2.2686730821607015,0.16362156194924277,16.5260986328125,0.46554824218894963,0.9592,0.0210523157871052,0.976,0.010198039027185581,0.9968,0.0033466401061363017,0.9960000000000001,0.0028284271247461927,0.01446918636378377,0.02797842429870073,0.13662358576332095,0.07263511031979562,0.010123749351178693,0.01087723379185161
ring,500,3.269776725769043,0.2294156385689305,3.2347085952758787,0.09395340804952623,1.3557011386713635,0.10122562414738423,1.3094731756762368,0.11490311599340128,28.53533592224121,0.35896116040468395,0.9692000000000001,0.005019960159204458,0.9672000000000001,0.015912259424732886,0.9975999999999999,0.00328633534503098,0.998,0.0019999999999999727,0.008851835300178986,0.015446866676291818,0.10033806152183174,0.027146873971165976,0.0131212761690539,0.017970739947735497
ring,1000,5.003526592254639,0.2003390230193608,4.920348453521728,0.2145530663598211,1.2542404545749966,0.028321664938436884,1.2441239542135647,0.125083229143527,28.357489776611327,0.4321008948835306,0.9812,0.0035637059362410885,0.9762000000000001,0.003563705936241076,0.9987999999999999,0.0008366600265341173,0.998,0.0018708286933869797,0.010814815288528335,0.016247222622611097,0.08258997893613444,0.021209352038445997,0.012140940749780435,0.019661492653270617
