transformation,level,metric,z_signed,delta_signed,raw,mu0,sd0
anisotropy,1.0,mtd_PQ,0.0,0.0,5.003526592254639,5.003526592254639,0.20033902301936093
anisotropy,1.1,mtd_PQ,1.5441340142891926,0.3093502998352049,5.312876892089844,5.003526592254639,0.20033902301936093
anisotropy,1.25,mtd_PQ,6.451781497698434,1.2925436019897454,6.296070194244384,5.003526592254639,0.20033902301936093
anisotropy,1.5,mtd_PQ,12.51506472628997,2.5072558403015135,7.5107824325561525,5.003526592254639,0.20033902301936093
anisotropy,2.0,mtd_PQ,18.730890414688933,3.7525282859802243,8.756054878234863,5.003526592254639,0.20033902301936093
anisotropy,2.75,mtd_PQ,22.60281940473148,4.528226757049561,9.5317533493042,5.003526592254639,0.20033902301936093
anisotropy,4.0,mtd_PQ,25.325536201544605,5.073693180084229,10.077219772338868,5.003526592254639,0.20033902301936093
anisotropy,1.0,mtd_QP,0.0,0.0,4.920348453521728,4.920348453521728,0.2145530663598211
anisotropy,1.1,mtd_QP,1.4705527796707094,0.31551160812377965,5.235860061645508,4.920348453521728,0.2145530663598211
anisotropy,1.25,mtd_QP,5.435649001009102,1.166235160827637,6.086583614349365,4.920348453521728,0.2145530663598211
anisotropy,1.5,mtd_QP,10.28926450560289,2.207593250274658,7.127941703796386,4.920348453521728,0.2145530663598211
anisotropy,2.0,mtd_QP,17.803608438680985,3.8198187828063963,8.740167236328125,4.920348453521728,0.2145530663598211
anisotropy,2.75,mtd_QP,26.20346154540372,5.622033023834228,10.542381477355956,4.920348453521728,0.2145530663598211
anisotropy,4.0,mtd_QP,32.633413935699686,7.0015990257263185,11.921947479248047,4.920348453521728,0.2145530663598211
anisotropy,1.0,ntd_PQ,0.0,0.0,1.2542404545749966,1.2542404545749966,0.028321664938436866
anisotropy,1.1,ntd_PQ,-1.1240275868951288,-0.031834332698727597,1.222406121876269,1.2542404545749966,0.028321664938436866
anisotropy,1.25,ntd_PQ,-0.6757336257136982,-0.0191379013357742,1.2351025532392224,1.2542404545749966,0.028321664938436866
anisotropy,1.5,ntd_PQ,0.9596613455149311,0.027179207083003032,1.2814196616579996,1.2542404545749966,0.028321664938436866
anisotropy,2.0,ntd_PQ,3.30952990892216,0.09373139718753842,1.347971851762535,1.2542404545749966,0.028321664938436866
anisotropy,2.75,ntd_PQ,2.1350636611207054,0.060468557634627995,1.3147090122096246,1.2542404545749966,0.028321664938436866
anisotropy,4.0,ntd_PQ,-2.063205233967844,-0.058433407337729726,1.1958070472372668,1.2542404545749966,0.028321664938436866
anisotropy,1.0,ntd_QP,0.0,0.0,1.2441239542135647,1.2441239542135647,0.12508322914352699
anisotropy,1.1,ntd_QP,0.9370467665193163,0.11720883541567373,1.3613327896292384,1.2441239542135647,0.12508322914352699
anisotropy,1.25,ntd_QP,2.702887250849344,0.3380858653498091,1.5822098195633738,1.2441239542135647,0.12508322914352699
anisotropy,1.5,ntd_QP,6.609548758393588,0.826743701888069,2.0708676561016337,1.2441239542135647,0.12508322914352699
anisotropy,2.0,ntd_QP,13.484076007471623,1.6866317690447916,2.9307557232583563,1.2441239542135647,0.12508322914352699
anisotropy,2.75,ntd_QP,21.938747518926505,2.744169383053807,3.988293337267372,1.2441239542135647,0.12508322914352699
anisotropy,4.0,ntd_QP,33.447895900616,4.1837708273390355,5.427894781552601,1.2441239542135647,0.12508322914352699
anisotropy,1.0,rtd,0.0,0.0,28.357489776611327,28.357489776611327,0.43210089488353065
anisotropy,1.1,rtd,-0.12567816786915192,-0.054305648803708806,28.30318412780762,28.357489776611327,0.43210089488353065
anisotropy,1.25,rtd,-0.7032835824448784,-0.30388946533203054,28.053600311279297,28.357489776611327,0.43210089488353065
anisotropy,1.5,rtd,-2.3512452791389857,-1.0159751892089837,27.341514587402344,28.357489776611327,0.43210089488353065
anisotropy,2.0,rtd,-5.479187268136611,-2.3675617218017564,25.98992805480957,28.357489776611327,0.43210089488353065
anisotropy,2.75,rtd,-8.573053955092123,-3.7044242858886705,24.653065490722657,28.357489776611327,0.43210089488353065
anisotropy,4.0,rtd,-11.407426420039975,-4.929159164428711,23.428330612182616,28.357489776611327,0.43210089488353065
anisotropy,1.0,precision@3,0.39284947317623325,0.0014000000000001789,0.9797999999999998,0.9812,0.0035637059362410954
anisotropy,1.1,precision@3,3.3672811986529694,0.0119999999999999,0.9692000000000001,0.9812,0.0035637059362410954
anisotropy,1.25,precision@3,17.678226292928223,0.06299999999999994,0.9182,0.9812,0.0035637059362410954
anisotropy,1.5,precision@3,62.07021676183691,0.22119999999999995,0.76,0.9812,0.0035637059362410954
anisotropy,2.0,precision@3,141.65029575666944,0.5048,0.47639999999999993,0.9812,0.0035637059362410954
anisotropy,2.75,precision@3,190.7564799036923,0.6798,0.3014,0.9812,0.0035637059362410954
anisotropy,4.0,precision@3,218.87327791244485,0.78,0.2012,0.9812,0.0035637059362410954
anisotropy,1.0,recall@3,0.33672811986532497,0.0012000000000000899,0.975,0.9762000000000001,0.0035637059362410954
anisotropy,1.1,recall@3,0.11224270662181653,0.000400000000000178,0.9757999999999999,0.9762000000000001,0.0035637059362410954
anisotropy,1.25,recall@3,2.188732779124488,0.00780000000000014,0.9683999999999999,0.9762000000000001,0.0035637059362410954
anisotropy,1.5,recall@3,10.550814422446113,0.03760000000000019,0.9385999999999999,0.9762000000000001,0.0035637059362410954
anisotropy,2.0,recall@3,25.535215756451922,0.09100000000000008,0.8852,0.9762000000000001,0.0035637059362410954
anisotropy,2.75,recall@3,50.73370339303852,0.18080000000000007,0.7954,0.9762000000000001,0.0035637059362410954
anisotropy,4.0,recall@3,81.15147688753724,0.2892,0.687,0.9762000000000001,0.0035637059362410954
anisotropy,1.0,precision@10,-0.0,-0.0,0.9987999999999999,0.9987999999999999,0.0008366600265340763
anisotropy,1.1,precision@10,4.30282298846088,0.0035999999999999366,0.9952,0.9987999999999999,0.0008366600265340763
anisotropy,1.25,precision@10,28.68548658973973,0.02400000000000002,0.9747999999999999,0.9987999999999999,0.0008366600265340763
anisotropy,1.5,precision@10,162.55109067519155,0.1359999999999999,0.8628,0.9987999999999999,0.0008366600265340763
anisotropy,2.0,precision@10,516.8168500584769,0.4323999999999999,0.5664,0.9987999999999999,0.0008366600265340763
anisotropy,2.75,precision@10,785.2651953941244,0.6569999999999999,0.3418,0.9987999999999999,0.0008366600265340763
anisotropy,4.0,precision@10,925.5850339622679,0.7744,0.2244,0.9987999999999999,0.0008366600265340763
anisotropy,1.0,recall@10,-0.0,-0.0,0.998,0.998,0.0018708286933869723
anisotropy,1.1,recall@10,-0.3207134901235044,-0.0006000000000000449,0.9986,0.998,0.0018708286933869723
anisotropy,1.25,recall@10,-0.3207134901234451,-0.0005999999999999339,0.9985999999999999,0.998,0.0018708286933869723
anisotropy,1.5,recall@10,1.2828539604939584,0.0024000000000000687,0.9955999999999999,0.998,0.0018708286933869723
anisotropy,2.0,recall@10,13.149253095062672,0.024599999999999955,0.9734,0.998,0.0018708286933869723
anisotropy,2.75,recall@10,44.044652643624715,0.08240000000000014,0.9155999999999999,0.998,0.0018708286933869723
anisotropy,4.0,recall@10,88.83763676420402,0.1661999999999999,0.8318000000000001,0.998,0.0018708286933869723
anisotropy,1.0,mmd,0.0,0.0,0.010814815288528335,0.010814815288528335,0.0162472226226111
anisotropy,1.1,mmd,1.9123900915607477,0.03107102756077548,0.041885842849303814,0.010814815288528335,0.0162472226226111
anisotropy,1.25,mmd,5.531908246241501,0.08987814481007571,0.10069296009860404,0.010814815288528335,0.0162472226226111
anisotropy,1.5,mmd,11.035900882562338,0.1793027384910965,0.19011755377962486,0.010814815288528335,0.0162472226226111
anisotropy,2.0,mmd,19.939416987686666,0.3239601467839583,0.33477496207248664,0.010814815288528335,0.0162472226226111
anisotropy,2.75,mmd,29.09976085761129,0.4727902929474549,0.48360510823598324,0.010814815288528335,0.0162472226226111
anisotropy,4.0,mmd,37.83577192566481,0.614726209612451,0.6255410249009793,0.010814815288528335,0.0162472226226111
anisotropy,1.0,frechet,0.0,0.0,0.08258997893613444,0.08258997893613444,0.021209352038445994
anisotropy,1.1,frechet,2.4318630858442507,0.05157824029940418,0.13416821923553862,0.08258997893613444,0.021209352038445994
anisotropy,1.25,frechet,9.318944324050856,0.19764877080479165,0.2802387497409261,0.08258997893613444,0.021209352038445994
anisotropy,1.5,frechet,21.788672913565613,0.4621236342961545,0.544713613232289,0.08258997893613444,0.021209352038445994
anisotropy,2.0,frechet,47.17908740205689,1.000637873610016,1.0832278525461505,0.08258997893613444,0.021209352038445994
anisotropy,2.75,frechet,85.43108550359712,1.8119379675578025,1.8945279464939369,0.08258997893613444,0.021209352038445994
anisotropy,4.0,frechet,149.2589168783409,3.1656849130991396,3.248274892035274,0.08258997893613444,0.021209352038445994
anisotropy,1.0,js,0.0,0.0,0.012140940749780435,0.012140940749780435,0.01966149265327062
anisotropy,1.1,js,1.6603447773665039,0.0326448566437481,0.04478579739352854,0.012140940749780435,0.01966149265327062
anisotropy,1.25,js,6.151916226275524,0.12095585569260443,0.13309679644238487,0.012140940749780435,0.01966149265327062
anisotropy,1.5,js,14.990773720625224,0.2947409873899059,0.30688192813968634,0.012140940749780435,0.01966149265327062
anisotropy,2.0,js,25.570100842690284,0.502746349887514,0.5148872906372944,0.012140940749780435,0.01966149265327062
anisotropy,2.75,js,31.55540786181244,0.6204264198775387,0.6325673606273191,0.012140940749780435,0.01966149265327062
anisotropy,4.0,js,35.81654557280193,0.704206747680994,0.7163476884307745,0.012140940749780435,0.01966149265327062
reflection,0.0,mtd_PQ,0.0,0.0,5.003526592254639,5.003526592254639,0.20033902301936093
reflection,1.0,mtd_PQ,0.4980437742240207,0.09977760314941353,5.103304195404053,5.003526592254639,0.20033902301936093
reflection,0.0,mtd_QP,0.0,0.0,4.920348453521728,4.920348453521728,0.2145530663598211
reflection,1.0,mtd_QP,0.42637366988710523,0.09147977828979492,5.011828231811523,4.920348453521728,0.2145530663598211
reflection,0.0,ntd_PQ,0.0,0.0,1.2542404545749966,1.2542404545749966,0.028321664938436866
reflection,1.0,ntd_PQ,-1.112109442912939,-0.03149679101816405,1.2227436635568325,1.2542404545749966,0.028321664938436866
reflection,0.0,ntd_QP,0.0,0.0,1.2441239542135647,1.2441239542135647,0.12508322914352699
reflection,1.0,ntd_QP,-0.056187694218097585,-0.007028138230984915,1.2370958159825798,1.2441239542135647,0.12508322914352699
reflection,0.0,rtd,0.0,0.0,28.357489776611327,28.357489776611327,0.43210089488353065
reflection,1.0,rtd,0.0,0.0,28.357489776611327,28.357489776611327,0.43210089488353065
reflection,0.0,precision@3,-0.0,-0.0,0.9812,0.9812,0.0035637059362410954
reflection,1.0,precision@3,0.22448541324350846,0.0007999999999999119,0.9804,0.9812,0.0035637059362410954
reflection,0.0,recall@3,-0.0,-0.0,0.9762000000000001,0.9762000000000001,0.0035637059362410954
reflection,1.0,recall@3,1.515276539393869,0.005400000000000071,0.9708,0.9762000000000001,0.0035637059362410954
reflection,0.0,precision@10,-0.0,-0.0,0.9987999999999999,0.9987999999999999,0.0008366600265340763
reflection,1.0,precision@10,-0.2390457215812706,-0.000200000000000089,0.999,0.9987999999999999,0.0008366600265340763
reflection,0.0,recall@10,-0.0,-0.0,0.998,0.998,0.0018708286933869723
reflection,1.0,recall@10,0.10690449670781503,0.00019999999999997797,0.9978,0.998,0.0018708286933869723
reflection,0.0,mmd,0.0,0.0,0.010814815288528335,0.010814815288528335,0.0162472226226111
reflection,1.0,mmd,0.038214260794271676,0.0006208756025212654,0.0114356908910496,0.010814815288528335,0.0162472226226111
reflection,0.0,frechet,0.0,0.0,0.08258997893613444,0.08258997893613444,0.021209352038445994
reflection,1.0,frechet,-0.38438429577147704,-0.008152541847451789,0.07443743708868265,0.08258997893613444,0.021209352038445994
reflection,0.0,js,0.0,0.0,0.012140940749780435,0.012140940749780435,0.01966149265327062
reflection,1.0,js,0.18552974017875506,0.003647791623673329,0.015788732373453764,0.012140940749780435,0.01966149265327062
rotation,0.0,mtd_PQ,0.0,0.0,5.003526592254639,5.003526592254639,0.20033902301936093
rotation,15.0,mtd_PQ,-1.202009182309368,-0.24080934524536168,4.762717247009277,5.003526592254639,0.20033902301936093
rotation,30.0,mtd_PQ,0.3717410528741358,0.0744742393493647,5.078000831604004,5.003526592254639,0.20033902301936093
rotation,60.0,mtd_PQ,0.3511351322142933,0.07034606933593679,5.073872661590576,5.003526592254639,0.20033902301936093
rotation,120.0,mtd_PQ,-0.2865078398045203,-0.05739870071411168,4.946127891540527,5.003526592254639,0.20033902301936093
rotation,180.0,mtd_PQ,1.090594782500757,0.2184886932373047,5.222015285491944,5.003526592254639,0.20033902301936093
rotation,270.0,mtd_PQ,-0.4992433704090876,-0.10001792907714879,4.90350866317749,5.003526592254639,0.20033902301936093
rotation,0.0,mtd_QP,0.0,0.0,4.920348453521728,4.920348453521728,0.2145530663598211
rotation,15.0,mtd_QP,-0.02434846194006167,-0.005224037170409979,4.915124416351318,4.920348453521728,0.2145530663598211
rotation,30.0,mtd_QP,0.46435207883016383,0.09962816238403338,5.019976615905762,4.920348453521728,0.2145530663598211
rotation,60.0,mtd_QP,-0.12641215783537046,-0.027122116088866832,4.8932263374328615,4.920348453521728,0.2145530663598211
rotation,120.0,mtd_QP,0.3808846552008458,0.08171997070312553,5.002068424224854,4.920348453521728,0.2145530663598211
rotation,180.0,mtd_QP,0.39101866125749896,0.08389425277709961,5.004242706298828,4.920348453521728,0.2145530663598211
rotation,270.0,mtd_QP,0.44065346630695595,0.09454355239868217,5.0148920059204105,4.920348453521728,0.2145530663598211
rotation,0.0,ntd_PQ,0.0,0.0,1.2542404545749966,1.2542404545749966,0.028321664938436866
rotation,15.0,ntd_PQ,-1.2676855807808014,-0.03590296626742928,1.2183374883075673,1.2542404545749966,0.028321664938436866
rotation,30.0,ntd_PQ,-0.6230316151850458,-0.01764529265194703,1.2365951619230495,1.2542404545749966,0.028321664938436866
rotation,60.0,ntd_PQ,-0.46067588894453004,-0.013047108172364208,1.2411933464026323,1.2542404545749966,0.028321664938436866
rotation,120.0,ntd_PQ,-0.8782343269821777,-0.024873058347101074,1.2293673962278955,1.2542404545749966,0.028321664938436866
rotation,180.0,ntd_PQ,0.45354387334394775,0.012845117616181678,1.2670855721911782,1.2542404545749966,0.028321664938436866
rotation,270.0,ntd_PQ,-0.8913639880617811,-0.025244912208965964,1.2289955423660306,1.2542404545749966,0.028321664938436866
rotation,0.0,ntd_QP,0.0,0.0,1.2441239542135647,1.2441239542135647,0.12508322914352699
rotation,15.0,ntd_QP,-0.07481291895260322,-0.009357841484319396,1.2347661127292453,1.2441239542135647,0.12508322914352699
rotation,30.0,ntd_QP,-0.2018477096627423,-0.02524776332004275,1.218876190893522,1.2441239542135647,0.12508322914352699
rotation,60.0,ntd_QP,-0.28697932405166654,-0.03589630055009607,1.2082276536634686,1.2441239542135647,0.12508322914352699
rotation,120.0,ntd_QP,-0.15701725820808993,-0.019640225688087876,1.2244837285254768,1.2441239542135647,0.12508322914352699
rotation,180.0,ntd_QP,-0.04769934287652868,-0.005966387835068199,1.2381575663784965,1.2441239542135647,0.12508322914352699
rotation,270.0,ntd_QP,-0.09994566736074581,-0.01250152681248684,1.2316224274010779,1.2441239542135647,0.12508322914352699
rotation,0.0,rtd,0.0,0.0,28.357489776611327,28.357489776611327,0.43210089488353065
rotation,15.0,rtd,0.0,0.0,28.357489776611327,28.357489776611327,0.43210089488353065
rotation,30.0,rtd,0.0,0.0,28.357489776611327,28.357489776611327,0.43210089488353065
rotation,60.0,rtd,0.0,0.0,28.357489776611327,28.357489776611327,0.43210089488353065
rotation,120.0,rtd,0.0,0.0,28.357489776611327,28.357489776611327,0.43210089488353065
rotation,180.0,rtd,0.0,0.0,28.357489776611327,28.357489776611327,0.43210089488353065
rotation,270.0,rtd,0.0,0.0,28.357489776611327,28.357489776611327,0.43210089488353065
rotation,0.0,precision@3,-0.0,-0.0,0.9812,0.9812,0.0035637059362410954
rotation,15.0,precision@3,-0.5612135331088023,-0.0019999999999998908,0.9831999999999999,0.9812,0.0035637059362410954
rotation,30.0,precision@3,-0.28060676655441674,-0.0010000000000000009,0.9822,0.9812,0.0035637059362410954
rotation,60.0,precision@3,0.05612135331084596,0.00019999999999986695,0.9810000000000001,0.9812,0.0035637059362410954
rotation,120.0,precision@3,-0.5612135331088646,-0.002000000000000113,0.9832000000000001,0.9812,0.0035637059362410954
rotation,180.0,precision@3,0.28060676655441674,0.0010000000000000009,0.9802,0.9812,0.0035637059362410954
rotation,270.0,precision@3,-0.5612135331088646,-0.002000000000000113,0.9832000000000001,0.9812,0.0035637059362410954
rotation,0.0,recall@3,-0.0,-0.0,0.9762000000000001,0.9762000000000001,0.0035637059362410954
rotation,15.0,recall@3,-0.28060676655441674,-0.0010000000000000009,0.9772000000000001,0.9762000000000001,0.0035637059362410954
rotation,30.0,recall@3,0.8418202996632813,0.0030000000000001137,0.9732,0.9762000000000001,0.0035637059362410954
rotation,60.0,recall@3,0.280606766554479,0.001000000000000223,0.9751999999999998,0.9762000000000001,0.0035637059362410954
rotation,120.0,recall@3,0.22448541324357077,0.0008000000000001339,0.9753999999999999,0.9762000000000001,0.0035637059362410954
rotation,180.0,recall@3,0.9540630062850044,0.0033999999999999586,0.9728000000000001,0.9762000000000001,0.0035637059362410954
rotation,270.0,recall@3,1.2346697728394522,0.0044000000000000705,0.9718,0.9762000000000001,0.0035637059362410954
rotation,0.0,precision@10,-0.0,-0.0,0.9987999999999999,0.9987999999999999,0.0008366600265340763
rotation,15.0,precision@10,-0.2390457215812706,-0.000200000000000089,0.999,0.9987999999999999,0.0008366600265340763
rotation,30.0,precision@10,-0.2390457215812706,-0.000200000000000089,0.999,0.9987999999999999,0.0008366600265340763
rotation,60.0,precision@10,-0.4780914431622758,-0.00039999999999995595,0.9991999999999999,0.9987999999999999,0.0008366600265340763
rotation,120.0,precision@10,0.4780914431622758,0.00039999999999995595,0.9984,0.9987999999999999,0.0008366600265340763
rotation,180.0,precision@10,-1.1952286079060876,-0.001000000000000223,0.9998000000000001,0.9987999999999999,0.0008366600265340763
rotation,270.0,precision@10,-1.1952286079060876,-0.001000000000000223,0.9998000000000001,0.9987999999999999,0.0008366600265340763
rotation,0.0,recall@10,-0.0,-0.0,0.998,0.998,0.0018708286933869723
rotation,15.0,recall@10,-0.21380899341563006,-0.00039999999999995595,0.9984,0.998,0.0018708286933869723
rotation,30.0,recall@10,-0.3207134901235044,-0.0006000000000000449,0.9986,0.998,0.0018708286933869723
rotation,60.0,recall@10,-0.3207134901235044,-0.0006000000000000449,0.9986,0.998,0.0018708286933869723
rotation,120.0,recall@10,-0.0,-0.0,0.998,0.998,0.0018708286933869723
rotation,180.0,recall@10,-0.21380899341563006,-0.00039999999999995595,0.9984,0.998,0.0018708286933869723
rotation,270.0,recall@10,-0.0,-0.0,0.998,0.998,0.0018708286933869723
rotation,0.0,mmd,0.0,0.0,0.010814815288528335,0.010814815288528335,0.0162472226226111
rotation,15.0,mmd,0.2042607956222543,0.0033186706197506927,0.014133485908279028,0.010814815288528335,0.0162472226226111
rotation,30.0,mmd,0.39518374808571893,0.006420638332381722,0.017235453620910057,0.010814815288528335,0.0162472226226111
rotation,60.0,mmd,0.7781487753057673,0.012642756386683131,0.023457571675211467,0.010814815288528335,0.0162472226226111
rotation,120.0,mmd,0.4076614673849356,0.006623366615671023,0.017438181904199358,0.010814815288528335,0.0162472226226111
rotation,180.0,mmd,0.02712314828501278,0.00044067582843981823,0.011255491116968153,0.010814815288528335,0.0162472226226111
rotation,270.0,mmd,0.03157872190143921,0.0005130665249017865,0.011327881813430122,0.010814815288528335,0.0162472226226111
rotation,0.0,frechet,0.0,0.0,0.08258997893613444,0.08258997893613444,0.021209352038445994
rotation,15.0,frechet,0.18887914753328386,0.004006004332943874,0.08659598326907832,0.08258997893613444,0.021209352038445994
rotation,30.0,frechet,0.412421980934506,0.00874720298244562,0.09133718191858006,0.08258997893613444,0.021209352038445994
rotation,60.0,frechet,0.80265500930438,0.017023792658561396,0.09961377159469584,0.08258997893613444,0.021209352038445994
rotation,120.0,frechet,0.6140436798495852,0.013023468573526722,0.09561344750966116,0.08258997893613444,0.021209352038445994
rotation,180.0,frechet,-0.2619857100462159,-0.005556547153674415,0.07703343178246003,0.08258997893613444,0.021209352038445994
rotation,270.0,frechet,-0.1769186840214194,-0.0037523306517657923,0.07883764828436865,0.08258997893613444,0.021209352038445994
rotation,0.0,js,0.0,0.0,0.012140940749780435,0.012140940749780435,0.01966149265327062
rotation,15.0,js,-0.10541880311011255,-0.0020726910229714787,0.010068249726808956,0.012140940749780435,0.01966149265327062
rotation,30.0,js,0.5834163000105473,0.011470835297039121,0.023611776046819556,0.012140940749780435,0.01966149265327062
rotation,60.0,js,-0.0052913150503127015,-0.00010403515199315476,0.01203690559778728,0.012140940749780435,0.01966149265327062
rotation,120.0,js,0.04684632842429011,0.0009210687421937289,0.013062009491974164,0.012140940749780435,0.01966149265327062
rotation,180.0,js,1.1264669105299985,0.022148020886664482,0.03428896163644492,0.012140940749780435,0.01966149265327062
rotation,270.0,js,0.280806340157334,0.00552107179427604,0.017662012544056475,0.012140940749780435,0.01966149265327062
scale,0.6,mtd_PQ,9.583206427125145,1.9198902130126951,6.923416805267334,5.003526592254639,0.20033902301936093
scale,0.8,mtd_PQ,2.8212969455322603,0.5652158737182615,5.568742465972901,5.003526592254639,0.20033902301936093
scale,0.9,mtd_PQ,0.8870285462281996,0.1777064323425286,5.181233024597168,5.003526592254639,0.20033902301936093
scale,1.0,mtd_PQ,0.0,0.0,5.003526592254639,5.003526592254639,0.20033902301936093
scale,1.1,mtd_PQ,3.8179619186519247,0.7648867607116694,5.768413352966308,5.003526592254639,0.20033902301936093
scale,1.25,mtd_PQ,12.221265531419336,2.448396396636962,7.451922988891601,5.003526592254639,0.20033902301936093
scale,1.5,mtd_PQ,22.265050249375985,4.4605584144592285,9.464085006713868,5.003526592254639,0.20033902301936093
scale,0.6,mtd_QP,5.872169567262772,1.2598919868469238,6.180240440368652,4.920348453521728,0.2145530663598211
scale,0.8,mtd_QP,4.483039096880114,0.9618497848510748,5.882198238372803,4.920348453521728,0.2145530663598211
scale,0.9,mtd_QP,1.3909173340322853,0.2984255790710453,5.218774032592774,4.920348453521728,0.2145530663598211
scale,1.0,mtd_QP,0.0,0.0,4.920348453521728,4.920348453521728,0.2145530663598211
scale,1.1,mtd_QP,2.9007673346978984,0.6223685264587404,5.542716979980469,4.920348453521728,0.2145530663598211
scale,1.25,mtd_QP,12.65166582443339,2.71445369720459,7.634802150726318,4.920348453521728,0.2145530663598211
scale,1.5,mtd_QP,25.476142254977255,5.465984439849854,10.386332893371582,4.920348453521728,0.2145530663598211
scale,0.6,ntd_PQ,95.57259973820629,2.70677514717639,3.9610156017513867,1.2542404545749966,0.028321664938436866
scale,0.8,ntd_PQ,26.92004333951959,0.7624204476169929,2.0166609021919895,1.2542404545749966,0.028321664938436866
scale,0.9,ntd_PQ,8.057715706585135,0.22820792441914195,1.4824483789941385,1.2542404545749966,0.028321664938436866
scale,1.0,ntd_PQ,0.0,0.0,1.2542404545749966,1.2542404545749966,0.028321664938436866
scale,1.1,ntd_PQ,-2.0222120131150865,-0.05727241107194958,1.196968043503047,1.2542404545749966,0.028321664938436866
scale,1.25,ntd_PQ,-0.02393811733777273,-0.0006779673385213236,1.2535624872364752,1.2542404545749966,0.028321664938436866
scale,1.5,ntd_PQ,5.724083257210757,0.16211556809616345,1.41635602267116,1.2542404545749966,0.028321664938436866
scale,0.6,ntd_QP,1.405539298605995,0.1758093941591714,1.419933348372736,1.2441239542135647,0.12508322914352699
scale,0.8,ntd_QP,-0.14289098645023696,-0.01787326600084249,1.2262506882127222,1.2441239542135647,0.12508322914352699
scale,0.9,ntd_QP,-0.6114084870180908,-0.0764769478825924,1.1676470063309723,1.2441239542135647,0.12508322914352699
scale,1.0,ntd_QP,0.0,0.0,1.2441239542135647,1.2441239542135647,0.12508322914352699
scale,1.1,ntd_QP,1.6639296224749889,0.20812969024840533,1.45225364446197,1.2441239542135647,0.12508322914352699
scale,1.25,ntd_QP,5.782674690109973,0.7233156233312823,1.967439577544847,1.2441239542135647,0.12508322914352699
scale,1.5,ntd_QP,15.341300598826077,1.9189394181780313,3.163063372391596,1.2441239542135647,0.12508322914352699
scale,0.6,rtd,0.0,0.0,28.357489776611327,28.357489776611327,0.43210089488353065
scale,0.8,rtd,0.0,0.0,28.357489776611327,28.357489776611327,0.43210089488353065
scale,0.9,rtd,0.0,0.0,28.357489776611327,28.357489776611327,0.43210089488353065
scale,1.0,rtd,0.0,0.0,28.357489776611327,28.357489776611327,0.43210089488353065
scale,1.1,rtd,0.0,0.0,28.357489776611327,28.357489776611327,0.43210089488353065
scale,1.25,rtd,0.0,0.0,28.357489776611327,28.357489776611327,0.43210089488353065
scale,1.5,rtd,0.0,0.0,28.357489776611327,28.357489776611327,0.43210089488353065
scale,0.6,precision@3,40.85634521032303,0.14559999999999995,0.8356,0.9812,0.0035637059362410954
scale,0.8,precision@3,3.5356452585856317,0.012599999999999945,0.9686,0.9812,0.0035637059362410954
scale,0.9,precision@3,-1.0101843595958815,-0.0035999999999999366,0.9847999999999999,0.9812,0.0035637059362410954
scale,1.0,precision@3,0.39284947317623325,0.0014000000000001789,0.9797999999999998,0.9812,0.0035637059362410954
scale,1.1,precision@3,5.89274209764272,0.020999999999999908,0.9602,0.9812,0.0035637059362410954
scale,1.25,precision@3,38.16252025140064,0.136,0.8452,0.9812,0.0035637059362410954
scale,1.5,precision@3,138.00240779146202,0.49179999999999996,0.4894,0.9812,0.0035637059362410954
scale,0.6,recall@3,199.73589643343365,0.7118,0.2644,0.9762000000000001,0.0035637059362410954
scale,0.8,recall@3,41.6981655099863,0.14860000000000007,0.8276,0.9762000000000001,0.0035637059362410954
scale,0.9,recall@3,10.326329009202542,0.036800000000000055,0.9394,0.9762000000000001,0.0035637059362410954
scale,1.0,recall@3,0.33672811986532497,0.0012000000000000899,0.975,0.9762000000000001,0.0035637059362410954
scale,1.1,recall@3,0.39284947317623325,0.0014000000000001789,0.9747999999999999,0.9762000000000001,0.0035637059362410954
scale,1.25,recall@3,5.612135331088365,0.02000000000000013,0.9561999999999999,0.9762000000000001,0.0035637059362410954
scale,1.5,recall@3,23.739332450503635,0.08460000000000001,0.8916000000000001,0.9762000000000001,0.0035637059362410954
scale,0.6,precision@10,32.032126691875796,0.026799999999999824,0.9720000000000001,0.9987999999999999,0.0008366600265340763
scale,0.8,precision@10,1.1952286079056895,0.0009999999999998899,0.9978,0.9987999999999999,0.0008366600265340763
scale,0.9,precision@10,-0.7171371647435464,-0.0006000000000000449,0.9994,0.9987999999999999,0.0008366600265340763
scale,1.0,precision@10,-0.0,-0.0,0.9987999999999999,0.9987999999999999,0.0008366600265340763
scale,1.1,precision@10,6.932325925853663,0.005799999999999916,0.993,0.9987999999999999,0.0008366600265340763
scale,1.25,precision@10,70.2794421448621,0.05879999999999985,0.9400000000000001,0.9987999999999999,0.0008366600265340763
scale,1.5,precision@10,407.57295529588487,0.34099999999999986,0.6578,0.9987999999999999,0.0008366600265340763
scale,0.6,recall@10,326.91395093253436,0.6116,0.38639999999999997,0.998,0.0018708286933869723
scale,0.8,recall@10,42.761798683130756,0.08000000000000007,0.9179999999999999,0.998,0.0018708286933869723
scale,0.9,recall@10,6.414269802469613,0.01200000000000001,0.986,0.998,0.0018708286933869723
scale,1.0,recall@10,-0.0,-0.0,0.998,0.998,0.0018708286933869723
scale,1.1,recall@10,-0.5345224835391345,-0.0010000000000000009,0.999,0.998,0.0018708286933869723
scale,1.25,recall@10,0.6414269802469496,0.0011999999999999789,0.9968,0.998,0.0018708286933869723
scale,1.5,recall@10,8.338550743210522,0.015600000000000058,0.9823999999999999,0.998,0.0018708286933869723
scale,0.6,mmd,20.91520567362407,0.3398140027979842,0.35062881808651253,0.010814815288528335,0.0162472226226111
scale,0.8,mmd,8.964689170292464,0.14565130070121715,0.1564661159897455,0.010814815288528335,0.0162472226226111
scale,0.9,mmd,3.9340044327133716,0.06391664582056704,0.07473146110909537,0.010814815288528335,0.0162472226226111
scale,1.0,mmd,0.0,0.0,0.010814815288528335,0.010814815288528335,0.0162472226226111
scale,1.1,mmd,3.478173444879839,0.056510658282495074,0.0673254735710234,0.010814815288528335,0.0162472226226111
scale,1.25,mmd,8.920183397627413,0.14492820550469224,0.15574302079322058,0.010814815288528335,0.0162472226226111
scale,1.5,mmd,16.582096194414735,0.2694130084367906,0.28022782372531896,0.010814815288528335,0.0162472226226111
scale,0.6,frechet,25.066696411006493,0.5316483886469541,0.6142383675830885,0.08258997893613444,0.021209352038445994
scale,0.8,frechet,10.964710309031341,0.23255440095478835,0.3151443798909228,0.08258997893613444,0.021209352038445994
scale,0.9,frechet,4.24643295323014,0.09006409141696232,0.17265407035309677,0.08258997893613444,0.021209352038445994
scale,1.0,frechet,0.0,0.0,0.08258997893613444,0.08258997893613444,0.021209352038445994
scale,1.1,frechet,4.310163697506467,0.09141577920805487,0.1740057581441893,0.08258997893613444,0.021209352038445994
scale,1.25,frechet,14.496988784980115,0.3074717386525437,0.39006171758867814,0.08258997893613444,0.021209352038445994
scale,1.5,frechet,32.23138383085117,0.6836067663870299,0.7661967453231643,0.08258997893613444,0.021209352038445994
scale,0.6,js,39.06568748999523,0.7680897276185729,0.7802306683683533,0.012140940749780435,0.01966149265327062
scale,0.8,js,14.04954429615645,0.2762350119747297,0.28837595272451017,0.012140940749780435,0.01966149265327062
scale,0.9,js,3.9541976061651556,0.07774542718715068,0.08988636793693111,0.012140940749780435,0.01966149265327062
scale,1.0,js,0.0,0.0,0.012140940749780435,0.012140940749780435,0.01966149265327062
scale,1.1,js,2.9067176116415103,0.05715040696932859,0.06929134771910903,0.012140940749780435,0.01966149265327062
scale,1.25,js,14.309897434249203,0.2813539432868567,0.29349488403663715,0.012140940749780435,0.01966149265327062
scale,1.5,js,31.419440522629053,0.6177530990369637,0.6298940397867442,0.012140940749780435,0.01966149265327062
shift,0.0,mtd_PQ,0.0,0.0,5.003526592254639,5.003526592254639,0.20033902301936093
shift,0.3,mtd_PQ,4.222775647936143,0.8459867477416987,5.849513339996338,5.003526592254639,0.20033902301936093
shift,0.6,mtd_PQ,8.56739075776537,1.716382694244384,6.719909286499023,5.003526592254639,0.20033902301936093
shift,1.2,mtd_PQ,15.386324376899848,3.0824811935424794,8.086007785797118,5.003526592254639,0.20033902301936093
shift,1.8,mtd_PQ,14.78209920320944,2.961431312561035,7.964957904815674,5.003526592254639,0.20033902301936093
shift,2.4,mtd_PQ,12.66149352982567,2.5365912437438958,7.540117835998535,5.003526592254639,0.20033902301936093
shift,3.0,mtd_PQ,13.075641259902234,2.619561195373535,7.623087787628174,5.003526592254639,0.20033902301936093
shift,0.0,mtd_QP,0.0,0.0,4.920348453521728,4.920348453521728,0.2145530663598211
shift,0.3,mtd_QP,5.063499086499489,1.0863892555236818,6.00673770904541,4.920348453521728,0.2145530663598211
shift,0.6,mtd_QP,9.537618977908622,2.0463253974914553,6.966673851013184,4.920348453521728,0.2145530663598211
shift,1.2,mtd_QP,15.131538759942913,3.2465180397033686,8.166866493225097,4.920348453521728,0.2145530663598211
shift,1.8,mtd_QP,13.881197367376663,2.9782534599304205,7.898601913452149,4.920348453521728,0.2145530663598211
shift,2.4,mtd_QP,12.457984473097943,2.672898769378662,7.5932472229003904,4.920348453521728,0.2145530663598211
shift,3.0,mtd_QP,12.729257044717436,2.7311011314392095,7.651449584960938,4.920348453521728,0.2145530663598211
shift,0.0,ntd_PQ,0.0,0.0,1.2542404545749966,1.2542404545749966,0.028321664938436866
shift,0.3,ntd_PQ,4.831410197904422,0.1368335808100274,1.391074035385024,1.2542404545749966,0.028321664938436866
shift,0.6,ntd_PQ,15.474872565071207,0.43827415576843065,1.6925146103434272,1.2542404545749966,0.028321664938436866
shift,1.2,ntd_PQ,36.91090709249551,1.0453783432843418,2.2996187978593383,1.2542404545749966,0.028321664938436866
shift,1.8,ntd_PQ,44.73347809811047,1.266926578270322,2.5211670328453186,1.2542404545749966,0.028321664938436866
shift,2.4,ntd_PQ,48.00301186209935,1.359525218042191,2.6137656726171876,1.2542404545749966,0.028321664938436866
shift,3.0,ntd_PQ,52.81178371512743,1.4957176432338475,2.749958097808844,1.2542404545749966,0.028321664938436866
shift,0.0,ntd_QP,0.0,0.0,1.2441239542135647,1.2441239542135647,0.12508322914352699
shift,0.3,ntd_QP,1.041170677261479,0.13023299040245995,1.3743569446160246,1.2441239542135647,0.12508322914352699
shift,0.6,ntd_QP,3.751486255497665,0.46924801492895796,1.7133719691425227,1.2441239542135647,0.12508322914352699
shift,1.2,ntd_QP,8.302046622677736,1.0384468000729457,2.2825707542865104,1.2441239542135647,0.12508322914352699
shift,1.8,ntd_QP,9.789079196673418,1.2244496362714234,2.468573590484988,1.2441239542135647,0.12508322914352699
shift,2.4,ntd_QP,10.356571407916489,1.2954333945680747,2.5395573487816394,1.2441239542135647,0.12508322914352699
shift,3.0,ntd_QP,11.72432757904053,1.466516753134624,2.7106407073481886,1.2441239542135647,0.12508322914352699
shift,0.0,rtd,0.0,0.0,28.357489776611327,28.357489776611327,0.43210089488353065
shift,0.3,rtd,0.0,0.0,28.357489776611327,28.357489776611327,0.43210089488353065
shift,0.6,rtd,0.0,0.0,28.357489776611327,28.357489776611327,0.43210089488353065
shift,1.2,rtd,0.0,0.0,28.357489776611327,28.357489776611327,0.43210089488353065
shift,1.8,rtd,0.0,0.0,28.357489776611327,28.357489776611327,0.43210089488353065
shift,2.4,rtd,0.0,0.0,28.357489776611327,28.357489776611327,0.43210089488353065
shift,3.0,rtd,0.0,0.0,28.357489776611327,28.357489776611327,0.43210089488353065
shift,0.0,precision@3,-0.0,-0.0,0.9812,0.9812,0.0035637059362410954
shift,0.3,precision@3,7.015169163860418,0.025000000000000022,0.9561999999999999,0.9812,0.0035637059362410954
shift,0.6,precision@3,35.80542341234356,0.12760000000000005,0.8535999999999999,0.9812,0.0035637059362410954
shift,1.2,precision@3,128.18117096205745,0.4568,0.5244,0.9812,0.0035637059362410954
shift,1.8,precision@3,165.33350685386216,0.5892,0.392,0.9812,0.0035637059362410954
shift,2.4,precision@3,178.52202488191972,0.6361999999999999,0.34500000000000003,0.9812,0.0035637059362410954
shift,3.0,precision@3,207.0316723638485,0.7378,0.2434,0.9812,0.0035637059362410954
shift,0.0,recall@3,-0.0,-0.0,0.9762000000000001,0.9762000000000001,0.0035637059362410954
shift,0.3,recall@3,8.24983893669987,0.029400000000000093,0.9468,0.9762000000000001,0.0035637059362410954
shift,0.6,recall@3,42.48386445633868,0.1514000000000001,0.8248,0.9762000000000001,0.0035637059362410954
shift,1.2,recall@3,133.96167035307846,0.4774000000000001,0.49879999999999997,0.9762000000000001,0.0035637059362410954
shift,1.8,recall@3,168.13957451940635,0.5992000000000001,0.377,0.9762000000000001,0.0035637059362410954
shift,2.4,recall@3,182.22603420043808,0.6494000000000001,0.3268,0.9762000000000001,0.0035637059362410954
shift,3.0,recall@3,208.15409943006614,0.7418,0.2344,0.9762000000000001,0.0035637059362410954
shift,0.0,precision@10,-0.0,-0.0,0.9987999999999999,0.9987999999999999,0.0008366600265340763
shift,0.3,precision@10,7.649463090597209,0.006399999999999961,0.9924,0.9987999999999999,0.0008366600265340763
shift,0.6,precision@10,57.84906462264174,0.0484,0.9503999999999999,0.9987999999999999,0.0008366600265340763
shift,1.2,precision@10,391.0788005067846,0.32719999999999994,0.6716,0.9987999999999999,0.0008366600265340763
shift,1.8,precision@10,616.02082451466,0.5153999999999999,0.48340000000000005,0.9987999999999999,0.0008366600265340763
shift,2.4,precision@10,721.6790334535347,0.6037999999999999,0.395,0.9987999999999999,0.0008366600265340763
shift,3.0,precision@10,849.8075402210387,0.7109999999999999,0.2878,0.9987999999999999,0.0008366600265340763
shift,0.0,recall@10,-0.0,-0.0,0.998,0.998,0.0018708286933869723
shift,0.3,recall@10,3.9554663781896306,0.007400000000000073,0.9905999999999999,0.998,0.0018708286933869723
shift,0.6,recall@10,33.461107469549844,0.0626000000000001,0.9353999999999999,0.998,0.0018708286933869723
shift,1.2,recall@10,206.9671056263527,0.3872,0.6108,0.998,0.0018708286933869723
shift,1.8,recall@10,287.7869051374698,0.5384,0.4596,0.998,0.0018708286933869723
shift,2.4,recall@10,332.15227127121784,0.6214,0.3766,0.998,0.0018708286933869723
shift,3.0,recall@10,388.59784553295043,0.727,0.271,0.998,0.0018708286933869723
shift,0.0,mmd,0.0,0.0,0.010814815288528335,0.010814815288528335,0.0162472226226111
shift,0.3,mmd,4.898626466966527,0.07958907475871867,0.090403890047247,0.010814815288528335,0.0162472226226111
shift,0.6,mmd,10.329212670310826,0.16782101778116446,0.1786358330696928,0.010814815288528335,0.0162472226226111
shift,1.2,mmd,20.6610310686434,0.3356843714055949,0.3464991866941232,0.010814815288528335,0.0162472226226111
shift,1.8,mmd,30.255583653468005,0.4915692032251835,0.5023840185137118,0.010814815288528335,0.0162472226226111
shift,2.4,mmd,39.000396009890075,0.6336481163816781,0.6444629316702064,0.010814815288528335,0.0162472226226111
shift,3.0,mmd,46.54466661778613,0.756221560480931,0.7670363757694594,0.010814815288528335,0.0162472226226111
shift,0.0,frechet,0.0,0.0,0.08258997893613444,0.08258997893613444,0.021209352038445994
shift,0.3,frechet,10.877440437825253,0.23070346353394133,0.3132934424700758,0.08258997893613444,0.021209352038445994
shift,0.6,frechet,24.820648641769758,0.5264298748906918,0.6090198538268262,0.08258997893613444,0.021209352038445994
shift,1.2,frechet,53.00674790458899,1.124238776774594,1.2068287557107285,0.08258997893613444,0.021209352038445994
shift,1.8,frechet,81.26128504202657,1.7234992016341084,1.8060891805702428,0.08258997893613444,0.021209352038445994
shift,2.4,frechet,109.5331701977544,2.323127566720727,2.4057175456568616,0.08258997893613444,0.021209352038445994
shift,3.0,frechet,137.81203561530626,2.9229039786376996,3.005493957573834,0.08258997893613444,0.021209352038445994
shift,0.0,js,0.0,0.0,0.012140940749780435,0.012140940749780435,0.01966149265327062
shift,0.3,js,6.6326092142167195,0.13040699734396966,0.14254793809375008,0.012140940749780435,0.01966149265327062
shift,0.6,js,17.96369138391609,0.35319298618845063,0.3653339269382311,0.012140940749780435,0.01966149265327062
shift,1.2,js,33.70030603430876,0.6625983195402335,0.674739260290014,0.012140940749780435,0.01966149265327062
shift,1.8,js,37.75328538825696,0.7422859433357966,0.754426884085577,0.012140940749780435,0.01966149265327062
shift,2.4,js,37.40699660639958,0.7354773889950513,0.7476183297448318,0.012140940749780435,0.01966149265327062
shift,3.0,js,40.99633949078164,0.8060492277499877,0.8181901684997681,0.012140940749780435,0.01966149265327062
thickness,0.25,mtd_PQ,0.4905105957999675,0.09826841354370064,5.10179500579834,5.003526592254639,0.20033902301936093
thickness,0.5,mtd_PQ,-1.3768408056775852,-0.275834941864014,4.727691650390625,5.003526592254639,0.20033902301936093
thickness,0.75,mtd_PQ,-0.8363755973139387,-0.1675586700439453,4.835967922210694,5.003526592254639,0.20033902301936093
thickness,1.0,mtd_PQ,0.0,0.0,5.003526592254639,5.003526592254639,0.20033902301936093
thickness,1.25,mtd_PQ,1.2436185088729084,0.24914531707763654,5.252671909332276,5.003526592254639,0.20033902301936093
thickness,1.5,mtd_PQ,2.6451814686278863,0.5299330711364743,5.533459663391113,5.003526592254639,0.20033902301936093
thickness,1.75,mtd_PQ,5.63503738715909,1.1289178848266594,6.1324444770812985,5.003526592254639,0.20033902301936093
thickness,0.25,mtd_QP,-2.769161715449045,-0.5941321372985842,4.326216316223144,4.920348453521728,0.2145530663598211
thickness,0.5,mtd_QP,-0.6468993138572992,-0.13879423141479474,4.781554222106934,4.920348453521728,0.2145530663598211
thickness,0.75,mtd_QP,-1.0778401538936275,-0.2312539100646971,4.689094543457031,4.920348453521728,0.2145530663598211
thickness,1.0,mtd_QP,0.0,0.0,4.920348453521728,4.920348453521728,0.2145530663598211
thickness,1.25,mtd_QP,2.7921442490320696,0.5990631103515627,5.519411563873291,4.920348453521728,0.2145530663598211
thickness,1.5,mtd_QP,6.291921173803589,1.349950981140137,6.270299434661865,4.920348453521728,0.2145530663598211
thickness,1.75,mtd_QP,9.270842901980572,1.989087772369385,6.909436225891113,4.920348453521728,0.2145530663598211
thickness,0.25,ntd_PQ,63.03101658848188,1.7851433326110708,3.0393837871860674,1.2542404545749966,0.028321664938436866
thickness,0.5,ntd_PQ,23.481318367659682,0.6650300311451021,1.9192704857200986,1.2542404545749966,0.028321664938436866
thickness,0.75,ntd_PQ,7.781478154055001,0.2203844170126934,1.47462487158769,1.2542404545749966,0.028321664938436866
thickness,1.0,ntd_PQ,0.0,0.0,1.2542404545749966,1.2542404545749966,0.028321664938436866
thickness,1.25,ntd_PQ,-4.333502974287299,-0.12273201925181798,1.1315084353231786,1.2542404545749966,0.028321664938436866
thickness,1.5,ntd_PQ,-6.802879004670621,-0.1926688597938111,1.0615715947811855,1.2542404545749966,0.028321664938436866
thickness,1.75,ntd_PQ,-8.063605848128397,-0.2283747430343761,1.0258657115406205,1.2542404545749966,0.028321664938436866
thickness,0.25,ntd_QP,-3.178037107593105,-0.3975191437588781,0.8466048104546866,1.2441239542135647,0.12508322914352699
thickness,0.5,ntd_QP,-2.1214450346653897,-0.26535719538856994,0.9787667588249948,1.2441239542135647,0.12508322914352699
thickness,0.75,ntd_QP,-1.1649948026111476,-0.14572131184719317,1.0984026423663715,1.2441239542135647,0.12508322914352699
thickness,1.0,ntd_QP,0.0,0.0,1.2441239542135647,1.2441239542135647,0.12508322914352699
thickness,1.25,ntd_QP,1.361099138309346,0.17025067540556615,1.4143746296191309,1.2441239542135647,0.12508322914352699
thickness,1.5,ntd_QP,2.873999094060733,0.35948908724356166,1.6036130414571264,1.2441239542135647,0.12508322914352699
thickness,1.75,ntd_QP,4.440101535332717,0.5553822377689883,1.799506191982553,1.2441239542135647,0.12508322914352699
thickness,0.25,rtd,-7.509631385141175,-3.244918441772459,25.11257133483887,28.357489776611327,0.43210089488353065
thickness,0.5,rtd,-5.699809796683044,-2.462892913818358,25.89459686279297,28.357489776611327,0.43210089488353065
thickness,0.75,rtd,-2.853740775520987,-1.233103942871093,27.124385833740234,28.357489776611327,0.43210089488353065
thickness,1.0,rtd,0.0,0.0,28.357489776611327,28.357489776611327,0.43210089488353065
thickness,1.25,rtd,2.6779445990262336,1.157142257690431,29.51463203430176,28.357489776611327,0.43210089488353065
thickness,1.5,rtd,4.906892049472167,2.1202724456787116,30.47776222229004,28.357489776611327,0.43210089488353065
thickness,1.75,rtd,6.736828818950807,2.910989761352539,31.268479537963866,28.357489776611327,0.43210089488353065
thickness,0.25,precision@3,-1.908126012570071,-0.006800000000000139,0.9880000000000001,0.9812,0.0035637059362410954
thickness,0.5,precision@3,-1.7397619526373462,-0.006199999999999872,0.9873999999999998,0.9812,0.0035637059362410954
thickness,0.75,precision@3,-1.178548419528544,-0.0041999999999999815,0.9853999999999999,0.9812,0.0035637059362410954
thickness,1.0,precision@3,0.39284947317623325,0.0014000000000001789,0.9797999999999998,0.9812,0.0035637059362410954
thickness,1.25,precision@3,4.321344204938005,0.01539999999999997,0.9658,0.9812,0.0035637059362410954
thickness,1.5,precision@3,11.39263472210927,0.04059999999999986,0.9406000000000001,0.9812,0.0035637059362410954
thickness,1.75,precision@3,20.428172605161482,0.07279999999999986,0.9084000000000001,0.9812,0.0035637059362410954
thickness,0.25,recall@3,133.51269952659138,0.4758000000000001,0.5004,0.9762000000000001,0.0035637059362410954
thickness,0.5,recall@3,44.22362640897605,0.15760000000000007,0.8186,0.9762000000000001,0.0035637059362410954
thickness,0.75,recall@3,10.99978524893316,0.039200000000000124,0.9369999999999999,0.9762000000000001,0.0035637059362410954
thickness,1.0,recall@3,0.33672811986532497,0.0012000000000000899,0.975,0.9762000000000001,0.0035637059362410954
thickness,1.25,recall@3,-1.7958833059482546,-0.006399999999999961,0.9826,0.9762000000000001,0.0035637059362410954
thickness,1.5,recall@3,-2.020368719191763,-0.007199999999999873,0.9833999999999999,0.9762000000000001,0.0035637059362410954
thickness,1.75,recall@3,-2.300975485746242,-0.008200000000000096,0.9844000000000002,0.9762000000000001,0.0035637059362410954
thickness,0.25,precision@10,-1.4342743294870928,-0.0012000000000000899,1.0,0.9987999999999999,0.0008366600265340763
thickness,0.5,precision@10,-1.4342743294870928,-0.0012000000000000899,1.0,0.9987999999999999,0.0008366600265340763
thickness,0.75,precision@10,-1.4342743294870928,-0.0012000000000000899,1.0,0.9987999999999999,0.0008366600265340763
thickness,1.0,precision@10,-0.0,-0.0,0.9987999999999999,0.9987999999999999,0.0008366600265340763
thickness,1.25,precision@10,5.737097317947841,0.0047999999999999154,0.994,0.9987999999999999,0.0008366600265340763
thickness,1.5,precision@10,18.884612004911887,0.015799999999999925,0.983,0.9987999999999999,0.0008366600265340763
thickness,1.75,precision@10,42.78918416302846,0.035800000000000054,0.9629999999999999,0.9987999999999999,0.0008366600265340763
thickness,0.25,recall@10,191.35904910700998,0.358,0.64,0.998,0.0018708286933869723
thickness,0.5,recall@10,47.037978551443835,0.08800000000000008,0.9099999999999999,0.998,0.0018708286933869723
thickness,0.75,recall@10,6.093556312346169,0.011400000000000077,0.9865999999999999,0.998,0.0018708286933869723
thickness,1.0,recall@10,-0.0,-0.0,0.998,0.998,0.0018708286933869723
thickness,1.25,recall@10,-1.069044967078269,-0.0020000000000000018,1.0,0.998,0.0018708286933869723
thickness,1.5,recall@10,-1.069044967078269,-0.0020000000000000018,1.0,0.998,0.0018708286933869723
thickness,1.75,recall@10,-1.069044967078269,-0.0020000000000000018,1.0,0.998,0.0018708286933869723
thickness,0.25,mmd,0.041422330499870624,0.0006729978252201941,0.01148781311374853,0.010814815288528335,0.0162472226226111
thickness,0.5,mmd,0.026961179942283753,0.0004380442927175224,0.011252859581245857,0.010814815288528335,0.0162472226226111
thickness,0.75,mmd,0.0096554418181856,0.00015687411274938577,0.010971689401277721,0.010814815288528335,0.0162472226226111
thickness,1.0,mmd,0.0,0.0,0.010814815288528335,0.010814815288528335,0.0162472226226111
thickness,1.25,mmd,0.012201581625032447,0.00019824181302206464,0.0110130571015504,0.010814815288528335,0.0162472226226111
thickness,1.5,mmd,0.11086156637008364,0.0018011925492169862,0.012616007837745321,0.010814815288528335,0.0162472226226111
thickness,1.75,mmd,0.46626488403220084,0.007575509372443379,0.018390324660971714,0.010814815288528335,0.0162472226226111
thickness,0.25,frechet,-0.015432006010711142,-0.0003273028481560192,0.08226267608797842,0.08258997893613444,0.021209352038445994
thickness,0.5,frechet,-0.019955659574811647,-0.00042324660910152134,0.08216673232703292,0.08258997893613444,0.021209352038445994
thickness,0.75,frechet,-0.024250393973833988,-0.0005143351428863047,0.08207564379324814,0.08258997893613444,0.021209352038445994
thickness,1.0,frechet,0.0,0.0,0.08258997893613444,0.08258997893613444,0.021209352038445994
thickness,1.25,frechet,0.08755298063364472,0.0018569419883617683,0.08444692092449621,0.08258997893613444,0.021209352038445994
thickness,1.5,frechet,0.275507627429791,0.0058433382597109645,0.0884333171958454,0.08258997893613444,0.021209352038445994
thickness,1.75,frechet,0.5966444205032223,0.01265444155682409,0.09524442049295853,0.08258997893613444,0.021209352038445994
thickness,0.25,js,17.439828257165132,0.3428930551699934,0.35503399591977386,0.012140940749780435,0.01966149265327062
thickness,0.5,js,6.8073696890806685,0.13384304913676404,0.14598398988654449,0.012140940749780435,0.01966149265327062
thickness,0.75,js,1.574929195827955,0.03096545881476767,0.043106399564548106,0.012140940749780435,0.01966149265327062
thickness,1.0,js,0.0,0.0,0.012140940749780435,0.012140940749780435,0.01966149265327062
thickness,1.25,js,0.4692577880838774,0.009226308553370435,0.02136724930315087,0.012140940749780435,0.01966149265327062
thickness,1.5,js,2.3231504490990686,0.04567660548972683,0.057817546239507266,0.012140940749780435,0.01966149265327062
thickness,1.75,js,4.580574392328016,0.0900609297670974,0.10220187051687783,0.012140940749780435,0.01966149265327062
