pair,repeat,mtd_PQ,mtd_QP,mmd,frechet,js,rtd,ntd_PQ,ntd_QP,precision@1,precision@3,precision@10,recall@1,recall@3,recall@10
rr,0,3.2999656200408936,3.095731258392334,0.035671381874250174,0.14105896757533595,0.03228801336948592,28.626340866088867,1.4450787760018315,1.3528221723943334,0.718,0.974,1.0,0.696,0.964,1.0
dd,0,3.158628225326538,3.469552993774414,0.035123242391921196,0.09702763007743295,0.0,35.93672180175781,1.3747449316154152,1.3976801978698834,0.736,0.984,1.0,0.748,0.988,1.0
rd,0,3.687415599822998,5.115701675415039,0.2623951947604637,0.45837814630681817,0.39346479570836995,32.09728240966797,2.1018834898829915,1.7396503679026236,0.528,0.794,0.918,0.466,0.64,0.84
dr,0,4.785505771636963,3.679274559020996,0.2719537677321882,0.4759715819995596,0.33820980153619606,32.41136932373047,1.8494224192607878,2.015160694973645,0.504,0.674,0.836,0.558,0.728,0.876
rr,1,3.181412696838379,3.3537654876708984,0.03784647900859337,0.14294987255003763,0.0036313038907884727,28.732250213623047,1.3838398179550015,1.4437588109883328,0.716,0.976,0.996,0.666,0.956,0.998
dd,1,3.0768990516662598,3.42523193359375,0.033491929324157135,0.11374798603729656,0.0,36.083160400390625,1.3056134291022863,1.3547825179323179,0.764,0.974,1.0,0.712,0.988,1.0
rd,1,3.966897964477539,5.784897804260254,0.27515943607052556,0.478882326192155,0.3739126635174346,32.357666015625,1.9868514472857552,1.9144727780267043,0.506,0.788,0.902,0.368,0.604,0.856
dr,1,5.622207164764404,3.6746160984039307,0.25905880366490425,0.4581821417322275,0.4205737224655001,32.840206146240234,1.8226853750551082,2.1367584283080014,0.444,0.684,0.846,0.442,0.754,0.832
rr,2,3.2540364265441895,3.373030185699463,0.014277192033124171,0.11901370565651972,0.0,29.082443237304688,1.3719140476694636,1.3278831146778602,0.71,0.978,0.996,0.69,0.966,0.996
dd,2,2.8154449462890625,2.8772759437561035,0.0,0.05032557414134388,0.0,36.33170700073242,1.3610008217045786,1.3558981836711437,0.708,0.994,1.0,0.766,0.97,1.0
rd,2,3.4556736946105957,5.563873291015625,0.27313303169012676,0.48025415277850514,0.4129748009650509,32.985313415527344,2.3414074341257938,1.7346836658424216,0.548,0.748,0.896,0.408,0.642,0.81
dr,2,5.167983531951904,3.956179618835449,0.27970211380234933,0.48607661027411864,0.418147703007413,31.88290023803711,1.8236817054656134,2.29946154140297,0.394,0.61,0.8,0.442,0.69,0.812
rr,3,3.3746185302734375,3.5138063430786133,0.026973495689978488,0.11920399491868355,0.025933004204319134,28.528095245361328,1.4069293922972128,1.3444404420782414,0.686,0.972,0.998,0.708,0.964,0.998
dd,3,3.6833794116973877,3.018172264099121,0.04243748581337463,0.10104724420305013,0.0,35.70353317260742,1.3993953276810709,1.3605001278423676,0.774,0.99,1.0,0.668,0.966,1.0
rd,3,2.964303493499756,5.066582202911377,0.2806151480778656,0.4796541921376861,0.4312488065524107,31.96011734008789,2.0659826487252477,1.9562475672006103,0.454,0.702,0.902,0.376,0.604,0.85
dr,3,5.4060163497924805,3.4895987510681152,0.2454871717661186,0.4344658705792054,0.3517387333962747,32.16200256347656,1.7564496433930505,2.039467438146435,0.454,0.654,0.818,0.54,0.776,0.88
rr,4,3.2221977710723877,2.99588942527771,0.0,0.03549103610921254,0.0,28.513713836669922,1.3927897207092155,1.3601305953624452,0.726,0.986,1.0,0.746,0.966,0.996
dd,4,3.010089874267578,2.9624714851379395,0.0,0.0732920861742298,0.0,35.91309356689453,1.2599564490447344,1.3068473097073983,0.738,0.986,1.0,0.686,0.962,1.0
rd,4,3.506488800048828,5.054687976837158,0.262477533772512,0.4545247497896516,0.39371915622823633,32.09258270263672,2.0909593673961835,1.7624289116919218,0.53,0.774,0.868,0.382,0.642,0.846
dr,4,5.095942974090576,3.917922019958496,0.23960868980260563,0.4175064062689419,0.2806597856450185,31.993633270263672,1.7189546253020882,2.1348204050385062,0.454,0.68,0.868,0.506,0.776,0.902
