,,mtd_PQ,mtd_PQ,mtd_PQ,mtd_QP,mtd_QP,mtd_QP,ntd_PQ,ntd_PQ,ntd_PQ,ntd_QP,ntd_QP,ntd_QP,rtd,rtd,rtd,precision@3,precision@3,precision@3,recall@3,recall@3,recall@3,precision@10,precision@10,precision@10,recall@10,recall@10,recall@10,mmd,mmd,mmd,frechet,frechet,frechet,js,js,js
,,mean,std,count,mean,std,count,mean,std,count,mean,std,count,mean,std,count,mean,std,count,mean,std,count,mean,std,count,mean,std,count,mean,std,count,mean,std,count,mean,std,count
d,i,,,,,,,,,,,,,,,,,,,,,,,,,,,,,,,,,,,,
0.0,0.0,17.57738208770752,0.6432038520242696,10,18.114077758789062,1.1470916234372335,10,1.2713094002667256,0.1316156176880682,10,1.2224784573333796,0.1116424414583943,10,23.14135875701904,0.3711531713403473,10,0.9550000000000001,0.013349989596333834,10,0.9506,0.004647580015448894,10,0.9973000000000001,0.001636391694484487,10,0.9965999999999999,0.002412928142780522,10,0.0,0.0,10,0.08047188362665782,0.023262062060528995,10,0.028707361855609487,0.018481924361934167,10
0.0,0.25,20.527180099487303,1.2649464074088599,10,17.201099109649657,1.210088121849588,10,1.2172516074173745,0.11423391747919552,10,1.8025711209736168,0.1649010894583118,10,22.89149703979492,0.34858164468385655,10,0.7666999999999999,0.010011659869039373,10,0.9593999999999999,0.006397916327472072,10,0.8068,0.0044422216663886896,10,0.9972,0.0013165611772087485,10,0.12707074905952256,0.0016975232456760063,10,2.4511444918394667,0.03703854993706448,10,0.12932652548794782,0.02318525705462601,10
0.0,0.5,23.13573932647705,1.1991346510607692,10,16.921587181091308,1.4027030719936828,10,1.1862267500313268,0.09466947919404035,10,2.3477569350822187,0.21435744720123723,10,24.270423889160156,0.3757840647221688,10,0.6476,0.010996969279457583,10,0.9558,0.012227473619317697,10,0.6902,0.02006544846800642,10,0.9965999999999999,0.001837873166945355,10,0.1476752026682596,0.0033428873057942737,10,2.367322707872526,0.05487804358394758,10,0.20974988947889472,0.015538033039898234,10
0.0,0.75,25.38979892730713,1.1833071384870297,10,17.10036849975586,1.3827746112586816,10,1.174355391388906,0.09388312635219054,10,2.960306424952329,0.2165389233708357,10,25.60474548339844,0.48250767801120825,10,0.5511,0.010300485425454467,10,0.9541000000000001,0.010246408584908589,10,0.5877,0.013064370546558212,10,0.9955,0.002505549396395483,10,0.17801560725097293,0.0030021607392873187,10,2.948889322138971,0.04494519583792173,10,0.273100823255633,0.012129240623720634,10
0.25,0.0,19.620205116271972,0.983758997868508,10,19.606403732299803,0.9374487096981701,10,1.979652185450264,0.13460746598548207,10,1.182465317515168,0.12359977700836888,10,20.579934501647948,0.3409870331209257,10,0.954,0.00972967967955092,10,0.7082999999999999,0.006650814486462035,10,0.9974999999999999,0.0019002923751652284,10,0.7554000000000001,0.008002777295692088,10,0.20616996703261292,0.002758032108143175,10,2.8555071478350245,0.04377141569781506,10,0.15799829834939028,0.013481679686693927,10
0.25,0.25,23.344944953918457,0.9911412915549703,10,17.98155517578125,0.8908981164076231,10,1.8211747006595762,0.16187188139497743,10,1.818958798460286,0.1778304867186497,10,20.804052925109865,0.404649265350261,10,0.7194999999999999,0.011946640624971642,10,0.7232999999999999,0.01501147709069447,10,0.7596,0.00832933237287224,10,0.7666999999999999,0.02578565492672235,10,0.2042575482859424,0.0020617827227341966,10,3.1351479224034597,0.046712339737793214,10,0.2713900895626219,0.01794591100277971,10
0.25,0.5,25.597161865234376,1.340542867876168,10,17.345576095581055,0.9401307919847459,10,1.7138282161565652,0.16198813160864348,10,2.379752852846877,0.19940429759039194,10,22.50978355407715,0.23262550795976736,10,0.5849,0.012050357302217707,10,0.7226,0.006168017869984175,10,0.6271,0.02474065480135887,10,0.759,0.00975249255888522,10,0.21456627126546296,0.0020449985949240555,10,3.0934834401754867,0.034382841692072695,10,0.34603957871065394,0.021171720444534702,10
0.25,0.75,28.146052742004393,0.9463164815909223,10,18.245335197448732,1.9142765920708293,10,1.5989397246712884,0.1127924316000525,10,3.0046653382304216,0.23552466514355683,10,24.120300674438475,0.46150116553370807,10,0.48460000000000003,0.01557918839706071,10,0.7261,0.018633601667716094,10,0.518,0.015755069730795313,10,0.7717,0.02396780247656334,10,0.22880967150126397,0.0020136991309143747,10,3.5289462210597558,0.02796876002203466,10,0.40768105632366874,0.011028255113734833,10
0.5,0.0,21.892559051513672,0.9359819640051547,10,20.793950271606445,1.311955047241813,10,3.2174785773689694,0.22586904046595507,10,1.1224593121796456,0.11958003339853553,10,18.87097873687744,0.38747854748340266,10,0.9541000000000001,0.010049322807477586,10,0.4631,0.006674162452656093,10,0.9967,0.0026687491868331113,10,0.5067,0.007543208866258448,10,0.41921396743824524,0.0026005847270471304,10,6.205915428956317,0.053687346411162955,10,0.3299557752837695,0.017430748600802865,10
0.5,0.25,25.3153133392334,0.942828933000635,10,19.009437561035156,0.9655595050266321,10,2.7159228870409873,0.18273729115707046,10,1.804133409883746,0.15169382019595312,10,17.81539878845215,0.33893514409584935,10,0.643,0.01270170592217177,10,0.475,0.008692269873603517,10,0.681,0.010402991022884767,10,0.5118,0.00669659946871876,10,0.34961706626184325,0.0027307110599344027,10,5.480666231739126,0.06464071625260373,10,0.4405140164835945,0.015023208140749138,10
0.5,0.5,29.40338706970215,1.3533403180957124,10,17.98614673614502,1.2499448145637548,10,2.427853937336222,0.21367657414995872,10,2.412083429543794,0.19584897176893068,10,20.503363037109374,0.3118378351022635,10,0.49160000000000004,0.015137884778117313,10,0.48579999999999995,0.008456424250894178,10,0.533,0.02825675927003032,10,0.5146,0.013125039682479718,10,0.2997728297801005,0.0016934062129647044,10,4.047529356624546,0.028263141321229833,10,0.5133371981650717,0.0147872820083236,10
0.5,0.75,30.54135513305664,1.1642283953680959,10,18.891980743408205,1.1596521583633832,10,2.2281281211711232,0.1873748159925007,10,3.0776322725373264,0.22542365559492683,10,22.155463409423827,0.34529667578807616,10,0.3915,0.016324827717314517,10,0.4857,0.005982381539896064,10,0.42110000000000003,0.01959846932798579,10,0.5089,0.005858517066820098,10,0.2936680655480391,0.001445848201253288,10,4.297600100220973,0.029132743760668694,10,0.5662489617990302,0.014386395981392169,10
0.75,0.0,22.629260063171387,1.1243910664414694,10,19.869350814819335,1.1134559233538475,10,5.7154573679867555,0.4299428980753142,10,1.011503429770364,0.08947523027364879,10,21.101235580444335,0.401798508385316,10,0.9497,0.01708182920207574,10,0.21960000000000002,0.0036575644598253877,10,0.9959,0.002884826203122525,10,0.2537,0.005313504806936135,10,0.6628141087261932,0.0016089475072197312,10,9.146334801539695,0.04103920523155863,10,0.5524206151517708,0.01978969981851835,10
0.75,0.25,30.055210494995116,1.092757372710876,10,18.123672866821288,1.2740211689080991,10,4.088908115797399,0.2750437284211508,10,1.7743879344752442,0.15585316412260927,10,14.575534057617187,0.3022608107715027,10,0.4821,0.010671353137150782,10,0.2391,0.00942160637400367,10,0.5191,0.011808189248709302,10,0.2666,0.016098309089949657,10,0.4075430257371906,0.0030824734169433996,10,6.213217611457331,0.051194929052042294,10,0.6625498031062869,0.011392810225558629,10
0.75,0.5,34.63417129516601,1.481595981127811,10,18.085575103759766,1.4404937848796788,10,3.3702363898844383,0.23728121644807085,10,2.3972062444736073,0.21180336760557533,10,17.592996025085448,0.3050524339217437,10,0.3399,0.021335676954601434,10,0.251,0.015362291495737224,10,0.37970000000000004,0.03816353698958674,10,0.2807,0.025751159628689006,10,0.34321177118675833,0.0024832250567265817,10,4.7522204371946115,0.03493100833910471,10,0.7203563906017791,0.011476612630615897,10
0.75,0.75,35.47607345581055,1.2264247554158052,10,18.752486801147462,1.5116118931628453,10,2.989735681464853,0.2545116675448905,10,3.118790498268136,0.2395229838228714,10,20.45626754760742,0.4021828808355511,10,0.2496,0.020565343015212116,10,0.2508,0.008430104783848584,10,0.2752,0.0217245380976341,10,0.2798,0.02407303701469989,10,0.3354344569958595,0.0017420017942920713,10,4.96609715402359,0.01910197782601578,10,0.7553935329463891,0.012379526442883,10
