metric,kind,drop_sensitivity,invent_sensitivity
mtd_PQ,signed,5.051877975463867,7.81241683959961
mtd_QP,signed,2.679872512817383,-0.9129786491394043
ntd_PQ,twosided,4.4441479677200295,0.09695400887781958
ntd_QP,twosided,0.21097502756301556,1.7378279676189494
rtd,twosided,4.270380020141602,2.4633867263793974
precision@3,signed,0.00529999999999986,0.4038999999999998
recall@3,signed,0.7309999999999999,-0.0035000000000001696
precision@10,signed,0.0013999999999998458,0.40959999999999985
recall@10,signed,0.7428999999999999,0.0010999999999998789
mmd,signed,0.6628141087261932,0.17801560725097293
frechet,signed,9.065862917913037,2.868417438512313
js,signed,0.5237132532961613,0.24439346140002352
