axis,metric,first_detected,delta_signed,z_signed,direction_share,actual_changes,noop_level
drop,mtd_PQ,0.1,1.058247756958007,1.6452758384855437,0.8,1.0,False
drop,mtd_QP,0.2,1.4923259735107415,1.300964929930986,1.0,2.0,False
drop,ntd_PQ,0.1,0.2889545595473493,2.195442794866352,1.0,1.0,False
drop,ntd_QP,,,,,,False
drop,rtd,,,,,,False
drop,precision@3,,,,,,False
drop,recall@3,0.1,0.12090000000000001,26.013538136429236,1.0,1.0,False
drop,precision@10,,,,,,False
drop,recall@10,0.1,0.11259999999999992,46.665293490083386,1.0,1.0,False
drop,mmd,0.1,0.09612793719173257,96127937191.73257,1.0,1.0,False
drop,frechet,0.1,1.2225533093707126,52.55567224165316,1.0,1.0,False
drop,js,0.1,0.058178889942491714,3.1478805345167706,1.0,1.0,False
invent,mtd_PQ,0.15,2.9497980117797837,4.5861012842066975,1.0,1.0,False
invent,mtd_QP,,,,,,False
invent,ntd_PQ,,,,,,False
invent,ntd_QP,0.15,0.580092663640237,5.195986902984593,1.0,1.0,False
invent,rtd,0.5,1.1290651321411147,3.042046301425018,1.0,2.0,False
invent,precision@3,0.15,0.1882999999999999,14.104879904745843,1.0,1.0,False
invent,recall@3,,,,,,False
invent,precision@10,0.15,0.1904999999999999,116.4146704763125,1.0,1.0,False
invent,recall@10,,,,,,False
invent,mmd,0.15,0.12707074905952256,127070749059.52257,1.0,1.0,False
invent,frechet,0.15,2.3706726082128085,101.91154171725161,1.0,1.0,False
invent,js,0.15,0.10061916363233833,5.4441930210542315,1.0,1.0,False
