series,n,parameter,mean_diff_mean,mean_diff_max,cov_diff_mean,cov_diff_max,max_attempts,replaced_share_mean
s5a,100,0,0.14359545644732793,0.41477507667678587,1.7687138666072386,3.865835300208893,0,0.0
s5a,100,0.25,0.21036974238966907,0.48705739165002526,11.415286579366178,14.300282592918574,0,0.0
s5a,100,0.5,0.22717013302329433,0.607912161666634,17.12285621551698,19.502816031686702,0,0.0
s5a,100,0.75,0.22717013302329445,0.6079121616666339,32.01194912109219,32.901975492952864,0,0.0
s5a,250,0,0.09250525389343538,0.1833552480402117,1.321609305374778,2.524004727552679,0,0.0
s5a,250,0.25,0.12807545432369388,0.2341811456050679,11.534655145808228,13.182272858949386,0,0.0
s5a,250,0.5,0.12807545432369385,0.23418114560506795,17.088529968907363,18.683054407261302,0,0.0
s5a,250,0.75,0.11281131590061864,0.21155372860709834,32.002410403998624,33.353415136504005,0,0.0
s5a,500,0,0.06076864964270208,0.12679826777624237,0.9345127236665003,1.8719575809494913,0,0.0
s5a,500,0.25,0.062537060511516,0.12211197627522707,11.192863375192342,12.453431031840488,0,0.0
s5a,500,0.5,0.07140903593626116,0.1447929199941744,16.530143025904238,17.79622951839219,0,0.0
s5a,500,0.75,0.07140903593626127,0.14479291999417465,31.873915515226244,33.13305687203937,0,0.0
s5a,1000,0,0.041788132828345634,0.09451037360367313,0.6212210251071549,1.34541732066873,0,0.0
s5a,1000,0.25,0.04280191751577773,0.08885351935418051,10.946492345509036,11.65431921916145,0,0.0
s5a,1000,0.5,0.041788132828345606,0.09451037360367287,16.389456743194803,17.016445500737447,0,0.0
s5a,1000,0.75,0.041788132828345606,0.09451037360367287,31.902959107994338,32.38356635401006,0,0.0
s5a,100,0,0.14359545644732793,0.41477507667678587,1.7687138666072386,3.865835300208893,0,0.0
s5a,100,0.25,0.21036974238966907,0.48705739165002526,11.415286579366178,14.300282592918574,0,0.0
s5a,100,0.5,0.22717013302329433,0.607912161666634,17.12285621551698,19.502816031686702,0,0.0
s5a,100,0.75,0.22717013302329445,0.6079121616666339,32.01194912109219,32.901975492952864,0,0.0
s5a,250,0,0.09250525389343538,0.1833552480402117,1.321609305374778,2.524004727552679,0,0.0
s5a,250,0.25,0.12807545432369388,0.2341811456050679,11.534655145808228,13.182272858949386,0,0.0
s5a,250,0.5,0.12807545432369385,0.23418114560506795,17.088529968907363,18.683054407261302,0,0.0
s5a,250,0.75,0.11281131590061864,0.21155372860709834,32.002410403998624,33.353415136504005,0,0.0
s5a,500,0,0.06076864964270208,0.12679826777624237,0.9345127236665003,1.8719575809494913,0,0.0
s5a,500,0.25,0.062537060511516,0.12211197627522707,11.192863375192342,12.453431031840488,0,0.0
s5a,500,0.5,0.07140903593626116,0.1447929199941744,16.530143025904238,17.79622951839219,0,0.0
s5a,500,0.75,0.07140903593626127,0.14479291999417465,31.873915515226244,33.13305687203937,0,0.0
s5a,1000,0,0.041788132828345634,0.09451037360367313,0.6212210251071549,1.34541732066873,0,0.0
s5a,1000,0.25,0.04280191751577773,0.08885351935418051,10.946492345509036,11.65431921916145,0,0.0
s5a,1000,0.5,0.041788132828345606,0.09451037360367287,16.389456743194803,17.016445500737447,0,0.0
s5a,1000,0.75,0.041788132828345606,0.09451037360367287,31.902959107994338,32.38356635401006,0,0.0
s5a,100,0,0.14359545644732793,0.41477507667678587,1.7687138666072386,3.865835300208893,0,0.0
s5a,100,0.25,0.21036974238966907,0.48705739165002526,11.415286579366178,14.300282592918574,0,0.0
s5a,100,0.5,0.22717013302329433,0.607912161666634,17.12285621551698,19.502816031686702,0,0.0
s5a,100,0.75,0.22717013302329445,0.6079121616666339,32.01194912109219,32.901975492952864,0,0.0
s5a,250,0,0.09250525389343538,0.1833552480402117,1.321609305374778,2.524004727552679,0,0.0
s5a,250,0.25,0.12807545432369388,0.2341811456050679,11.534655145808228,13.182272858949386,0,0.0
s5a,250,0.5,0.12807545432369385,0.23418114560506795,17.088529968907363,18.683054407261302,0,0.0
s5a,250,0.75,0.11281131590061864,0.21155372860709834,32.002410403998624,33.353415136504005,0,0.0
s5a,500,0,0.06076864964270208,0.12679826777624237,0.9345127236665003,1.8719575809494913,0,0.0
s5a,500,0.25,0.062537060511516,0.12211197627522707,11.192863375192342,12.453431031840488,0,0.0
s5a,500,0.5,0.07140903593626116,0.1447929199941744,16.530143025904238,17.79622951839219,0,0.0
s5a,500,0.75,0.07140903593626127,0.14479291999417465,31.873915515226244,33.13305687203937,0,0.0
s5a,1000,0,0.041788132828345634,0.09451037360367313,0.6212210251071549,1.34541732066873,0,0.0
s5a,1000,0.25,0.04280191751577773,0.08885351935418051,10.946492345509036,11.65431921916145,0,0.0
s5a,1000,0.5,0.041788132828345606,0.09451037360367287,16.389456743194803,17.016445500737447,0,0.0
s5a,1000,0.75,0.041788132828345606,0.09451037360367287,31.902959107994338,32.38356635401006,0,0.0
s5a,100,0,0.14359545644732793,0.41477507667678587,1.7687138666072386,3.865835300208893,0,0.0
s5a,100,0.25,0.21036974238966907,0.48705739165002526,11.415286579366178,14.300282592918574,0,0.0
s5a,100,0.5,0.22717013302329433,0.607912161666634,17.12285621551698,19.502816031686702,0,0.0
s5a,100,0.75,0.22717013302329445,0.6079121616666339,32.01194912109219,32.901975492952864,0,0.0
s5a,250,0,0.09250525389343538,0.1833552480402117,1.321609305374778,2.524004727552679,0,0.0
s5a,250,0.25,0.12807545432369388,0.2341811456050679,11.534655145808228,13.182272858949386,0,0.0
s5a,250,0.5,0.12807545432369385,0.23418114560506795,17.088529968907363,18.683054407261302,0,0.0
s5a,250,0.75,0.11281131590061864,0.21155372860709834,32.002410403998624,33.353415136504005,0,0.0
s5a,500,0,0.06076864964270208,0.12679826777624237,0.9345127236665003,1.8719575809494913,0,0.0
s5a,500,0.25,0.062537060511516,0.12211197627522707,11.192863375192342,12.453431031840488,0,0.0
s5a,500,0.5,0.07140903593626116,0.1447929199941744,16.530143025904238,17.79622951839219,0,0.0
s5a,500,0.75,0.07140903593626127,0.14479291999417465,31.873915515226244,33.13305687203937,0,0.0
s5a,1000,0,0.041788132828345634,0.09451037360367313,0.6212210251071549,1.34541732066873,0,0.0
s5a,1000,0.25,0.04280191751577773,0.08885351935418051,10.946492345509036,11.65431921916145,0,0.0
s5a,1000,0.5,0.041788132828345606,0.09451037360367287,16.389456743194803,17.016445500737447,0,0.0
s5a,1000,0.75,0.041788132828345606,0.09451037360367287,31.902959107994338,32.38356635401006,0,0.0
s5b,100,0,0.14359545644732793,0.41477507667678587,1.7687138666072386,3.865835300208893,0,0.0
s5b,100,0.01,0.1898589800965899,0.4713436191717097,2.3224600288124178,4.637213232777441,0,0.01
s5b,100,0.05,0.17256832916731113,0.5513436191717096,8.336073471041306,11.258101411771442,0,0.05
s5b,100,0.12,0.22717013302329409,0.6079121616666334,19.674068232207482,23.641718845518646,0,0.12
s5b,100,0.25,0.18985898009658994,0.4713436191717095,41.05309628122255,45.5848024524138,0,0.25
s5b,100,0.5,0.17626213364184917,0.5513436191717096,82.64540912790066,86.94894073062335,0,0.5
s5b,250,0,0.09250525389343538,0.1833552480402117,1.321609305374778,2.524004727552679,0,0.0
s5b,250,0.008,0.11281131590061855,0.2115537286070983,1.682735983080004,2.7842493095848724,0,0.008
s5b,250,0.048,0.1280754543236938,0.23418114560506761,7.966921101341115,9.716899105489098,0,0.048
s5b,250,0.124,0.09374772804822788,0.21535524804021156,20.330625439131932,21.940733871646643,0,0.124
s5b,250,0.248,0.10515548836825511,0.23798266503818133,40.71000343360008,42.72931364071053,0,0.248
s5b,250,0.5,0.09797092498190105,0.23798266503818155,82.16501459898562,84.80423668476405,0,0.5
s5b,500,0,0.06076864964270208,0.12679826777624237,0.9345127236665003,1.8719575809494913,0,0.0
s5b,500,0.01,0.06667591593549226,0.13347921149518926,1.5609986517130032,2.5946922182666015,0,0.01
s5b,500,0.05,0.0687880008153653,0.16611197627522722,8.05731358860628,8.882485913572317,0,0.05
s5b,500,0.124,0.06748228713945648,0.11747921149518915,20.295320295504848,21.80244387493063,0,0.124
s5b,500,0.25,0.06667591593549221,0.13347921149518915,40.64006066177222,42.65182213355141,0,0.25
s5b,500,0.5,0.06728299643892592,0.13811197627522723,81.97759825209064,84.04954448252278,0,0.5
s5b,1000,0,0.041788132828345634,0.09451037360367313,0.6212210251071549,1.34541732066873,0,0.0
s5b,1000,0.01,0.04280191751577779,0.08885351935418065,1.6244804740651946,3.1036356878417806,0,0.01
s5b,1000,0.05,0.042801917515777804,0.08885351935418068,8.190589704320958,9.387424117872257,0,0.05
s5b,1000,0.125,0.05548762437316444,0.12216722785316533,20.482829172603942,22.028690896156725,0,0.125
s5b,1000,0.25,0.04280191751577773,0.08885351935418065,41.11483068731899,42.64594591344021,0,0.25
s5b,1000,0.5,0.04825191665485949,0.10251037360367372,81.96826482637788,83.41014777907999,0,0.5
s5b,100,0,0.14359545644732793,0.41477507667678587,1.7687138666072386,3.865835300208893,0,0.0
s5b,100,0.01,0.1898589800965899,0.4713436191717097,2.3224600288124178,4.637213232777441,0,0.01
s5b,100,0.05,0.17256832916731113,0.5513436191717096,8.336073471041306,11.258101411771442,0,0.05
s5b,100,0.12,0.22717013302329409,0.6079121616666334,19.674068232207482,23.641718845518646,0,0.12
s5b,100,0.25,0.18985898009658994,0.4713436191717095,41.05309628122255,45.5848024524138,0,0.25
s5b,100,0.5,0.17626213364184917,0.5513436191717096,82.64540912790066,86.94894073062335,0,0.5
s5b,250,0,0.09250525389343538,0.1833552480402117,1.321609305374778,2.524004727552679,0,0.0
s5b,250,0.008,0.11281131590061855,0.2115537286070983,1.682735983080004,2.7842493095848724,0,0.008
s5b,250,0.048,0.1280754543236938,0.23418114560506761,7.966921101341115,9.716899105489098,0,0.048
s5b,250,0.124,0.09374772804822788,0.21535524804021156,20.330625439131932,21.940733871646643,0,0.124
s5b,250,0.248,0.10515548836825511,0.23798266503818133,40.71000343360008,42.72931364071053,0,0.248
s5b,250,0.5,0.09797092498190105,0.23798266503818155,82.16501459898562,84.80423668476405,0,0.5
s5b,500,0,0.06076864964270208,0.12679826777624237,0.9345127236665003,1.8719575809494913,0,0.0
s5b,500,0.01,0.06667591593549226,0.13347921149518926,1.5609986517130032,2.5946922182666015,0,0.01
s5b,500,0.05,0.0687880008153653,0.16611197627522722,8.05731358860628,8.882485913572317,0,0.05
s5b,500,0.124,0.06748228713945648,0.11747921149518915,20.295320295504848,21.80244387493063,0,0.124
s5b,500,0.25,0.06667591593549221,0.13347921149518915,40.64006066177222,42.65182213355141,0,0.25
s5b,500,0.5,0.06728299643892592,0.13811197627522723,81.97759825209064,84.04954448252278,0,0.5
s5b,1000,0,0.041788132828345634,0.09451037360367313,0.6212210251071549,1.34541732066873,0,0.0
s5b,1000,0.01,0.04280191751577779,0.08885351935418065,1.6244804740651946,3.1036356878417806,0,0.01
s5b,1000,0.05,0.042801917515777804,0.08885351935418068,8.190589704320958,9.387424117872257,0,0.05
s5b,1000,0.125,0.05548762437316444,0.12216722785316533,20.482829172603942,22.028690896156725,0,0.125
s5b,1000,0.25,0.04280191751577773,0.08885351935418065,41.11483068731899,42.64594591344021,0,0.25
s5b,1000,0.5,0.04825191665485949,0.10251037360367372,81.96826482637788,83.41014777907999,0,0.5
s5b,100,0,0.14359545644732793,0.41477507667678587,1.7687138666072386,3.865835300208893,0,0.0
s5b,100,0.01,0.1898589800965899,0.4713436191717097,2.3224600288124178,4.637213232777441,0,0.01
s5b,100,0.05,0.17256832916731113,0.5513436191717096,8.336073471041306,11.258101411771442,0,0.05
s5b,100,0.12,0.22717013302329409,0.6079121616666334,19.674068232207482,23.641718845518646,0,0.12
s5b,100,0.25,0.18985898009658994,0.4713436191717095,41.05309628122255,45.5848024524138,0,0.25
s5b,100,0.5,0.17626213364184917,0.5513436191717096,82.64540912790066,86.94894073062335,0,0.5
s5b,250,0,0.09250525389343538,0.1833552480402117,1.321609305374778,2.524004727552679,0,0.0
s5b,250,0.008,0.11281131590061855,0.2115537286070983,1.682735983080004,2.7842493095848724,0,0.008
s5b,250,0.048,0.1280754543236938,0.23418114560506761,7.966921101341115,9.716899105489098,0,0.048
s5b,250,0.124,0.09374772804822788,0.21535524804021156,20.330625439131932,21.940733871646643,0,0.124
s5b,250,0.248,0.10515548836825511,0.23798266503818133,40.71000343360008,42.72931364071053,0,0.248
s5b,250,0.5,0.09797092498190105,0.23798266503818155,82.16501459898562,84.80423668476405,0,0.5
s5b,500,0,0.06076864964270208,0.12679826777624237,0.9345127236665003,1.8719575809494913,0,0.0
s5b,500,0.01,0.06667591593549226,0.13347921149518926,1.5609986517130032,2.5946922182666015,0,0.01
s5b,500,0.05,0.0687880008153653,0.16611197627522722,8.05731358860628,8.882485913572317,0,0.05
s5b,500,0.124,0.06748228713945648,0.11747921149518915,20.295320295504848,21.80244387493063,0,0.124
s5b,500,0.25,0.06667591593549221,0.13347921149518915,40.64006066177222,42.65182213355141,0,0.25
s5b,500,0.5,0.06728299643892592,0.13811197627522723,81.97759825209064,84.04954448252278,0,0.5
s5b,1000,0,0.041788132828345634,0.09451037360367313,0.6212210251071549,1.34541732066873,0,0.0
s5b,1000,0.01,0.04280191751577779,0.08885351935418065,1.6244804740651946,3.1036356878417806,0,0.01
s5b,1000,0.05,0.042801917515777804,0.08885351935418068,8.190589704320958,9.387424117872257,0,0.05
s5b,1000,0.125,0.05548762437316444,0.12216722785316533,20.482829172603942,22.028690896156725,0,0.125
s5b,1000,0.25,0.04280191751577773,0.08885351935418065,41.11483068731899,42.64594591344021,0,0.25
s5b,1000,0.5,0.04825191665485949,0.10251037360367372,81.96826482637788,83.41014777907999,0,0.5
s5b,100,0,0.14359545644732793,0.41477507667678587,1.7687138666072386,3.865835300208893,0,0.0
s5b,100,0.01,0.1898589800965899,0.4713436191717097,2.3224600288124178,4.637213232777441,0,0.01
s5b,100,0.05,0.17256832916731113,0.5513436191717096,8.336073471041306,11.258101411771442,0,0.05
s5b,100,0.12,0.22717013302329409,0.6079121616666334,19.674068232207482,23.641718845518646,0,0.12
s5b,100,0.25,0.18985898009658994,0.4713436191717095,41.05309628122255,45.5848024524138,0,0.25
s5b,100,0.5,0.17626213364184917,0.5513436191717096,82.64540912790066,86.94894073062335,0,0.5
s5b,250,0,0.09250525389343538,0.1833552480402117,1.321609305374778,2.524004727552679,0,0.0
s5b,250,0.008,0.11281131590061855,0.2115537286070983,1.682735983080004,2.7842493095848724,0,0.008
s5b,250,0.048,0.1280754543236938,0.23418114560506761,7.966921101341115,9.716899105489098,0,0.048
s5b,250,0.124,0.09374772804822788,0.21535524804021156,20.330625439131932,21.940733871646643,0,0.124
s5b,250,0.248,0.10515548836825511,0.23798266503818133,40.71000343360008,42.72931364071053,0,0.248
s5b,250,0.5,0.09797092498190105,0.23798266503818155,82.16501459898562,84.80423668476405,0,0.5
s5b,500,0,0.06076864964270208,0.12679826777624237,0.9345127236665003,1.8719575809494913,0,0.0
s5b,500,0.01,0.06667591593549226,0.13347921149518926,1.5609986517130032,2.5946922182666015,0,0.01
s5b,500,0.05,0.0687880008153653,0.16611197627522722,8.05731358860628,8.882485913572317,0,0.05
s5b,500,0.124,0.06748228713945648,0.11747921149518915,20.295320295504848,21.80244387493063,0,0.124
s5b,500,0.25,0.06667591593549221,0.13347921149518915,40.64006066177222,42.65182213355141,0,0.25
s5b,500,0.5,0.06728299643892592,0.13811197627522723,81.97759825209064,84.04954448252278,0,0.5
s5b,1000,0,0.041788132828345634,0.09451037360367313,0.6212210251071549,1.34541732066873,0,0.0
s5b,1000,0.01,0.04280191751577779,0.08885351935418065,1.6244804740651946,3.1036356878417806,0,0.01
s5b,1000,0.05,0.042801917515777804,0.08885351935418068,8.190589704320958,9.387424117872257,0,0.05
s5b,1000,0.125,0.05548762437316444,0.12216722785316533,20.482829172603942,22.028690896156725,0,0.125
s5b,1000,0.25,0.04280191751577773,0.08885351935418065,41.11483068731899,42.64594591344021,0,0.25
s5b,1000,0.5,0.04825191665485949,0.10251037360367372,81.96826482637788,83.41014777907999,0,0.5
s5c,100,p4q8,0.21358455980906219,0.3303762671514048,1.7523653675146798,3.582778845700954,1,0.0
s5c,100,p8p8,0.14359545644732793,0.41477507667678587,1.7687138666072386,3.865835300208893,1,0.0
s5c,100,p8q4,0.22717013302329392,0.6079121616666333,1.8553557664818132,3.9447486756104375,1,0.0
s5c,100,q4q4,0.14359545644732793,0.4147750766767856,1.8009365006931053,4.153711853916878,1,0.0
s5c,250,p4q8,0.0904744536438489,0.20598266503818113,1.366823042477489,2.4009564812894126,1,0.0
s5c,250,p8p8,0.09250525389343538,0.1833552480402117,1.321609305374778,2.524004727552679,1,0.0
s5c,250,p8q4,0.09753167985120631,0.17802756622081153,1.2127028327463019,2.236857163281691,1,0.0
s5c,250,q4q4,0.09250525389343531,0.18335524804021175,1.2136804659017453,2.272110568318876,1,0.0
s5c,500,p4q8,0.06636825811478494,0.14279826777624227,0.8908797114516266,1.4784976001807735,1,0.0
s5c,500,p8p8,0.06076864964270208,0.12679826777624237,0.9345127236665003,1.8719575809494913,1,0.0
s5c,500,p8q4,0.07140903593626101,0.1447929199941739,0.8920110190723045,2.116736340430773,1,0.0
s5c,500,q4q4,0.06076864964270214,0.12679826777624262,0.909283815474762,1.7481644527879752,1,0.0
s5c,1000,p4q8,0.04178813282834564,0.09451037360367281,0.6639635206750848,1.4839870803551563,1,0.0
s5c,1000,p8p8,0.041788132828345634,0.09451037360367313,0.6212210251071549,1.34541732066873,1,0.0
s5c,1000,p8q4,0.04178813282834561,0.09451037360367337,0.631506129611892,1.2618461487607178,1,0.0
s5c,1000,q4q4,0.04178813282834563,0.09451037360367304,0.6085840949853106,1.3383680108630855,1,0.0
s5c,100,p4q8,0.21358455980906219,0.3303762671514048,1.7523653675146798,3.582778845700954,1,0.0
s5c,100,p8p8,0.14359545644732793,0.41477507667678587,1.7687138666072386,3.865835300208893,1,0.0
s5c,100,p8q4,0.22717013302329392,0.6079121616666333,1.8553557664818132,3.9447486756104375,1,0.0
s5c,100,q4q4,0.14359545644732793,0.4147750766767856,1.8009365006931053,4.153711853916878,1,0.0
s5c,250,p4q8,0.0904744536438489,0.20598266503818113,1.366823042477489,2.4009564812894126,1,0.0
s5c,250,p8p8,0.09250525389343538,0.1833552480402117,1.321609305374778,2.524004727552679,1,0.0
s5c,250,p8q4,0.09753167985120631,0.17802756622081153,1.2127028327463019,2.236857163281691,1,0.0
s5c,250,q4q4,0.09250525389343531,0.18335524804021175,1.2136804659017453,2.272110568318876,1,0.0
s5c,500,p4q8,0.06636825811478494,0.14279826777624227,0.8908797114516266,1.4784976001807735,1,0.0
s5c,500,p8p8,0.06076864964270208,0.12679826777624237,0.9345127236665003,1.8719575809494913,1,0.0
s5c,500,p8q4,0.07140903593626101,0.1447929199941739,0.8920110190723045,2.116736340430773,1,0.0
s5c,500,q4q4,0.06076864964270214,0.12679826777624262,0.909283815474762,1.7481644527879752,1,0.0
s5c,1000,p4q8,0.04178813282834564,0.09451037360367281,0.6639635206750848,1.4839870803551563,1,0.0
s5c,1000,p8p8,0.041788132828345634,0.09451037360367313,0.6212210251071549,1.34541732066873,1,0.0
s5c,1000,p8q4,0.04178813282834561,0.09451037360367337,0.631506129611892,1.2618461487607178,1,0.0
s5c,1000,q4q4,0.04178813282834563,0.09451037360367304,0.6085840949853106,1.3383680108630855,1,0.0
s5c,100,p4q8,0.21358455980906219,0.3303762671514048,1.7523653675146798,3.582778845700954,1,0.0
s5c,100,p8p8,0.14359545644732793,0.41477507667678587,1.7687138666072386,3.865835300208893,1,0.0
s5c,100,p8q4,0.22717013302329392,0.6079121616666333,1.8553557664818132,3.9447486756104375,1,0.0
s5c,100,q4q4,0.14359545644732793,0.4147750766767856,1.8009365006931053,4.153711853916878,1,0.0
s5c,250,p4q8,0.0904744536438489,0.20598266503818113,1.366823042477489,2.4009564812894126,1,0.0
s5c,250,p8p8,0.09250525389343538,0.1833552480402117,1.321609305374778,2.524004727552679,1,0.0
s5c,250,p8q4,0.09753167985120631,0.17802756622081153,1.2127028327463019,2.236857163281691,1,0.0
s5c,250,q4q4,0.09250525389343531,0.18335524804021175,1.2136804659017453,2.272110568318876,1,0.0
s5c,500,p4q8,0.06636825811478494,0.14279826777624227,0.8908797114516266,1.4784976001807735,1,0.0
s5c,500,p8p8,0.06076864964270208,0.12679826777624237,0.9345127236665003,1.8719575809494913,1,0.0
s5c,500,p8q4,0.07140903593626101,0.1447929199941739,0.8920110190723045,2.116736340430773,1,0.0
s5c,500,q4q4,0.06076864964270214,0.12679826777624262,0.909283815474762,1.7481644527879752,1,0.0
s5c,1000,p4q8,0.04178813282834564,0.09451037360367281,0.6639635206750848,1.4839870803551563,1,0.0
s5c,1000,p8p8,0.041788132828345634,0.09451037360367313,0.6212210251071549,1.34541732066873,1,0.0
s5c,1000,p8q4,0.04178813282834561,0.09451037360367337,0.631506129611892,1.2618461487607178,1,0.0
s5c,1000,q4q4,0.04178813282834563,0.09451037360367304,0.6085840949853106,1.3383680108630855,1,0.0
s5c,100,p4q8,0.21358455980906219,0.3303762671514048,1.7523653675146798,3.582778845700954,1,0.0
s5c,100,p8p8,0.14359545644732793,0.41477507667678587,1.7687138666072386,3.865835300208893,1,0.0
s5c,100,p8q4,0.22717013302329392,0.6079121616666333,1.8553557664818132,3.9447486756104375,1,0.0
s5c,100,q4q4,0.14359545644732793,0.4147750766767856,1.8009365006931053,4.153711853916878,1,0.0
s5c,250,p4q8,0.0904744536438489,0.20598266503818113,1.366823042477489,2.4009564812894126,1,0.0
s5c,250,p8p8,0.09250525389343538,0.1833552480402117,1.321609305374778,2.524004727552679,1,0.0
s5c,250,p8q4,0.09753167985120631,0.17802756622081153,1.2127028327463019,2.236857163281691,1,0.0
s5c,250,q4q4,0.09250525389343531,0.18335524804021175,1.2136804659017453,2.272110568318876,1,0.0
s5c,500,p4q8,0.06636825811478494,0.14279826777624227,0.8908797114516266,1.4784976001807735,1,0.0
s5c,500,p8p8,0.06076864964270208,0.12679826777624237,0.9345127236665003,1.8719575809494913,1,0.0
s5c,500,p8q4,0.07140903593626101,0.1447929199941739,0.8920110190723045,2.116736340430773,1,0.0
s5c,500,q4q4,0.06076864964270214,0.12679826777624262,0.909283815474762,1.7481644527879752,1,0.0
s5c,1000,p4q8,0.04178813282834564,0.09451037360367281,0.6639635206750848,1.4839870803551563,1,0.0
s5c,1000,p8p8,0.041788132828345634,0.09451037360367313,0.6212210251071549,1.34541732066873,1,0.0
s5c,1000,p8q4,0.04178813282834561,0.09451037360367337,0.631506129611892,1.2618461487607178,1,0.0
s5c,1000,q4q4,0.04178813282834563,0.09451037360367304,0.6085840949853106,1.3383680108630855,1,0.0
