corruption,metric,mean,sd,n
brightness,mtd_PQ,7.504156398773193,0.2482683873522134,5
brightness,mtd_QP,11.926209640502929,0.5404578272134284,5
brightness,ntd_PQ,1.288601488653644,0.011682979902669088,5
brightness,ntd_QP,1.1854897101140798,0.0050660372236783395,5
brightness,rtd,19.316879272460938,0.5090858072644912,5
brightness,precision@1,0.8482,0.01143241006962225,5
brightness,recall@1,0.7684,0.01322119510483074,5
brightness,precision@3,0.9735999999999999,0.005128352561983239,5
brightness,recall@3,0.9326000000000001,0.01011434624679218,5
brightness,precision@10,0.9992000000000001,0.00044721359549995833,5
brightness,recall@10,0.9926,0.004037325847637273,5
brightness,mmd,0.13208338699167246,0.0028679436805492666,5
brightness,frechet,0.08657754575498908,0.0015130189582875941,5
brightness,js,0.0,0.0,5
clean,mtd_PQ,7.145106792449951e-06,2.133547614482884e-06,5
clean,mtd_QP,7.5623393058776855e-06,1.9595310259899776e-06,5
clean,ntd_PQ,1.0782029667289434,0.009622361272984008,5
clean,ntd_QP,1.0782026429425773,0.009622087395751199,5
clean,rtd,0.00016712136566638948,3.295200081175118e-05,5
clean,precision@1,1.0,0.0,5
clean,recall@1,1.0,0.0,5
clean,precision@3,1.0,0.0,5
clean,recall@3,1.0,0.0,5
clean,precision@10,1.0,0.0,5
clean,recall@10,1.0,0.0,5
clean,mmd,0.0,0.0,5
clean,frechet,4.7197527498493857e-07,2.5581391015982046e-07,5
clean,js,0.0,0.0,5
contrast,mtd_PQ,8.567367553710938,0.3145154518598736,5
contrast,mtd_QP,13.564213943481445,0.5561035829142253,5
contrast,ntd_PQ,1.3532615006685749,0.02866248551975046,5
contrast,ntd_QP,1.1922502912382624,0.015342341899748153,5
contrast,rtd,20.469407653808595,0.7784996611373382,5
contrast,precision@1,0.8236000000000001,0.015274161188098004,5
contrast,recall@1,0.6686,0.02048902145052318,5
contrast,precision@3,0.969,0.0036055512754639926,5
contrast,recall@3,0.8799999999999999,0.0075166481891864615,5
contrast,precision@10,0.9984,0.0015165750888103116,5
contrast,recall@10,0.9831999999999999,0.0029495762407505278,5
contrast,mmd,0.15579531504396518,0.0033241923200259624,5
contrast,frechet,0.10095375338497763,0.001767252664827222,5
contrast,js,0.0,0.0,5
gaussian_blur,mtd_PQ,10.21046028137207,0.43913520552537666,5
gaussian_blur,mtd_QP,16.648411178588866,0.7727008018087657,5
gaussian_blur,ntd_PQ,1.4730734578224414,0.022554680054803343,5
gaussian_blur,ntd_QP,1.2292230872589947,0.013596070406521632,5
gaussian_blur,rtd,20.3013557434082,0.465091028136821,5
gaussian_blur,precision@1,0.709,0.030074906483645126,5
gaussian_blur,recall@1,0.3488,0.02471234509309062,5
gaussian_blur,precision@3,0.9352,0.011541230437002758,5
gaussian_blur,recall@3,0.644,0.03290136775272418,5
gaussian_blur,precision@10,0.9978,0.002167948338867882,5
gaussian_blur,recall@10,0.9034000000000001,0.017770762504743586,5
gaussian_blur,mmd,0.252102803437614,0.004903905503831655,5
gaussian_blur,frechet,0.15531533036113165,0.002303430977697015,5
gaussian_blur,js,0.0,0.0,5
gaussian_noise,mtd_PQ,14.966872215270996,0.5639545045171872,5
gaussian_noise,mtd_QP,15.88878231048584,0.7081600560990353,5
gaussian_noise,ntd_PQ,1.5590042259783028,0.06227278263405349,5
gaussian_noise,ntd_QP,1.2950425454075116,0.0220756151704522,5
gaussian_noise,rtd,18.426243209838866,0.5957918317598159,5
gaussian_noise,precision@1,0.4622,0.03872596028505943,5
gaussian_noise,recall@1,0.2516,0.011653325705565772,5
gaussian_noise,precision@3,0.7302000000000001,0.028943047524405564,5
gaussian_noise,recall@3,0.4676,0.016667333320000526,5
gaussian_noise,precision@10,0.9472000000000002,0.011077003204838363,5
gaussian_noise,recall@10,0.73,0.017363755354185353,5
gaussian_noise,mmd,0.2935990922634456,0.0040081278530321686,5
gaussian_noise,frechet,0.19238505903876718,0.0015536992567530754,5
gaussian_noise,js,0.14012225849520465,0.025331748230109176,5
