family,layer,metric,mean,sd,n
l3_direct,9,ntd_PQ,2.34497015657787,0.13277076726969908,5
l3_direct,9,ntd_QP,1.335654763373451,0.04777959136368766,5
l3_direct,9,precision@3,0.9347999999999999,0.011099549540409242,5
l3_direct,9,recall@3,0.5992,0.08024462598828659,5
l3_direct,9,rtd,50.198309326171874,0.6641684021153579,5
l3_direct,9,mmd,0.6221790753623433,0.008354187115754695,5
l3_direct,9,frechet,12.529327966835659,0.14266611837573395,5
l3_direct,18,ntd_PQ,2.1052055584274334,0.10162232602601054,5
l3_direct,18,ntd_QP,1.4790606231524084,0.04170839271610271,5
l3_direct,18,precision@3,0.8044,0.09105383023245098,5
l3_direct,18,recall@3,0.5796,0.0705747830319017,5
l3_direct,18,rtd,48.10203170776367,0.7160393198154164,5
l3_direct,18,mmd,0.5444521241120707,0.006968734270838229,5
l3_direct,18,frechet,14.36320841296423,0.17613849251716432,5
l3_direct,27,ntd_PQ,2.0443267236710803,0.08013123148740621,5
l3_direct,27,ntd_QP,1.492944752960801,0.035201048029207226,5
l3_direct,27,precision@3,0.7912,0.12752725198952575,5
l3_direct,27,recall@3,0.5668,0.04364859677011392,5
l3_direct,27,rtd,46.322265625,1.0543236634219273,5
l3_direct,27,mmd,0.6382972507443015,0.008221841207730767,5
l3_direct,27,frechet,24.306269944508127,0.2594459229502516,5
l3_direct,36,ntd_PQ,1.7113776298165142,0.03370512093534453,5
l3_direct,36,ntd_QP,1.7157632346256395,0.028402311960818244,5
l3_direct,36,precision@3,0.8815999999999999,0.0867917046727393,5
l3_direct,36,recall@3,0.828,0.05754997827975264,5
l3_direct,36,rtd,45.71848754882812,1.7074648066328226,5
l3_direct,36,mmd,0.7390382945495004,0.006820883381701527,5
l3_direct,36,frechet,69.78833812807713,0.5272364574098569,5
l3d_length_matched,9,ntd_PQ,1.840450665490248,0.0,5
l3d_length_matched,9,ntd_QP,1.3889407362882666,0.0,5
l3d_length_matched,9,precision@3,0.86,0.0,5
l3d_length_matched,9,recall@3,0.774,0.0,5
l3d_length_matched,9,rtd,43.63829803466797,0.0,5
l3d_length_matched,9,mmd,0.3196143591118404,0.0,5
l3d_length_matched,9,frechet,5.734808568881632,0.0,5
l3d_length_matched,18,ntd_PQ,1.7931861348231855,0.0,5
l3d_length_matched,18,ntd_QP,1.472107433257232,0.0,5
l3d_length_matched,18,precision@3,0.714,0.0,5
l3d_length_matched,18,recall@3,0.686,0.0,5
l3d_length_matched,18,rtd,50.99641799926758,0.0,5
l3d_length_matched,18,mmd,0.3201274387101148,0.0,5
l3d_length_matched,18,frechet,8.436206759632016,0.0,5
l3d_length_matched,27,ntd_PQ,1.8024669433416338,0.0,5
l3d_length_matched,27,ntd_QP,1.487551667262953,0.0,5
l3d_length_matched,27,precision@3,0.582,0.0,5
l3d_length_matched,27,recall@3,0.532,0.0,5
l3d_length_matched,27,rtd,51.01704406738281,0.0,5
l3d_length_matched,27,mmd,0.3912371500523535,0.0,5
l3d_length_matched,27,frechet,14.304393919754585,1.9860273225978185e-15,5
l3d_length_matched,36,ntd_PQ,1.5220413319294834,0.0,5
l3d_length_matched,36,ntd_QP,1.6686130644414887,2.482534153247273e-16,5
l3d_length_matched,36,precision@3,0.708,0.0,5
l3d_length_matched,36,recall@3,0.684,0.0,5
l3d_length_matched,36,rtd,42.196327209472656,0.0,5
l3d_length_matched,36,mmd,0.4071959815070841,6.206335383118183e-17,5
l3d_length_matched,36,frechet,36.87891622824477,0.0,5
l3e_shuffled_label,18,ntd_PQ,1.4111494608217179,0.04195104898088646,5
l3e_shuffled_label,18,ntd_QP,1.3863667408344575,0.04911276599412784,5
l3e_shuffled_label,18,precision@3,0.8987999999999999,0.01572259520562685,5
l3e_shuffled_label,18,recall@3,0.8984,0.018187908071023468,5
l3e_shuffled_label,18,rtd,51.026651763916014,0.9918545033197372,5
l3e_shuffled_label,18,mmd,0.00922688358429712,0.014462871819750225,5
l3e_shuffled_label,18,frechet,1.850484435181647,0.19378853146511713,5
l3e_shuffled_label,27,ntd_PQ,1.3821480380698858,0.01392677501324875,5
l3e_shuffled_label,27,ntd_QP,1.4103771112448282,0.03930822536031917,5
l3e_shuffled_label,27,precision@3,0.8927999999999999,0.01889973544788394,5
l3e_shuffled_label,27,recall@3,0.8959999999999999,0.009165151389911688,5
l3e_shuffled_label,27,rtd,48.36597518920898,1.4444345935839213,5
l3e_shuffled_label,27,mmd,0.0050852486172341975,0.011370961590622475,5
l3e_shuffled_label,27,frechet,2.515247503680343,0.26373855737402235,5
l3e_shuffled_label,36,ntd_PQ,1.3909986516217707,0.028984521904756075,5
l3e_shuffled_label,36,ntd_QP,1.3875411776366964,0.04734092374628703,5
l3e_shuffled_label,36,precision@3,0.9012,0.024803225596684016,5
l3e_shuffled_label,36,recall@3,0.9148,0.015205262246998582,5
l3e_shuffled_label,36,rtd,39.19033203125,0.7178280207024371,5
l3e_shuffled_label,36,mmd,0.008448169504842977,0.018890681298269634,5
l3e_shuffled_label,36,frechet,4.938196863523954,0.5956636519308826,5
