space,comp,rtd,ntd_PQ,ntd_QP,mtd_PQ,mtd_QP,precision@3,recall@3,mmd,frechet,js
pixels_pca16,cc,35.450042724609375,1.4581673748075525,1.4000183039866492,21734.638671875,38081.0546875,0.88,0.7022222222222222,0.019925189481197026,182.74268929463952,0.0
pixels_pca16,arc,47.456092834472656,2.177600908808139,1.2938932958902567,20887.78515625,39309.3671875,0.8755555555555555,0.4,0.17249987298509997,635.1470374525476,0.0
pixels_pca16,zoom,51.57618713378906,3.437362801490728,1.1065005967786006,28124.033203125,14450.798828125,0.4688888888888889,0.02,0.35694664896625816,1035.6802421651846,0.5680716706582353
pixels_pca16,arc360,47.456092834472656,2.1743997818400422,1.2833582216382604,20887.78515625,39309.3671875,0.8755555555555555,0.4,0.17249987298509997,635.1470374525461,0.0
clip_pca16,cc,34.335899353027344,1.4434600624870735,1.2898834959468797,2.346858024597168,2.210873603820801,0.8955555555555555,0.8377777777777777,0.02687121717402814,0.03301766402941231,0.0
clip_pca16,arc,34.82609558105469,1.9110866609652355,1.1710376254885533,2.47745943069458,2.694462537765503,0.88,0.49777777777777776,0.17170494084572405,0.09712822867683912,0.0
clip_pca16,zoom,42.699241638183594,3.1286483696659757,1.044750571730341,2.8602190017700195,2.0591583251953125,0.76,0.08222222222222222,0.5180777849084649,0.20370733084664333,0.3966106793326658
clip_pca16,arc360,35.21868896484375,1.7017999097877496,1.3311046780418891,2.469053268432617,3.4346923828125,0.9155555555555556,0.5377777777777778,0.17380820807090772,0.08885699871589775,0.0
dino_pca16,cc,30.084091186523438,1.704008771253547,1.4895372620718539,6.783994197845459,8.338313102722168,0.6466666666666666,0.43555555555555553,0.14697949010216788,0.1056609586346579,0.0
dino_pca16,arc,34.025577545166016,1.993066718552448,1.4694759152422994,6.698463439941406,7.331383228302002,0.5755555555555556,0.21555555555555556,0.17885540442859393,0.12942612238668474,0.18098952037341837
dino_pca16,zoom,36.83639907836914,3.139194796155067,1.2267305611553827,7.294227600097656,2.587252140045166,0.6266666666666667,0.006666666666666667,0.34603243718312365,0.22109041002572902,0.6107980005378001
dino_pca16,arc360,34.72092056274414,1.99944459491538,1.4254080986328048,6.8303117752075195,7.467577934265137,0.6733333333333333,0.21555555555555556,0.2192504807146016,0.14307582883172199,0.20220738809189498
vae_latent16,cc,34.81565856933594,1.4147836361199013,1.440074384649581,66.7427978515625,66.29505157470703,0.7733333333333333,0.8422222222222222,0.013906772645329246,0.6006329973190921,0.0
vae_latent16,arc,48.20541763305664,2.048596920935574,1.336709783393216,77.90666961669922,77.87532043457031,0.7777777777777778,0.4111111111111111,0.1734888594491946,1.5158147149332362,0.0
vae_latent16,zoom,56.589927673339844,2.966030330199183,1.3451317212705196,94.30819702148438,33.76755142211914,0.3377777777777778,0.0044444444444444444,0.330316652302966,2.705306456322732,0.7284405142729696
vae_latent16,arc360,47.573753356933594,2.048812501516659,1.3270194703345835,77.70813751220703,85.01464080810547,0.7622222222222222,0.34,0.17319414346647935,1.5060812259640597,0.0
