cloud,level,birth,death
ring,0,0.0,0.004724274855107069
ring,0,0.0,0.004990911111235619
ring,0,0.0,0.0057711671106517315
ring,0,0.0,0.006636278238147497
ring,0,0.0,0.007078118156641722
ring,0,0.0,0.007084936369210482
ring,0,0.0,0.007881118915975094
ring,0,0.0,0.009122033603489399
ring,0,0.0,0.010702861472964287
ring,0,0.0,0.012268634513020515
ring,0,0.0,0.012640104629099369
ring,0,0.0,0.012846860103309155
ring,0,0.0,0.01292688213288784
ring,0,0.0,0.014291024766862392
ring,0,0.0,0.01622896082699299
ring,0,0.0,0.01657004840672016
ring,0,0.0,0.017669614404439926
ring,0,0.0,0.018301917240023613
ring,0,0.0,0.018523981794714928
ring,0,0.0,0.020186947658658028
ring,0,0.0,0.020583119243383408
ring,0,0.0,0.021221209317445755
ring,0,0.0,0.02287854254245758
ring,0,0.0,0.023175973445177078
ring,0,0.0,0.02341979555785656
ring,0,0.0,0.024633733555674553
ring,0,0.0,0.02604992687702179
ring,0,0.0,0.027265029028058052
ring,0,0.0,0.028043637052178383
ring,0,0.0,0.02830519527196884
ring,0,0.0,0.028426188975572586
ring,0,0.0,0.02941087819635868
ring,0,0.0,0.029531249776482582
ring,0,0.0,0.02978775091469288
ring,0,0.0,0.030056102201342583
ring,0,0.0,0.030508166179060936
ring,0,0.0,0.031132981181144714
ring,0,0.0,0.03181491419672966
ring,0,0.0,0.03203428164124489
ring,0,0.0,0.032128188759088516
ring,0,0.0,0.033438779413700104
ring,0,0.0,0.03374309837818146
ring,0,0.0,0.03449774533510208
ring,0,0.0,0.035220667719841
ring,0,0.0,0.03605680912733078
ring,0,0.0,0.036172106862068176
ring,0,0.0,0.036407992243766785
ring,0,0.0,0.03655046969652176
ring,0,0.0,0.03656184673309326
ring,0,0.0,0.0367199070751667
ring,0,0.0,0.03726659715175629
ring,0,0.0,0.037387292832136154
ring,0,0.0,0.03762735053896904
ring,0,0.0,0.03803526610136032
ring,0,0.0,0.03818367049098015
ring,0,0.0,0.03826460242271423
ring,0,0.0,0.03829658031463623
ring,0,0.0,0.0390218049287796
ring,0,0.0,0.039142053574323654
ring,0,0.0,0.03941616788506508
ring,0,0.0,0.03991313651204109
ring,0,0.0,0.04068971797823906
ring,0,0.0,0.0408247672021389
ring,0,0.0,0.04083400219678879
ring,0,0.0,0.04164400324225426
ring,0,0.0,0.04171999916434288
ring,0,0.0,0.041812263429164886
ring,0,0.0,0.0420842207968235
ring,0,0.0,0.0421021468937397
ring,0,0.0,0.04258140176534653
ring,0,0.0,0.04276929050683975
ring,0,0.0,0.04307271167635918
ring,0,0.0,0.04308217763900757
ring,0,0.0,0.04308304935693741
ring,0,0.0,0.043157827109098434
ring,0,0.0,0.04329467564821243
ring,0,0.0,0.04407593607902527
ring,0,0.0,0.044358376413583755
ring,0,0.0,0.04506519064307213
ring,0,0.0,0.04506832733750343
ring,0,0.0,0.045209504663944244
ring,0,0.0,0.04541327804327011
ring,0,0.0,0.045564308762550354
ring,0,0.0,0.04565024375915527
ring,0,0.0,0.0457540862262249
ring,0,0.0,0.04581053927540779
ring,0,0.0,0.04630008712410927
ring,0,0.0,0.046472419053316116
ring,0,0.0,0.046538352966308594
ring,0,0.0,0.046580780297517776
ring,0,0.0,0.04670342803001404
ring,0,0.0,0.04671863093972206
ring,0,0.0,0.04715315252542496
ring,0,0.0,0.048631712794303894
ring,0,0.0,0.04866967350244522
ring,0,0.0,0.04873189330101013
ring,0,0.0,0.049044761806726456
ring,0,0.0,0.049298375844955444
ring,0,0.0,0.05013992264866829
ring,0,0.0,0.05063582584261894
ring,0,0.0,0.0506526455283165
ring,0,0.0,0.05066688731312752
ring,0,0.0,0.05095910653471947
ring,0,0.0,0.05244014412164688
ring,0,0.0,0.052494943141937256
ring,0,0.0,0.052693646401166916
ring,0,0.0,0.05316156893968582
ring,0,0.0,0.05317256599664688
ring,0,0.0,0.0532236322760582
ring,0,0.0,0.05368972569704056
ring,0,0.0,0.054232049733400345
ring,0,0.0,0.05448616296052933
ring,0,0.0,0.054699964821338654
ring,0,0.0,0.05496379733085632
ring,0,0.0,0.055940378457307816
ring,0,0.0,0.0559610053896904
ring,0,0.0,0.05597138777375221
ring,0,0.0,0.056045323610305786
ring,0,0.0,0.05642662197351456
ring,0,0.0,0.05721770599484444
ring,0,0.0,0.05732593685388565
ring,0,0.0,0.05750713869929314
ring,0,0.0,0.057594530284404755
ring,0,0.0,0.05759872868657112
ring,0,0.0,0.05767439305782318
ring,0,0.0,0.05803356319665909
ring,0,0.0,0.058095742017030716
ring,0,0.0,0.058354005217552185
ring,0,0.0,0.058847952634096146
ring,0,0.0,0.05915183946490288
ring,0,0.0,0.05920190364122391
ring,0,0.0,0.059356894344091415
ring,0,0.0,0.059376105666160583
ring,0,0.0,0.05937809869647026
ring,0,0.0,0.05959519371390343
ring,0,0.0,0.05961466580629349
ring,0,0.0,0.059682562947273254
ring,0,0.0,0.0597330741584301
ring,0,0.0,0.059733543545007706
ring,0,0.0,0.060189418494701385
ring,0,0.0,0.060244813561439514
ring,0,0.0,0.06030388921499252
ring,0,0.0,0.060306064784526825
ring,0,0.0,0.06055862829089165
ring,0,0.0,0.0607411190867424
ring,0,0.0,0.06076985225081444
ring,0,0.0,0.060962121933698654
ring,0,0.0,0.06096392869949341
ring,0,0.0,0.061189014464616776
ring,0,0.0,0.06127388775348663
ring,0,0.0,0.06130113825201988
ring,0,0.0,0.061734504997730255
ring,0,0.0,0.06203324347734451
ring,0,0.0,0.06256724148988724
ring,0,0.0,0.06268887966871262
ring,0,0.0,0.06303723901510239
ring,0,0.0,0.0630987361073494
ring,0,0.0,0.06348060071468353
ring,0,0.0,0.06348774582147598
ring,0,0.0,0.06397733837366104
ring,0,0.0,0.06417368352413177
ring,0,0.0,0.06457249820232391
ring,0,0.0,0.06458471715450287
ring,0,0.0,0.06486844271421432
ring,0,0.0,0.06536427140235901
ring,0,0.0,0.06536709517240524
ring,0,0.0,0.06564775109291077
ring,0,0.0,0.0657040923833847
ring,0,0.0,0.06580886244773865
ring,0,0.0,0.06645916402339935
ring,0,0.0,0.06659472733736038
ring,0,0.0,0.06665930151939392
ring,0,0.0,0.06691496074199677
ring,0,0.0,0.0669989287853241
ring,0,0.0,0.06714377552270889
ring,0,0.0,0.06729774922132492
ring,0,0.0,0.06735642999410629
ring,0,0.0,0.06744810938835144
ring,0,0.0,0.06868499517440796
ring,0,0.0,0.0687226802110672
ring,0,0.0,0.06885968893766403
ring,0,0.0,0.06894059479236603
ring,0,0.0,0.06895842403173447
ring,0,0.0,0.06900674104690552
ring,0,0.0,0.06950875371694565
ring,0,0.0,0.06999784708023071
ring,0,0.0,0.07077360153198242
ring,0,0.0,0.07125038653612137
ring,0,0.0,0.07130888849496841
ring,0,0.0,0.07182443141937256
ring,0,0.0,0.07202216237783432
ring,0,0.0,0.07238548994064331
ring,0,0.0,0.07309478521347046
ring,0,0.0,0.07343903183937073
ring,0,0.0,0.07397693395614624
ring,0,0.0,0.07409399002790451
ring,0,0.0,0.07484281063079834
ring,0,0.0,0.07545348256826401
ring,0,0.0,0.07563552260398865
ring,0,0.0,0.07568853348493576
ring,0,0.0,0.07585565000772476
ring,0,0.0,0.07621817290782928
ring,0,0.0,0.07633960992097855
ring,0,0.0,0.07764118164777756
ring,0,0.0,0.07810132205486298
ring,0,0.0,0.07876438647508621
ring,0,0.0,0.07891436666250229
ring,0,0.0,0.0790892243385315
ring,0,0.0,0.07931902259588242
ring,0,0.0,0.07939400523900986
ring,0,0.0,0.07971034944057465
ring,0,0.0,0.07993622869253159
ring,0,0.0,0.08030962944030762
ring,0,0.0,0.0803394690155983
ring,0,0.0,0.08049704879522324
ring,0,0.0,0.08056475967168808
ring,0,0.0,0.08110658824443817
ring,0,0.0,0.08117503672838211
ring,0,0.0,0.08179222792387009
ring,0,0.0,0.0821530669927597
ring,0,0.0,0.08234773576259613
ring,0,0.0,0.08270923048257828
ring,0,0.0,0.08320653438568115
ring,0,0.0,0.0833965539932251
ring,0,0.0,0.08340224623680115
ring,0,0.0,0.08344806730747223
ring,0,0.0,0.0834856927394867
ring,0,0.0,0.08387643843889236
ring,0,0.0,0.08420443534851074
ring,0,0.0,0.08471281826496124
ring,0,0.0,0.08489547669887543
ring,0,0.0,0.08507967740297318
ring,0,0.0,0.08530294895172119
ring,0,0.0,0.0859185978770256
ring,0,0.0,0.08614208549261093
ring,0,0.0,0.08690597862005234
ring,0,0.0,0.08725277334451675
ring,0,0.0,0.08733614534139633
ring,0,0.0,0.08734568953514099
ring,0,0.0,0.0874888151884079
ring,0,0.0,0.0878664180636406
ring,0,0.0,0.08806993812322617
ring,0,0.0,0.08843230456113815
ring,0,0.0,0.08875804394483566
ring,0,0.0,0.08923457562923431
ring,0,0.0,0.08929365873336792
ring,0,0.0,0.09013162553310394
ring,0,0.0,0.09025344252586365
ring,0,0.0,0.09027206152677536
ring,0,0.0,0.09028381109237671
ring,0,0.0,0.09045372903347015
ring,0,0.0,0.09054398536682129
ring,0,0.0,0.09062077850103378
ring,0,0.0,0.09064812958240509
ring,0,0.0,0.09070440381765366
ring,0,0.0,0.09132847189903259
ring,0,0.0,0.0914694145321846
ring,0,0.0,0.09162156283855438
ring,0,0.0,0.09163027256727219
ring,0,0.0,0.09165582060813904
ring,0,0.0,0.0917857438325882
ring,0,0.0,0.09184405952692032
ring,0,0.0,0.09230656176805496
ring,0,0.0,0.09261725842952728
ring,0,0.0,0.09266243129968643
ring,0,0.0,0.09283338487148285
ring,0,0.0,0.09286002069711685
ring,0,0.0,0.0930599793791771
ring,0,0.0,0.09349960088729858
ring,0,0.0,0.09364252537488937
ring,0,0.0,0.09409867227077484
ring,0,0.0,0.09423857182264328
ring,0,0.0,0.09428581595420837
ring,0,0.0,0.0943840742111206
ring,0,0.0,0.09443141520023346
ring,0,0.0,0.0946558341383934
ring,0,0.0,0.09489093720912933
ring,0,0.0,0.09535349160432816
ring,0,0.0,0.09548100084066391
ring,0,0.0,0.09559767693281174
ring,0,0.0,0.09586381912231445
ring,0,0.0,0.09614289551973343
ring,0,0.0,0.09617118537425995
ring,0,0.0,0.09621229767799377
ring,0,0.0,0.09814615547657013
ring,0,0.0,0.09855763614177704
ring,0,0.0,0.0986376404762268
ring,0,0.0,0.09922454506158829
ring,0,0.0,0.0996832326054573
ring,0,0.0,0.10020236670970917
ring,0,0.0,0.10029788315296173
ring,0,0.0,0.1006564348936081
ring,0,0.0,0.10072589665651321
ring,0,0.0,0.10075639933347702
ring,0,0.0,0.10090743005275726
ring,0,0.0,0.10110905766487122
ring,0,0.0,0.10128152370452881
ring,0,0.0,0.10152139514684677
ring,0,0.0,0.10205701738595963
ring,0,0.0,0.10212554782629013
ring,0,0.0,0.10252489149570465
ring,0,0.0,0.10254459083080292
ring,0,0.0,0.10291687399148941
ring,0,0.0,0.10302145779132843
ring,0,0.0,0.10318824648857117
ring,0,0.0,0.10357427597045898
ring,0,0.0,0.1036144495010376
ring,0,0.0,0.10403609275817871
ring,0,0.0,0.10412093997001648
ring,0,0.0,0.10438677668571472
ring,0,0.0,0.10457979142665863
ring,0,0.0,0.10499483346939087
ring,0,0.0,0.10506120324134827
ring,0,0.0,0.10560789704322815
ring,0,0.0,0.10568539053201675
ring,0,0.0,0.10590863227844238
ring,0,0.0,0.10614555329084396
ring,0,0.0,0.10617745667695999
ring,0,0.0,0.10645186901092529
ring,0,0.0,0.10647942125797272
ring,0,0.0,0.10658474266529083
ring,0,0.0,0.10683967173099518
ring,0,0.0,0.10717952251434326
ring,0,0.0,0.10727891325950623
ring,0,0.0,0.10730206966400146
ring,0,0.0,0.10733407735824585
ring,0,0.0,0.1074904054403305
ring,0,0.0,0.10776311904191971
ring,0,0.0,0.1081731989979744
ring,0,0.0,0.10854873061180115
ring,0,0.0,0.10870212316513062
ring,0,0.0,0.10880693048238754
ring,0,0.0,0.10888029634952545
ring,0,0.0,0.10891464352607727
ring,0,0.0,0.10902368277311325
ring,0,0.0,0.10919062793254852
ring,0,0.0,0.10931343585252762
ring,0,0.0,0.10990927368402481
ring,0,0.0,0.11001060158014297
ring,0,0.0,0.11020708829164505
ring,0,0.0,0.11036394536495209
ring,0,0.0,0.11038753390312195
ring,0,0.0,0.11056113988161087
ring,0,0.0,0.11057450622320175
ring,0,0.0,0.11061100661754608
ring,0,0.0,0.11071500182151794
ring,0,0.0,0.11090938746929169
ring,0,0.0,0.11119071394205093
ring,0,0.0,0.11142284423112869
ring,0,0.0,0.1114262044429779
ring,0,0.0,0.11166974157094955
ring,0,0.0,0.11188782006502151
ring,0,0.0,0.11270534992218018
ring,0,0.0,0.11271151900291443
ring,0,0.0,0.11314611881971359
ring,0,0.0,0.11320530623197556
ring,0,0.0,0.11336317658424377
ring,0,0.0,0.1134156808257103
ring,0,0.0,0.11360714584589005
ring,0,0.0,0.11415619403123856
ring,0,0.0,0.11442027986049652
ring,0,0.0,0.11469831317663193
ring,0,0.0,0.11548406630754471
ring,0,0.0,0.11566858738660812
ring,0,0.0,0.11632879823446274
ring,0,0.0,0.11647316813468933
ring,0,0.0,0.11685406416654587
ring,0,0.0,0.11710110306739807
ring,0,0.0,0.11729373782873154
ring,0,0.0,0.11795348674058914
ring,0,0.0,0.11818607896566391
ring,0,0.0,0.11826562136411667
ring,0,0.0,0.11911668628454208
ring,0,0.0,0.11940420418977737
ring,0,0.0,0.11992227286100388
ring,0,0.0,0.12041931599378586
ring,0,0.0,0.12045740336179733
ring,0,0.0,0.1206287294626236
ring,0,0.0,0.12079411000013351
ring,0,0.0,0.12107580155134201
ring,0,0.0,0.1214182898402214
ring,0,0.0,0.12157822400331497
ring,0,0.0,0.12186744809150696
ring,0,0.0,0.12191829085350037
ring,0,0.0,0.12211451679468155
ring,0,0.0,0.12240796536207199
ring,0,0.0,0.12246626615524292
ring,0,0.0,0.12267974019050598
ring,0,0.0,0.1228097528219223
ring,0,0.0,0.12304548919200897
ring,0,0.0,0.12344978004693985
ring,0,0.0,0.12348499149084091
ring,0,0.0,0.12394402921199799
ring,0,0.0,0.12433411926031113
ring,0,0.0,0.12462010234594345
ring,0,0.0,0.12545932829380035
ring,0,0.0,0.12632369995117188
ring,0,0.0,0.12639392912387848
ring,0,0.0,0.12664122879505157
ring,0,0.0,0.12673319876194
ring,0,0.0,0.12681038677692413
ring,0,0.0,0.12779995799064636
ring,0,0.0,0.12840963900089264
ring,0,0.0,0.128946453332901
ring,0,0.0,0.1300974190235138
ring,0,0.0,0.13045497238636017
ring,0,0.0,0.13059908151626587
ring,0,0.0,0.13061320781707764
ring,0,0.0,0.13100236654281616
ring,0,0.0,0.1311516910791397
ring,0,0.0,0.1312483847141266
ring,0,0.0,0.13125251233577728
ring,0,0.0,0.13127858936786652
ring,0,0.0,0.13132847845554352
ring,0,0.0,0.13224352896213531
ring,0,0.0,0.1336011439561844
ring,0,0.0,0.13402660191059113
ring,0,0.0,0.13412554562091827
ring,0,0.0,0.1348545104265213
ring,0,0.0,0.1360517293214798
ring,0,0.0,0.13614284992218018
ring,0,0.0,0.1377400904893875
ring,0,0.0,0.13870444893836975
ring,0,0.0,0.13911493122577667
ring,0,0.0,0.1391313225030899
ring,0,0.0,0.14096741378307343
ring,0,0.0,0.14192140102386475
ring,0,0.0,0.14215286076068878
ring,0,0.0,0.14354413747787476
ring,0,0.0,0.14399854838848114
ring,0,0.0,0.1445397138595581
ring,0,0.0,0.14489518105983734
ring,0,0.0,0.1452781856060028
ring,0,0.0,0.14542646706104279
ring,0,0.0,0.14557364583015442
ring,0,0.0,0.14558184146881104
ring,0,0.0,0.1461280882358551
ring,0,0.0,0.14671754837036133
ring,0,0.0,0.1471656709909439
ring,0,0.0,0.14785945415496826
ring,0,0.0,0.14786654710769653
ring,0,0.0,0.1479119062423706
ring,0,0.0,0.14843088388442993
ring,0,0.0,0.14913181960582733
ring,0,0.0,0.14917153120040894
ring,0,0.0,0.15041647851467133
ring,0,0.0,0.15086230635643005
ring,0,0.0,0.15088602900505066
ring,0,0.0,0.1509561538696289
ring,0,0.0,0.15179096162319183
ring,0,0.0,0.15291646122932434
ring,0,0.0,0.15383335947990417
ring,0,0.0,0.15463636815547943
ring,0,0.0,0.1548282355070114
ring,0,0.0,0.15551158785820007
ring,0,0.0,0.1565156877040863
ring,0,0.0,0.157060906291008
ring,0,0.0,0.15839777886867523
ring,0,0.0,0.15911859273910522
ring,0,0.0,0.15963350236415863
ring,0,0.0,0.16022111475467682
ring,0,0.0,0.1621059775352478
ring,0,0.0,0.16302315890789032
ring,0,0.0,0.16340065002441406
ring,0,0.0,0.16393300890922546
ring,0,0.0,0.16511379182338715
ring,0,0.0,0.16576001048088074
ring,0,0.0,0.1667076051235199
ring,0,0.0,0.17034652829170227
ring,0,0.0,0.1715022623538971
ring,0,0.0,0.1726498305797577
ring,0,0.0,0.17801663279533386
ring,0,0.0,0.18042801320552826
ring,0,0.0,0.1823725551366806
ring,0,0.0,0.182412788271904
ring,0,0.0,0.18616153299808502
ring,0,0.0,0.18637847900390625
ring,0,0.0,0.18763606250286102
ring,0,0.0,0.19063137471675873
ring,0,0.0,0.19129545986652374
ring,0,0.0,0.19526898860931396
ring,0,0.0,0.19711901247501373
ring,0,0.0,0.20005258917808533
ring,0,0.0,0.20045864582061768
ring,0,0.0,0.2054406851530075
ring,0,0.0,0.20766350626945496
ring,0,0.0,0.21420395374298096
ring,0,0.0,0.21913447976112366
ring,0,0.0,0.22265106439590454
ring,0,0.0,0.22744305431842804
ring,0,0.0,0.23361851274967194
ring,0,0.0,0.2418626844882965
ring,0,0.0,0.25043240189552307
ring,0,0.0,0.2599736154079437
ring,0,0.0,0.27236655354499817
ring,0,0.0,0.2782735824584961
ring,0,0.0,0.2808755338191986
ring,0,0.0,0.3511435091495514
ring,0,0.0,0.3711192011833191
ring,1,0.36712193489074707,0.380296528339386
ring,1,0.3522147834300995,0.379568874835968
ring,1,0.3099788427352905,0.3252982795238495
ring,1,0.3023312985897064,0.38341426849365234
ring,1,0.28954654932022095,0.2928517162799835
ring,1,0.27715760469436646,0.3476647734642029
ring,1,0.2739720940589905,0.3230351209640503
ring,1,0.27280086278915405,0.303871750831604
ring,1,0.2647358775138855,0.2805200517177582
ring,1,0.26345565915107727,0.27802354097366333
ring,1,0.26306840777397156,0.29917672276496887
ring,1,0.2614266872406006,0.2964572310447693
ring,1,0.2573111355304718,0.30992555618286133
ring,1,0.25490012764930725,0.2557351887226105
ring,1,0.2504855990409851,0.25222909450531006
ring,1,0.2437775433063507,0.3000427782535553
ring,1,0.22900567948818207,0.2707037627696991
ring,1,0.2281215339899063,0.27517127990722656
ring,1,0.22671052813529968,0.24180388450622559
ring,1,0.22476200759410858,0.2751857340335846
ring,1,0.22290456295013428,0.264904260635376
ring,1,0.22066231071949005,0.2921777367591858
ring,1,0.2194744050502777,0.22560855746269226
ring,1,0.21675452589988708,0.30676886439323425
ring,1,0.21539755165576935,0.27784106135368347
ring,1,0.21081581711769104,0.2572423815727234
ring,1,0.20674999058246613,0.22676615417003632
ring,1,0.20617380738258362,0.20986014604568481
ring,1,0.20564600825309753,0.23408591747283936
ring,1,0.20510010421276093,0.23891028761863708
ring,1,0.2041768878698349,0.21342208981513977
ring,1,0.20307177305221558,0.23938968777656555
ring,1,0.2022678405046463,0.22257468104362488
ring,1,0.20209264755249023,0.2657734453678131
ring,1,0.1998249590396881,0.22235837578773499
ring,1,0.19952166080474854,0.24450930953025818
ring,1,0.19896279275417328,0.24713188409805298
ring,1,0.19841445982456207,0.22306261956691742
ring,1,0.1979956030845642,0.24472647905349731
ring,1,0.19777974486351013,0.19806115329265594
ring,1,0.19573454558849335,0.23806682229042053
ring,1,0.1919337958097458,0.274728000164032
ring,1,0.18645893037319183,0.2059776335954666
ring,1,0.18628326058387756,0.1946551352739334
ring,1,0.18480339646339417,0.18594038486480713
ring,1,0.18414121866226196,0.25380486249923706
ring,1,0.18411386013031006,0.22124794125556946
ring,1,0.18301141262054443,0.18882153928279877
ring,1,0.18165971338748932,0.2329467087984085
ring,1,0.1790163815021515,0.19066011905670166
ring,1,0.1777738481760025,0.19452401995658875
ring,1,0.1776798665523529,0.26394689083099365
ring,1,0.1771262288093567,1.4843320846557617
ring,1,0.1759313941001892,0.19408488273620605
ring,1,0.17561599612236023,0.19977986812591553
ring,1,0.17502492666244507,0.19038400053977966
ring,1,0.17397814989089966,0.17829777300357819
ring,1,0.1722666323184967,0.18451908230781555
ring,1,0.17100240290164948,0.17460639774799347
ring,1,0.17043863236904144,0.1953720897436142
ring,1,0.17033912241458893,0.17294833064079285
ring,1,0.1699613779783249,0.2544885277748108
ring,1,0.16765829920768738,0.20876061916351318
ring,1,0.16513898968696594,0.17896543443202972
ring,1,0.1647615283727646,0.1907145231962204
ring,1,0.1645677387714386,0.18390172719955444
ring,1,0.16397292912006378,0.18421179056167603
ring,1,0.1598944365978241,0.21011830866336823
ring,1,0.15772166848182678,0.17088554799556732
ring,1,0.15678800642490387,0.1889142245054245
ring,1,0.15537743270397186,0.2074732482433319
ring,1,0.15523603558540344,0.19355559349060059
ring,1,0.15310266613960266,0.23829583823680878
ring,1,0.153011754155159,0.22593387961387634
ring,1,0.15242043137550354,0.19460533559322357
ring,1,0.148127019405365,0.15619997680187225
ring,1,0.14640887081623077,0.20626288652420044
ring,1,0.14564116299152374,0.16093958914279938
ring,1,0.14553643763065338,0.19355520606040955
ring,1,0.14522500336170197,0.16989149153232574
ring,1,0.14451701939105988,0.15890295803546906
ring,1,0.1423129290342331,0.14277538657188416
ring,1,0.14042305946350098,0.16583861410617828
ring,1,0.13998396694660187,0.14285233616828918
ring,1,0.13950182497501373,0.2069869041442871
ring,1,0.1393875777721405,0.15761485695838928
ring,1,0.1390310823917389,0.15703600645065308
ring,1,0.1371030956506729,0.15601645410060883
ring,1,0.1363525241613388,0.13966403901576996
ring,1,0.13540557026863098,0.1634155809879303
ring,1,0.13522030413150787,0.1517876237630844
ring,1,0.13297243416309357,0.17170128226280212
ring,1,0.13221541047096252,0.13344541192054749
ring,1,0.13202959299087524,0.15854042768478394
ring,1,0.12995074689388275,0.13525021076202393
ring,1,0.129949688911438,0.2941630780696869
ring,1,0.127595916390419,0.15350617468357086
ring,1,0.1275225728750229,0.14331050217151642
ring,1,0.12700936198234558,0.13819867372512817
ring,1,0.12648466229438782,0.1553121954202652
ring,1,0.12646783888339996,0.18523581326007843
ring,1,0.12469308823347092,0.1509581357240677
ring,1,0.12249258160591125,0.12676207721233368
ring,1,0.12165714055299759,0.13476693630218506
ring,1,0.11895892769098282,0.12641358375549316
ring,1,0.11884767562150955,0.13174276053905487
ring,1,0.11540079861879349,0.21850749850273132
ring,1,0.10915756970643997,0.11110351979732513
ring,1,0.10800277441740036,0.10833515971899033
ring,1,0.10566320270299911,0.11683344841003418
ring,1,0.09967537969350815,0.10386966168880463
ring,1,0.09864136576652527,0.12530472874641418
ring,1,0.09379444271326065,0.09489958733320236
arc,0,0.0,0.0019742718432098627
arc,0,0.0,0.002222359413281083
arc,0,0.0,0.004620877094566822
arc,0,0.0,0.004816283006221056
arc,0,0.0,0.005029223393648863
arc,0,0.0,0.005101342685520649
arc,0,0.0,0.005676980130374432
arc,0,0.0,0.0064691584557294846
arc,0,0.0,0.006806240417063236
arc,0,0.0,0.007423353847116232
arc,0,0.0,0.007585796993225813
arc,0,0.0,0.007836079224944115
arc,0,0.0,0.008335190825164318
arc,0,0.0,0.009075582958757877
arc,0,0.0,0.009226665832102299
arc,0,0.0,0.009491401724517345
arc,0,0.0,0.009691592305898666
arc,0,0.0,0.009884464554488659
arc,0,0.0,0.010228249244391918
arc,0,0.0,0.011634995229542255
arc,0,0.0,0.012208853848278522
arc,0,0.0,0.012756671756505966
arc,0,0.0,0.013111839070916176
arc,0,0.0,0.01316275168210268
arc,0,0.0,0.013421371579170227
arc,0,0.0,0.01367784384638071
arc,0,0.0,0.01484118215739727
arc,0,0.0,0.01501794345676899
arc,0,0.0,0.015083877369761467
arc,0,0.0,0.015301243402063847
arc,0,0.0,0.015441987663507462
arc,0,0.0,0.015990639105439186
arc,0,0.0,0.016245856881141663
arc,0,0.0,0.01635728031396866
arc,0,0.0,0.016828633844852448
arc,0,0.0,0.017136739566922188
arc,0,0.0,0.018204452469944954
arc,0,0.0,0.018253901973366737
arc,0,0.0,0.018297549337148666
arc,0,0.0,0.018508251756429672
arc,0,0.0,0.018910439684987068
arc,0,0.0,0.01895551010966301
arc,0,0.0,0.01898331008851528
arc,0,0.0,0.019526436924934387
arc,0,0.0,0.0195926483720541
arc,0,0.0,0.02007773332297802
arc,0,0.0,0.020681055262684822
arc,0,0.0,0.020904088392853737
arc,0,0.0,0.021231483668088913
arc,0,0.0,0.021647077053785324
arc,0,0.0,0.021870125085115433
arc,0,0.0,0.02204771898686886
arc,0,0.0,0.022062700241804123
arc,0,0.0,0.022331736981868744
arc,0,0.0,0.0223839208483696
arc,0,0.0,0.022972101345658302
arc,0,0.0,0.02308439277112484
arc,0,0.0,0.023498447611927986
arc,0,0.0,0.023755427449941635
arc,0,0.0,0.023801611736416817
arc,0,0.0,0.02407892607152462
arc,0,0.0,0.024366440251469612
arc,0,0.0,0.024480273947119713
arc,0,0.0,0.024822520092129707
arc,0,0.0,0.024857936426997185
arc,0,0.0,0.024921417236328125
arc,0,0.0,0.025183063000440598
arc,0,0.0,0.025187762454152107
arc,0,0.0,0.025211265310645103
arc,0,0.0,0.02538486383855343
arc,0,0.0,0.025539614260196686
arc,0,0.0,0.025587469339370728
arc,0,0.0,0.02610120177268982
arc,0,0.0,0.026220181956887245
arc,0,0.0,0.026324862614274025
arc,0,0.0,0.0266372412443161
arc,0,0.0,0.02666320651769638
arc,0,0.0,0.02717074193060398
arc,0,0.0,0.027466094121336937
arc,0,0.0,0.027539817616343498
arc,0,0.0,0.027576010674238205
arc,0,0.0,0.0276192557066679
arc,0,0.0,0.028038369491696358
arc,0,0.0,0.02804013155400753
arc,0,0.0,0.028397124260663986
arc,0,0.0,0.02871118113398552
arc,0,0.0,0.028795020654797554
arc,0,0.0,0.028846124187111855
arc,0,0.0,0.029002733528614044
arc,0,0.0,0.029054764658212662
arc,0,0.0,0.029267318546772003
arc,0,0.0,0.02974248304963112
arc,0,0.0,0.029776012524962425
arc,0,0.0,0.029958179220557213
arc,0,0.0,0.03006610833108425
arc,0,0.0,0.0300730112940073
arc,0,0.0,0.030260881409049034
arc,0,0.0,0.03073159232735634
arc,0,0.0,0.030765343457460403
arc,0,0.0,0.030844999477267265
arc,0,0.0,0.03133315220475197
arc,0,0.0,0.031377650797367096
arc,0,0.0,0.03149562329053879
arc,0,0.0,0.03152911737561226
arc,0,0.0,0.032104507088661194
arc,0,0.0,0.03215384855866432
arc,0,0.0,0.03227339684963226
arc,0,0.0,0.033081334084272385
arc,0,0.0,0.03309909999370575
arc,0,0.0,0.03335003927350044
arc,0,0.0,0.03336314857006073
arc,0,0.0,0.03353239968419075
arc,0,0.0,0.033803023397922516
arc,0,0.0,0.03380381688475609
arc,0,0.0,0.03415456414222717
arc,0,0.0,0.0345953069627285
arc,0,0.0,0.034761324524879456
arc,0,0.0,0.03477238491177559
arc,0,0.0,0.034850042313337326
arc,0,0.0,0.03486819565296173
arc,0,0.0,0.03532164916396141
arc,0,0.0,0.035363949835300446
arc,0,0.0,0.035601865500211716
arc,0,0.0,0.03602602332830429
arc,0,0.0,0.03610039874911308
arc,0,0.0,0.03610381856560707
arc,0,0.0,0.03683435916900635
arc,0,0.0,0.036872539669275284
arc,0,0.0,0.036928627640008926
arc,0,0.0,0.03716166317462921
arc,0,0.0,0.03721042722463608
arc,0,0.0,0.03723790869116783
arc,0,0.0,0.03724050521850586
arc,0,0.0,0.0374835804104805
arc,0,0.0,0.037577055394649506
arc,0,0.0,0.03767478093504906
arc,0,0.0,0.03775696083903313
arc,0,0.0,0.0377584807574749
arc,0,0.0,0.038686033338308334
arc,0,0.0,0.03900779038667679
arc,0,0.0,0.03907979652285576
arc,0,0.0,0.039189256727695465
arc,0,0.0,0.039193931967020035
arc,0,0.0,0.03922666236758232
arc,0,0.0,0.03945339843630791
arc,0,0.0,0.03992876783013344
arc,0,0.0,0.04025255888700485
arc,0,0.0,0.04028550535440445
arc,0,0.0,0.040293142199516296
arc,0,0.0,0.04113731533288956
arc,0,0.0,0.04125841334462166
arc,0,0.0,0.04127274081110954
arc,0,0.0,0.04129847139120102
arc,0,0.0,0.04149143025279045
arc,0,0.0,0.04160073772072792
arc,0,0.0,0.04160809516906738
arc,0,0.0,0.04168936237692833
arc,0,0.0,0.04180057719349861
arc,0,0.0,0.041906241327524185
arc,0,0.0,0.04221900925040245
arc,0,0.0,0.042411595582962036
arc,0,0.0,0.04271591454744339
arc,0,0.0,0.04273602366447449
arc,0,0.0,0.04277731850743294
arc,0,0.0,0.04354993253946304
arc,0,0.0,0.043608251959085464
arc,0,0.0,0.04366841912269592
arc,0,0.0,0.04379813000559807
arc,0,0.0,0.04390137270092964
arc,0,0.0,0.04391517862677574
arc,0,0.0,0.04426274821162224
arc,0,0.0,0.04432385414838791
arc,0,0.0,0.04456700384616852
arc,0,0.0,0.0446290522813797
arc,0,0.0,0.044797223061323166
arc,0,0.0,0.044988058507442474
arc,0,0.0,0.04507113993167877
arc,0,0.0,0.04521613195538521
arc,0,0.0,0.04579738900065422
arc,0,0.0,0.04584268108010292
arc,0,0.0,0.045883215963840485
arc,0,0.0,0.045916080474853516
arc,0,0.0,0.04605676233768463
arc,0,0.0,0.0461709089577198
arc,0,0.0,0.046258922666311264
arc,0,0.0,0.04650837928056717
arc,0,0.0,0.046597305685281754
arc,0,0.0,0.04668065160512924
arc,0,0.0,0.046868663281202316
arc,0,0.0,0.047257982194423676
arc,0,0.0,0.04737187922000885
arc,0,0.0,0.047630563378334045
arc,0,0.0,0.04769984632730484
arc,0,0.0,0.047736503183841705
arc,0,0.0,0.04798232764005661
arc,0,0.0,0.04820510745048523
arc,0,0.0,0.048233021050691605
arc,0,0.0,0.04830259084701538
arc,0,0.0,0.04838114604353905
arc,0,0.0,0.04840853437781334
arc,0,0.0,0.048616617918014526
arc,0,0.0,0.04864736646413803
arc,0,0.0,0.048716820776462555
arc,0,0.0,0.04874235391616821
arc,0,0.0,0.04915274307131767
arc,0,0.0,0.049242205917835236
arc,0,0.0,0.04928474873304367
arc,0,0.0,0.04946010187268257
arc,0,0.0,0.04946744814515114
arc,0,0.0,0.04963706433773041
arc,0,0.0,0.049658700823783875
arc,0,0.0,0.04982154071331024
arc,0,0.0,0.05010666325688362
arc,0,0.0,0.0501590371131897
arc,0,0.0,0.05047483742237091
arc,0,0.0,0.05060531198978424
arc,0,0.0,0.051079753786325455
arc,0,0.0,0.05113601312041283
arc,0,0.0,0.051417093724012375
arc,0,0.0,0.05164584517478943
arc,0,0.0,0.05213433504104614
arc,0,0.0,0.05217357724905014
arc,0,0.0,0.0522039532661438
arc,0,0.0,0.052290208637714386
arc,0,0.0,0.05235512554645538
arc,0,0.0,0.052383605390787125
arc,0,0.0,0.052654363214969635
arc,0,0.0,0.05267511308193207
arc,0,0.0,0.05300339683890343
arc,0,0.0,0.05302266404032707
arc,0,0.0,0.05321448668837547
arc,0,0.0,0.05336827412247658
arc,0,0.0,0.053420539945364
arc,0,0.0,0.053616490215063095
arc,0,0.0,0.0538024976849556
arc,0,0.0,0.05411345139145851
arc,0,0.0,0.05420931428670883
arc,0,0.0,0.054522547870874405
arc,0,0.0,0.05457719787955284
arc,0,0.0,0.05466163530945778
arc,0,0.0,0.05470861867070198
arc,0,0.0,0.05497846379876137
arc,0,0.0,0.054992806166410446
arc,0,0.0,0.055048875510692596
arc,0,0.0,0.055103953927755356
arc,0,0.0,0.05526755377650261
arc,0,0.0,0.05555190145969391
arc,0,0.0,0.05566979572176933
arc,0,0.0,0.055829595774412155
arc,0,0.0,0.0561460442841053
arc,0,0.0,0.056866664439439774
arc,0,0.0,0.057732466608285904
arc,0,0.0,0.057760417461395264
arc,0,0.0,0.057771872729063034
arc,0,0.0,0.05793183669447899
arc,0,0.0,0.057990603148937225
arc,0,0.0,0.05807080864906311
arc,0,0.0,0.05837523937225342
arc,0,0.0,0.05862104892730713
arc,0,0.0,0.05896866321563721
arc,0,0.0,0.059343185275793076
arc,0,0.0,0.05952875688672066
arc,0,0.0,0.05997056886553764
arc,0,0.0,0.06006958335638046
arc,0,0.0,0.06022324040532112
arc,0,0.0,0.06035424396395683
arc,0,0.0,0.06047886610031128
arc,0,0.0,0.06049361452460289
arc,0,0.0,0.06057168170809746
arc,0,0.0,0.060616932809352875
arc,0,0.0,0.060718826949596405
arc,0,0.0,0.060848891735076904
arc,0,0.0,0.06108972057700157
arc,0,0.0,0.061167918145656586
arc,0,0.0,0.06129023805260658
arc,0,0.0,0.06132585555315018
arc,0,0.0,0.06141059473156929
arc,0,0.0,0.06161588057875633
arc,0,0.0,0.0618198998272419
arc,0,0.0,0.062237903475761414
arc,0,0.0,0.06224735081195831
arc,0,0.0,0.06228186562657356
arc,0,0.0,0.06230346858501434
arc,0,0.0,0.06307481974363327
arc,0,0.0,0.06325682997703552
arc,0,0.0,0.06330076605081558
arc,0,0.0,0.06335335224866867
arc,0,0.0,0.06355606019496918
arc,0,0.0,0.06359574943780899
arc,0,0.0,0.06365898996591568
arc,0,0.0,0.063753142952919
arc,0,0.0,0.06490467488765717
arc,0,0.0,0.06493768841028214
arc,0,0.0,0.065078966319561
arc,0,0.0,0.06522028893232346
arc,0,0.0,0.06568104028701782
arc,0,0.0,0.06581810116767883
arc,0,0.0,0.06601930409669876
arc,0,0.0,0.06632906943559647
arc,0,0.0,0.06644435226917267
arc,0,0.0,0.06682834774255753
arc,0,0.0,0.06705266982316971
arc,0,0.0,0.06714604049921036
arc,0,0.0,0.06722486764192581
arc,0,0.0,0.06764540076255798
arc,0,0.0,0.06764675676822662
arc,0,0.0,0.06783012300729752
arc,0,0.0,0.0678694099187851
arc,0,0.0,0.0679730549454689
arc,0,0.0,0.06828808784484863
arc,0,0.0,0.06874800473451614
arc,0,0.0,0.06881275027990341
arc,0,0.0,0.06897994130849838
arc,0,0.0,0.06915178894996643
arc,0,0.0,0.06942605972290039
arc,0,0.0,0.06953975558280945
arc,0,0.0,0.06975992023944855
arc,0,0.0,0.06979577243328094
arc,0,0.0,0.06982383131980896
arc,0,0.0,0.06982511281967163
arc,0,0.0,0.07039669156074524
arc,0,0.0,0.07052536308765411
arc,0,0.0,0.07073430716991425
arc,0,0.0,0.07092216610908508
arc,0,0.0,0.07112197577953339
arc,0,0.0,0.07150574773550034
arc,0,0.0,0.07169429212808609
arc,0,0.0,0.07203062623739243
arc,0,0.0,0.07229068875312805
arc,0,0.0,0.07250598818063736
arc,0,0.0,0.07256273180246353
arc,0,0.0,0.07360027730464935
arc,0,0.0,0.07366959005594254
arc,0,0.0,0.0739152655005455
arc,0,0.0,0.07397843152284622
arc,0,0.0,0.0741751566529274
arc,0,0.0,0.07419025897979736
arc,0,0.0,0.07448692619800568
arc,0,0.0,0.0747179165482521
arc,0,0.0,0.07479100674390793
arc,0,0.0,0.07518715411424637
arc,0,0.0,0.07523223012685776
arc,0,0.0,0.07548490166664124
arc,0,0.0,0.07582361251115799
arc,0,0.0,0.07594215869903564
arc,0,0.0,0.07597749680280685
arc,0,0.0,0.07600020617246628
arc,0,0.0,0.07620714604854584
arc,0,0.0,0.0766293928027153
arc,0,0.0,0.07669437676668167
arc,0,0.0,0.07680341601371765
arc,0,0.0,0.0769227147102356
arc,0,0.0,0.07719245553016663
arc,0,0.0,0.0772768035531044
arc,0,0.0,0.07760873436927795
arc,0,0.0,0.07761400938034058
arc,0,0.0,0.07776438444852829
arc,0,0.0,0.07804115116596222
arc,0,0.0,0.07808713614940643
arc,0,0.0,0.07838425785303116
arc,0,0.0,0.07858354598283768
arc,0,0.0,0.07870154827833176
arc,0,0.0,0.0787467211484909
arc,0,0.0,0.0788457840681076
arc,0,0.0,0.07885467261075974
arc,0,0.0,0.07888837158679962
arc,0,0.0,0.07897045463323593
arc,0,0.0,0.07923466712236404
arc,0,0.0,0.07938750088214874
arc,0,0.0,0.07944195717573166
arc,0,0.0,0.07946950942277908
arc,0,0.0,0.07952911406755447
arc,0,0.0,0.07961105555295944
arc,0,0.0,0.0797467976808548
arc,0,0.0,0.07992902398109436
arc,0,0.0,0.08008520305156708
arc,0,0.0,0.08033990114927292
arc,0,0.0,0.0805739089846611
arc,0,0.0,0.08065196871757507
arc,0,0.0,0.0807076171040535
arc,0,0.0,0.08105620741844177
arc,0,0.0,0.08228613436222076
arc,0,0.0,0.08251499384641647
arc,0,0.0,0.0830531120300293
arc,0,0.0,0.0833519697189331
arc,0,0.0,0.08379745483398438
arc,0,0.0,0.08435248583555222
arc,0,0.0,0.08459813892841339
arc,0,0.0,0.08461324125528336
arc,0,0.0,0.08475567400455475
arc,0,0.0,0.08479306101799011
arc,0,0.0,0.08512161672115326
arc,0,0.0,0.08518896251916885
arc,0,0.0,0.08560202270746231
arc,0,0.0,0.08571533858776093
arc,0,0.0,0.08594217151403427
arc,0,0.0,0.08675462752580643
arc,0,0.0,0.08711584657430649
arc,0,0.0,0.08742748200893402
arc,0,0.0,0.08826557546854019
arc,0,0.0,0.08846767246723175
arc,0,0.0,0.08890464901924133
arc,0,0.0,0.09070046246051788
arc,0,0.0,0.09071702510118484
arc,0,0.0,0.09089238196611404
arc,0,0.0,0.09112779796123505
arc,0,0.0,0.09183654189109802
arc,0,0.0,0.09255151450634003
arc,0,0.0,0.0926036611199379
arc,0,0.0,0.09278607368469238
arc,0,0.0,0.09298408776521683
arc,0,0.0,0.09311538934707642
arc,0,0.0,0.09369534999132156
arc,0,0.0,0.09379222244024277
arc,0,0.0,0.0937979519367218
arc,0,0.0,0.09409895539283752
arc,0,0.0,0.09418077766895294
arc,0,0.0,0.09421863406896591
arc,0,0.0,0.09435733407735825
arc,0,0.0,0.09594040364027023
arc,0,0.0,0.0959853008389473
arc,0,0.0,0.09654425829648972
arc,0,0.0,0.09682215005159378
arc,0,0.0,0.09704624861478806
arc,0,0.0,0.09723639488220215
arc,0,0.0,0.09724365174770355
arc,0,0.0,0.10002540796995163
arc,0,0.0,0.10026361793279648
arc,0,0.0,0.10105825960636139
arc,0,0.0,0.101613350212574
arc,0,0.0,0.1019938662648201
arc,0,0.0,0.10266847908496857
arc,0,0.0,0.10278568416833878
arc,0,0.0,0.10355906188488007
arc,0,0.0,0.10399948060512543
arc,0,0.0,0.10503309220075607
arc,0,0.0,0.1066991314291954
arc,0,0.0,0.10704272985458374
arc,0,0.0,0.10709192603826523
arc,0,0.0,0.10742398351430893
arc,0,0.0,0.10756427049636841
arc,0,0.0,0.10838599503040314
arc,0,0.0,0.10910319536924362
arc,0,0.0,0.1092800423502922
arc,0,0.0,0.11006563156843185
arc,0,0.0,0.11037204414606094
arc,0,0.0,0.11119204014539719
arc,0,0.0,0.11133547872304916
arc,0,0.0,0.11164823919534683
arc,0,0.0,0.11179349571466446
arc,0,0.0,0.11262562870979309
arc,0,0.0,0.11322668194770813
arc,0,0.0,0.11470483988523483
arc,0,0.0,0.11499245464801788
arc,0,0.0,0.11593125760555267
arc,0,0.0,0.11666159331798553
arc,0,0.0,0.11719001829624176
arc,0,0.0,0.11726368218660355
arc,0,0.0,0.11767995357513428
arc,0,0.0,0.11784495413303375
arc,0,0.0,0.11967337876558304
arc,0,0.0,0.1201367974281311
arc,0,0.0,0.1212630346417427
arc,0,0.0,0.12238066643476486
arc,0,0.0,0.1229759156703949
arc,0,0.0,0.12561172246932983
arc,0,0.0,0.12607532739639282
arc,0,0.0,0.12653471529483795
arc,0,0.0,0.12763284146785736
arc,0,0.0,0.12986956536769867
arc,0,0.0,0.1306695193052292
arc,0,0.0,0.13081081211566925
arc,0,0.0,0.13149262964725494
arc,0,0.0,0.13204646110534668
arc,0,0.0,0.13309802114963531
arc,0,0.0,0.13371917605400085
arc,0,0.0,0.13446906208992004
arc,0,0.0,0.13698022067546844
arc,0,0.0,0.13867656886577606
arc,0,0.0,0.1411728858947754
arc,0,0.0,0.14143677055835724
arc,0,0.0,0.1497897058725357
arc,0,0.0,0.1503455489873886
arc,0,0.0,0.1515672504901886
arc,0,0.0,0.15378810465335846
arc,0,0.0,0.15382179617881775
arc,0,0.0,0.15550504624843597
arc,0,0.0,0.15552754700183868
arc,0,0.0,0.16467425227165222
arc,0,0.0,0.16840863227844238
arc,0,0.0,0.17056389153003693
arc,0,0.0,0.1833224892616272
arc,0,0.0,0.18558859825134277
arc,0,0.0,0.1920844316482544
arc,0,0.0,0.19631409645080566
arc,0,0.0,0.20202066004276276
arc,0,0.0,0.2854900658130646
arc,0,0.0,0.3172616958618164
arc,0,0.0,0.35049372911453247
arc,1,0.3231561481952667,0.33617109060287476
arc,1,0.23990903794765472,0.2464946061372757
arc,1,0.22729265689849854,0.2300948202610016
arc,1,0.21017108857631683,0.27973219752311707
arc,1,0.2063545435667038,0.3196401596069336
arc,1,0.19917240738868713,0.26279470324516296
arc,1,0.1987381875514984,0.2668185532093048
arc,1,0.19365964829921722,0.2423800826072693
arc,1,0.19345058500766754,0.19980797171592712
arc,1,0.19224776327610016,0.24406908452510834
arc,1,0.17977117002010345,0.19491562247276306
arc,1,0.17970862984657288,0.1812189370393753
arc,1,0.17726774513721466,0.17826548218727112
arc,1,0.17470085620880127,0.19231024384498596
arc,1,0.17295782268047333,0.17326001822948456
arc,1,0.16728097200393677,0.22755131125450134
arc,1,0.16526135802268982,0.22120094299316406
arc,1,0.16502170264720917,0.18550331890583038
arc,1,0.16427555680274963,0.1983901560306549
arc,1,0.16158714890480042,0.18107970058918
arc,1,0.16026988625526428,0.1609835922718048
arc,1,0.1598731279373169,0.18276076018810272
arc,1,0.1581960916519165,0.16164107620716095
arc,1,0.1568267047405243,0.17960184812545776
arc,1,0.15671637654304504,0.15999995172023773
arc,1,0.15428902208805084,0.15811915695667267
arc,1,0.15144690871238708,0.24694345891475677
arc,1,0.15107935667037964,0.1776711344718933
arc,1,0.14898623526096344,0.1693413406610489
arc,1,0.14076483249664307,0.14958009123802185
arc,1,0.13983671367168427,0.19528557360172272
arc,1,0.13953480124473572,0.15383900701999664
arc,1,0.13933165371418,0.14573435485363007
arc,1,0.13923293352127075,0.18734341859817505
arc,1,0.13722959160804749,0.16072462499141693
arc,1,0.13648603856563568,0.1607995629310608
arc,1,0.13626953959465027,0.22355835139751434
arc,1,0.13380862772464752,0.13629817962646484
arc,1,0.13352343440055847,0.13490650057792664
arc,1,0.13316090404987335,0.17374974489212036
arc,1,0.13203682005405426,0.18990513682365417
arc,1,0.13079732656478882,0.17290008068084717
arc,1,0.13036663830280304,0.16373367607593536
arc,1,0.130212664604187,0.16493529081344604
arc,1,0.1292717158794403,0.2143751084804535
arc,1,0.12874078750610352,0.13145215809345245
arc,1,0.12809982895851135,0.15686140954494476
arc,1,0.12464530020952225,0.14535224437713623
arc,1,0.12431122362613678,0.13854961097240448
arc,1,0.12309505045413971,0.17762255668640137
arc,1,0.1212708130478859,0.17476433515548706
arc,1,0.11814599484205246,0.19988855719566345
arc,1,0.11736713349819183,0.17127855122089386
arc,1,0.11641645431518555,0.13400419056415558
arc,1,0.11587516963481903,0.22823086380958557
arc,1,0.11564075946807861,0.12170840054750443
arc,1,0.11452353745698929,0.18349780142307281
arc,1,0.11367666721343994,0.14002874493598938
arc,1,0.11297444254159927,0.13815179467201233
arc,1,0.11251526325941086,0.15126578509807587
arc,1,0.1106945052742958,0.12054820358753204
arc,1,0.10878384113311768,0.11837975680828094
arc,1,0.10715815424919128,0.10995049774646759
arc,1,0.10691703855991364,0.11508633196353912
arc,1,0.10606256872415543,0.18804283440113068
arc,1,0.10550490021705627,0.12346722930669785
arc,1,0.10460902005434036,0.12308741360902786
arc,1,0.103888139128685,0.16971349716186523
arc,1,0.09873142093420029,0.1591539829969406
arc,1,0.0980789065361023,0.17620687186717987
arc,1,0.0973135232925415,0.1080770343542099
arc,1,0.09727969765663147,0.15215788781642914
arc,1,0.09727519005537033,0.11899977177381516
arc,1,0.09687454998493195,0.11199788004159927
arc,1,0.09545524418354034,0.09678758680820465
arc,1,0.09530603140592575,0.09801425039768219
arc,1,0.09242556989192963,0.1068531945347786
arc,1,0.09138251096010208,0.10180610418319702
arc,1,0.09007135033607483,0.16718325018882751
arc,1,0.08961726725101471,0.10199224948883057
arc,1,0.08956827223300934,0.11954858899116516
arc,1,0.08947190642356873,0.09741257131099701
arc,1,0.0893784761428833,0.10177651792764664
arc,1,0.0885649174451828,0.08869781345129013
arc,1,0.0882548987865448,0.10170576721429825
arc,1,0.08794660121202469,0.10056231170892715
arc,1,0.08714839071035385,0.0902724415063858
arc,1,0.08711113035678864,0.09597476571798325
arc,1,0.08601000159978867,0.15700840950012207
arc,1,0.08569478988647461,0.11235129833221436
arc,1,0.08413363248109818,0.09850320965051651
arc,1,0.08391298353672028,0.12731140851974487
arc,1,0.08275601267814636,0.1350754201412201
arc,1,0.08238846063613892,0.09645672142505646
arc,1,0.08168347179889679,0.12280537933111191
arc,1,0.08155946433544159,0.09273409098386765
arc,1,0.0815134346485138,0.0901935026049614
arc,1,0.08050502091646194,0.08062692731618881
arc,1,0.08000269532203674,0.10847772657871246
arc,1,0.0797358825802803,0.08964357525110245
arc,1,0.07916370034217834,0.1149408295750618
arc,1,0.07893345504999161,0.10612771660089493
arc,1,0.07742705196142197,0.09802646189928055
arc,1,0.07184220105409622,0.07188677042722702
arc,1,0.07144656032323837,0.09353353083133698
arc,1,0.07144487649202347,0.08089631050825119
arc,1,0.06982940435409546,0.08644614368677139
arc,1,0.06255186349153519,0.06312138587236404
arc,1,0.06245759129524231,0.06843874603509903
arc,1,0.06055068597197533,0.07502612471580505
arc,1,0.05473259836435318,0.054819587618112564
disk,0,0.0,0.002659130608662963
disk,0,0.0,0.005088410340249538
disk,0,0.0,0.008519275113940239
disk,0,0.0,0.009448874741792679
disk,0,0.0,0.01006912812590599
disk,0,0.0,0.01083008386194706
disk,0,0.0,0.012814897112548351
disk,0,0.0,0.01361814234405756
disk,0,0.0,0.014070924371480942
disk,0,0.0,0.014192178845405579
disk,0,0.0,0.014513442292809486
disk,0,0.0,0.015090182423591614
disk,0,0.0,0.015491257421672344
disk,0,0.0,0.01575271412730217
disk,0,0.0,0.015906551852822304
disk,0,0.0,0.017525028437376022
disk,0,0.0,0.01788206957280636
disk,0,0.0,0.017892012372612953
disk,0,0.0,0.018106278032064438
disk,0,0.0,0.019840432330965996
disk,0,0.0,0.02005934901535511
disk,0,0.0,0.020356563851237297
disk,0,0.0,0.021658992394804955
disk,0,0.0,0.02200562134385109
disk,0,0.0,0.022061550989747047
disk,0,0.0,0.022239049896597862
disk,0,0.0,0.02247571013867855
disk,0,0.0,0.022559963166713715
disk,0,0.0,0.023335009813308716
disk,0,0.0,0.02368015982210636
disk,0,0.0,0.02400883100926876
disk,0,0.0,0.024067284539341927
disk,0,0.0,0.025182954967021942
disk,0,0.0,0.025249561294913292
disk,0,0.0,0.025689106434583664
disk,0,0.0,0.026719773188233376
disk,0,0.0,0.026876874268054962
disk,0,0.0,0.026902204379439354
disk,0,0.0,0.027377281337976456
disk,0,0.0,0.028192052617669106
disk,0,0.0,0.028344696387648582
disk,0,0.0,0.028772201389074326
disk,0,0.0,0.02883661910891533
disk,0,0.0,0.02946750447154045
disk,0,0.0,0.03003791905939579
disk,0,0.0,0.03021264635026455
disk,0,0.0,0.030282704159617424
disk,0,0.0,0.030295947566628456
disk,0,0.0,0.03105243854224682
disk,0,0.0,0.031132960692048073
disk,0,0.0,0.031410086899995804
disk,0,0.0,0.031603630632162094
disk,0,0.0,0.03219791129231453
disk,0,0.0,0.03220702335238457
disk,0,0.0,0.032316405326128006
disk,0,0.0,0.03232923522591591
disk,0,0.0,0.03234826773405075
disk,0,0.0,0.03315744921565056
disk,0,0.0,0.0332229882478714
disk,0,0.0,0.03341953828930855
disk,0,0.0,0.03354693949222565
disk,0,0.0,0.03378492593765259
disk,0,0.0,0.03389047458767891
disk,0,0.0,0.0343044139444828
disk,0,0.0,0.03457091748714447
disk,0,0.0,0.03468872234225273
disk,0,0.0,0.03554142266511917
disk,0,0.0,0.03633706271648407
disk,0,0.0,0.0363452211022377
disk,0,0.0,0.03637038171291351
disk,0,0.0,0.03640379011631012
disk,0,0.0,0.036706533282995224
disk,0,0.0,0.037150826305150986
disk,0,0.0,0.03855740651488304
disk,0,0.0,0.03860098868608475
disk,0,0.0,0.038889434188604355
disk,0,0.0,0.039079226553440094
disk,0,0.0,0.039105769246816635
disk,0,0.0,0.03933292627334595
disk,0,0.0,0.03953944891691208
disk,0,0.0,0.03974248096346855
disk,0,0.0,0.03975220397114754
disk,0,0.0,0.03981878235936165
disk,0,0.0,0.03983082249760628
disk,0,0.0,0.04012754186987877
disk,0,0.0,0.04017342999577522
disk,0,0.0,0.04019296541810036
disk,0,0.0,0.04020822048187256
disk,0,0.0,0.04044199734926224
disk,0,0.0,0.04077840968966484
disk,0,0.0,0.04080309346318245
disk,0,0.0,0.04095585644245148
disk,0,0.0,0.04096345603466034
disk,0,0.0,0.04126756638288498
disk,0,0.0,0.04160397872328758
disk,0,0.0,0.041980188339948654
disk,0,0.0,0.04200679808855057
disk,0,0.0,0.04249446839094162
disk,0,0.0,0.04314736649394035
disk,0,0.0,0.043559979647397995
disk,0,0.0,0.043758977204561234
disk,0,0.0,0.04414324089884758
disk,0,0.0,0.04439219832420349
disk,0,0.0,0.044810548424720764
disk,0,0.0,0.0450899712741375
disk,0,0.0,0.04557936266064644
disk,0,0.0,0.045594386756420135
disk,0,0.0,0.045861512422561646
disk,0,0.0,0.04621264338493347
disk,0,0.0,0.04656027629971504
disk,0,0.0,0.04669025540351868
disk,0,0.0,0.04682860150933266
disk,0,0.0,0.04703935608267784
disk,0,0.0,0.047524768859148026
disk,0,0.0,0.047599393874406815
disk,0,0.0,0.048348817974328995
disk,0,0.0,0.04854118824005127
disk,0,0.0,0.048560358583927155
disk,0,0.0,0.04889571666717529
disk,0,0.0,0.049030378460884094
disk,0,0.0,0.049085453152656555
disk,0,0.0,0.04933668300509453
disk,0,0.0,0.04946306720376015
disk,0,0.0,0.04963008686900139
disk,0,0.0,0.04984871298074722
disk,0,0.0,0.05040828511118889
disk,0,0.0,0.05055895447731018
disk,0,0.0,0.050566431134939194
disk,0,0.0,0.05064961314201355
disk,0,0.0,0.051221925765275955
disk,0,0.0,0.051281534135341644
disk,0,0.0,0.05136224627494812
disk,0,0.0,0.05152767524123192
disk,0,0.0,0.051586251705884933
disk,0,0.0,0.05198119953274727
disk,0,0.0,0.05221253260970116
disk,0,0.0,0.05221465602517128
disk,0,0.0,0.05232122540473938
disk,0,0.0,0.05305358022451401
disk,0,0.0,0.05306291952729225
disk,0,0.0,0.053292810916900635
disk,0,0.0,0.05364876613020897
disk,0,0.0,0.053656719624996185
disk,0,0.0,0.05392678081989288
disk,0,0.0,0.05393793433904648
disk,0,0.0,0.05414080247282982
disk,0,0.0,0.05432659387588501
disk,0,0.0,0.0545143187046051
disk,0,0.0,0.05458105355501175
disk,0,0.0,0.054667435586452484
disk,0,0.0,0.05469030886888504
disk,0,0.0,0.05548860505223274
disk,0,0.0,0.05565071105957031
disk,0,0.0,0.05577193945646286
disk,0,0.0,0.055855002254247665
disk,0,0.0,0.05590418726205826
disk,0,0.0,0.05638313665986061
disk,0,0.0,0.056805968284606934
disk,0,0.0,0.057433996349573135
disk,0,0.0,0.05753674730658531
disk,0,0.0,0.05774180218577385
disk,0,0.0,0.05776450037956238
disk,0,0.0,0.058423224836587906
disk,0,0.0,0.05865408480167389
disk,0,0.0,0.058829475194215775
disk,0,0.0,0.058911874890327454
disk,0,0.0,0.058978088200092316
disk,0,0.0,0.0590529628098011
disk,0,0.0,0.05931882932782173
disk,0,0.0,0.05943277105689049
disk,0,0.0,0.05959477648139
disk,0,0.0,0.059819821268320084
disk,0,0.0,0.06005604565143585
disk,0,0.0,0.06009668856859207
disk,0,0.0,0.06017160788178444
disk,0,0.0,0.06027025356888771
disk,0,0.0,0.06043906882405281
disk,0,0.0,0.060513049364089966
disk,0,0.0,0.06090616434812546
disk,0,0.0,0.061008647084236145
disk,0,0.0,0.06136317551136017
disk,0,0.0,0.06177695095539093
disk,0,0.0,0.062361542135477066
disk,0,0.0,0.06254447996616364
disk,0,0.0,0.06279338151216507
disk,0,0.0,0.06307049095630646
disk,0,0.0,0.06313017010688782
disk,0,0.0,0.06336229294538498
disk,0,0.0,0.06348393112421036
disk,0,0.0,0.0635032132267952
disk,0,0.0,0.06357298791408539
disk,0,0.0,0.06385094672441483
disk,0,0.0,0.06390451639890671
disk,0,0.0,0.0639406219124794
disk,0,0.0,0.06425769627094269
disk,0,0.0,0.06432899832725525
disk,0,0.0,0.06446222960948944
disk,0,0.0,0.06481403857469559
disk,0,0.0,0.0650116354227066
disk,0,0.0,0.06510379165410995
disk,0,0.0,0.06511083990335464
disk,0,0.0,0.06515472382307053
disk,0,0.0,0.0652855932712555
disk,0,0.0,0.0653337836265564
disk,0,0.0,0.06597433984279633
disk,0,0.0,0.06615819782018661
disk,0,0.0,0.06617769598960876
disk,0,0.0,0.06624405831098557
disk,0,0.0,0.06659740209579468
disk,0,0.0,0.06663095951080322
disk,0,0.0,0.0667325109243393
disk,0,0.0,0.06691315025091171
disk,0,0.0,0.06708697229623795
disk,0,0.0,0.06771449744701385
disk,0,0.0,0.06786949187517166
disk,0,0.0,0.06788267195224762
disk,0,0.0,0.06796014308929443
disk,0,0.0,0.06812405586242676
disk,0,0.0,0.06818008422851562
disk,0,0.0,0.06832975149154663
disk,0,0.0,0.06838327646255493
disk,0,0.0,0.06865619122982025
disk,0,0.0,0.0687653049826622
disk,0,0.0,0.06901806592941284
disk,0,0.0,0.06917964667081833
disk,0,0.0,0.06921061128377914
disk,0,0.0,0.06956091523170471
disk,0,0.0,0.06991637498140335
disk,0,0.0,0.07061903178691864
disk,0,0.0,0.07070407271385193
disk,0,0.0,0.07070930302143097
disk,0,0.0,0.07077450305223465
disk,0,0.0,0.0709843784570694
disk,0,0.0,0.07121127843856812
disk,0,0.0,0.07124028354883194
disk,0,0.0,0.07130902260541916
disk,0,0.0,0.07184617966413498
disk,0,0.0,0.07241123914718628
disk,0,0.0,0.07257609814405441
disk,0,0.0,0.07264215499162674
disk,0,0.0,0.07310393452644348
disk,0,0.0,0.07323552668094635
disk,0,0.0,0.07333538681268692
disk,0,0.0,0.07355154305696487
disk,0,0.0,0.07361004501581192
disk,0,0.0,0.07373452931642532
disk,0,0.0,0.07376310229301453
disk,0,0.0,0.07379446178674698
disk,0,0.0,0.07380576431751251
disk,0,0.0,0.07385825365781784
disk,0,0.0,0.07403427362442017
disk,0,0.0,0.07451315224170685
disk,0,0.0,0.07456475496292114
disk,0,0.0,0.07528933882713318
disk,0,0.0,0.07529552280902863
disk,0,0.0,0.0753074586391449
disk,0,0.0,0.07538902759552002
disk,0,0.0,0.07559435814619064
disk,0,0.0,0.07564231008291245
disk,0,0.0,0.07667925953865051
disk,0,0.0,0.07737906277179718
disk,0,0.0,0.077532559633255
disk,0,0.0,0.07814384996891022
disk,0,0.0,0.07830309867858887
disk,0,0.0,0.07852032035589218
disk,0,0.0,0.07855822145938873
disk,0,0.0,0.07865893840789795
disk,0,0.0,0.07871895283460617
disk,0,0.0,0.07955466210842133
disk,0,0.0,0.07978711277246475
disk,0,0.0,0.08050458878278732
disk,0,0.0,0.08055625855922699
disk,0,0.0,0.08090054243803024
disk,0,0.0,0.08101291954517365
disk,0,0.0,0.08126187324523926
disk,0,0.0,0.08149342238903046
disk,0,0.0,0.08149762451648712
disk,0,0.0,0.08151766657829285
disk,0,0.0,0.08169358223676682
disk,0,0.0,0.0818304568529129
disk,0,0.0,0.08211585134267807
disk,0,0.0,0.08213881403207779
disk,0,0.0,0.08265030384063721
disk,0,0.0,0.08317436277866364
disk,0,0.0,0.0838937982916832
disk,0,0.0,0.08390720188617706
disk,0,0.0,0.08423816412687302
disk,0,0.0,0.08439435064792633
disk,0,0.0,0.0847971960902214
disk,0,0.0,0.08534447103738785
disk,0,0.0,0.08584126085042953
disk,0,0.0,0.0859602838754654
disk,0,0.0,0.08636559545993805
disk,0,0.0,0.0866299569606781
disk,0,0.0,0.08675764501094818
disk,0,0.0,0.08687768131494522
disk,0,0.0,0.0868888571858406
disk,0,0.0,0.0870259627699852
disk,0,0.0,0.08712385594844818
disk,0,0.0,0.0876704528927803
disk,0,0.0,0.08768043667078018
disk,0,0.0,0.08791865408420563
disk,0,0.0,0.08847271651029587
disk,0,0.0,0.08852100372314453
disk,0,0.0,0.08852121233940125
disk,0,0.0,0.08880073577165604
disk,0,0.0,0.08893826603889465
disk,0,0.0,0.08901895582675934
disk,0,0.0,0.0891575738787651
disk,0,0.0,0.089766725897789
disk,0,0.0,0.08994289487600327
disk,0,0.0,0.09030567854642868
disk,0,0.0,0.09031794965267181
disk,0,0.0,0.09043677896261215
disk,0,0.0,0.09047739207744598
disk,0,0.0,0.09048926830291748
disk,0,0.0,0.09077529609203339
disk,0,0.0,0.09114987403154373
disk,0,0.0,0.09137112647294998
disk,0,0.0,0.09160356968641281
disk,0,0.0,0.09176580607891083
disk,0,0.0,0.09177301079034805
disk,0,0.0,0.09187513589859009
disk,0,0.0,0.09193248301744461
disk,0,0.0,0.09211508929729462
disk,0,0.0,0.09228140860795975
disk,0,0.0,0.0923042818903923
disk,0,0.0,0.09240888804197311
disk,0,0.0,0.09259601682424545
disk,0,0.0,0.09261602908372879
disk,0,0.0,0.09264806658029556
disk,0,0.0,0.09268055111169815
disk,0,0.0,0.09348229318857193
disk,0,0.0,0.09355135262012482
disk,0,0.0,0.09397145360708237
disk,0,0.0,0.0940825492143631
disk,0,0.0,0.09442178159952164
disk,0,0.0,0.09445483237504959
disk,0,0.0,0.0948394387960434
disk,0,0.0,0.09491950273513794
disk,0,0.0,0.09564360231161118
disk,0,0.0,0.0957721695303917
disk,0,0.0,0.09610868990421295
disk,0,0.0,0.09674284607172012
disk,0,0.0,0.0967431366443634
disk,0,0.0,0.09681268781423569
disk,0,0.0,0.09702730178833008
disk,0,0.0,0.0974087193608284
disk,0,0.0,0.09751078486442566
disk,0,0.0,0.09864772856235504
disk,0,0.0,0.09868883341550827
disk,0,0.0,0.09884385019540787
disk,0,0.0,0.09887020289897919
disk,0,0.0,0.09888751804828644
disk,0,0.0,0.09904494136571884
disk,0,0.0,0.09909535199403763
disk,0,0.0,0.09913013875484467
disk,0,0.0,0.09915817528963089
disk,0,0.0,0.10094958543777466
disk,0,0.0,0.10159756988286972
disk,0,0.0,0.10184045135974884
disk,0,0.0,0.10193435847759247
disk,0,0.0,0.10199829190969467
disk,0,0.0,0.10213705152273178
disk,0,0.0,0.10256222635507584
disk,0,0.0,0.10261073708534241
disk,0,0.0,0.10261653363704681
disk,0,0.0,0.10300515592098236
disk,0,0.0,0.10325054079294205
disk,0,0.0,0.10341966897249222
disk,0,0.0,0.10346553474664688
disk,0,0.0,0.10355204343795776
disk,0,0.0,0.10359653830528259
disk,0,0.0,0.10376434773206711
disk,0,0.0,0.10408898442983627
disk,0,0.0,0.10416830331087112
disk,0,0.0,0.10450837761163712
disk,0,0.0,0.10466638952493668
disk,0,0.0,0.10547318309545517
disk,0,0.0,0.10554568469524384
disk,0,0.0,0.10560524463653564
disk,0,0.0,0.1065497174859047
disk,0,0.0,0.10659762471914291
disk,0,0.0,0.1071774810552597
disk,0,0.0,0.10768580436706543
disk,0,0.0,0.10778431594371796
disk,0,0.0,0.10803329944610596
disk,0,0.0,0.1089291200041771
disk,0,0.0,0.1091359481215477
disk,0,0.0,0.10935725271701813
disk,0,0.0,0.10936741530895233
disk,0,0.0,0.10947564244270325
disk,0,0.0,0.10950279980897903
disk,0,0.0,0.1098216101527214
disk,0,0.0,0.1099628135561943
disk,0,0.0,0.11077092587947845
disk,0,0.0,0.11090561747550964
disk,0,0.0,0.1109471395611763
disk,0,0.0,0.11124279350042343
disk,0,0.0,0.11179812252521515
disk,0,0.0,0.11199375241994858
disk,0,0.0,0.11201756447553635
disk,0,0.0,0.11209354549646378
disk,0,0.0,0.11225980520248413
disk,0,0.0,0.11255571991205215
disk,0,0.0,0.11286810785531998
disk,0,0.0,0.11418221890926361
disk,0,0.0,0.11436451226472855
disk,0,0.0,0.11465995013713837
disk,0,0.0,0.11481577903032303
disk,0,0.0,0.11485663056373596
disk,0,0.0,0.1149890124797821
disk,0,0.0,0.11505759507417679
disk,0,0.0,0.11522134393453598
disk,0,0.0,0.1155998632311821
disk,0,0.0,0.11571233719587326
disk,0,0.0,0.1161331981420517
disk,0,0.0,0.11633873730897903
disk,0,0.0,0.11643665283918381
disk,0,0.0,0.11652810126543045
disk,0,0.0,0.1170334741473198
disk,0,0.0,0.1172664538025856
disk,0,0.0,0.11729457974433899
disk,0,0.0,0.11811604350805283
disk,0,0.0,0.11819341778755188
disk,0,0.0,0.11834795773029327
disk,0,0.0,0.11854509264230728
disk,0,0.0,0.11895819753408432
disk,0,0.0,0.11923976987600327
disk,0,0.0,0.11988568305969238
disk,0,0.0,0.11996999382972717
disk,0,0.0,0.12087257206439972
disk,0,0.0,0.12093143910169601
disk,0,0.0,0.12114262580871582
disk,0,0.0,0.12125138938426971
disk,0,0.0,0.12162358313798904
disk,0,0.0,0.12176480889320374
disk,0,0.0,0.12199579924345016
disk,0,0.0,0.122614286839962
disk,0,0.0,0.12305637449026108
disk,0,0.0,0.12315291166305542
disk,0,0.0,0.12568503618240356
disk,0,0.0,0.12584687769412994
disk,0,0.0,0.12605790793895721
disk,0,0.0,0.12609639763832092
disk,0,0.0,0.12624941766262054
disk,0,0.0,0.12828275561332703
disk,0,0.0,0.12898701429367065
disk,0,0.0,0.12916328012943268
disk,0,0.0,0.12932898104190826
disk,0,0.0,0.1294267177581787
disk,0,0.0,0.12987875938415527
disk,0,0.0,0.12989675998687744
disk,0,0.0,0.12994830310344696
disk,0,0.0,0.1303277462720871
disk,0,0.0,0.13034698367118835
disk,0,0.0,0.13035361468791962
disk,0,0.0,0.13099822402000427
disk,0,0.0,0.13180287182331085
disk,0,0.0,0.13188685476779938
disk,0,0.0,0.1322324126958847
disk,0,0.0,0.13241131603717804
disk,0,0.0,0.1336246281862259
disk,0,0.0,0.13412272930145264
disk,0,0.0,0.13700911402702332
disk,0,0.0,0.13774152100086212
disk,0,0.0,0.13780057430267334
disk,0,0.0,0.137818843126297
disk,0,0.0,0.139777272939682
disk,0,0.0,0.14049258828163147
disk,0,0.0,0.14055602252483368
disk,0,0.0,0.140921950340271
disk,0,0.0,0.14193794131278992
disk,0,0.0,0.14207899570465088
disk,0,0.0,0.1430715173482895
disk,0,0.0,0.14428292214870453
disk,0,0.0,0.14435289800167084
disk,0,0.0,0.1445222795009613
disk,0,0.0,0.14456309378147125
disk,0,0.0,0.1453070491552353
disk,0,0.0,0.14609135687351227
disk,0,0.0,0.14649128913879395
disk,0,0.0,0.14656496047973633
disk,0,0.0,0.14830836653709412
disk,0,0.0,0.15019531548023224
disk,0,0.0,0.15061958134174347
disk,0,0.0,0.15165989100933075
disk,0,0.0,0.15188756585121155
disk,0,0.0,0.15407657623291016
disk,0,0.0,0.1542828232049942
disk,0,0.0,0.15672393143177032
disk,0,0.0,0.15707625448703766
disk,0,0.0,0.1574694961309433
disk,0,0.0,0.15974977612495422
disk,0,0.0,0.15982474386692047
disk,0,0.0,0.16830787062644958
disk,0,0.0,0.17333702743053436
disk,0,0.0,0.19585579633712769
disk,0,0.0,0.2736164331436157
disk,1,0.3175900876522064,0.3179210126399994
disk,1,0.30592039227485657,0.30891743302345276
disk,1,0.27153703570365906,0.27401742339134216
disk,1,0.2671021521091461,0.30858761072158813
disk,1,0.25629594922065735,0.26252296566963196
disk,1,0.2542193531990051,0.28013068437576294
disk,1,0.24627454578876495,0.317825585603714
disk,1,0.24163782596588135,0.24681147933006287
disk,1,0.23864391446113586,0.3149370551109314
disk,1,0.22988900542259216,0.2301282286643982
disk,1,0.22976090013980865,0.24371391534805298
disk,1,0.22523090243339539,0.23316974937915802
disk,1,0.2227662205696106,0.23554186522960663
disk,1,0.22273525595664978,0.35336044430732727
disk,1,0.22224365174770355,0.24461761116981506
disk,1,0.21648594737052917,0.2350456714630127
disk,1,0.2161954939365387,0.21879608929157257
disk,1,0.21439503133296967,0.22329147160053253
disk,1,0.2085714340209961,0.21283558011054993
disk,1,0.20728103816509247,0.22865498065948486
disk,1,0.2057536095380783,0.2208741009235382
disk,1,0.20215806365013123,0.2176462858915329
disk,1,0.2002188265323639,0.2267128825187683
disk,1,0.19986480474472046,0.3022662401199341
disk,1,0.19815142452716827,0.20767655968666077
disk,1,0.19613365828990936,0.25206810235977173
disk,1,0.19373683631420135,0.20412135124206543
disk,1,0.19289058446884155,0.2455127090215683
disk,1,0.19235187768936157,0.2067641317844391
disk,1,0.1915094554424286,0.3213673532009125
disk,1,0.19074003398418427,0.19745947420597076
disk,1,0.19053952395915985,0.21213796734809875
disk,1,0.19013170897960663,0.19958239793777466
disk,1,0.1890592873096466,0.22152285277843475
disk,1,0.18848957121372223,0.2035137414932251
disk,1,0.18753838539123535,0.25066670775413513
disk,1,0.18623918294906616,0.25913816690444946
disk,1,0.1850425750017166,0.1856725513935089
disk,1,0.18349744379520416,0.25591522455215454
disk,1,0.18232415616512299,0.1945251077413559
disk,1,0.18140456080436707,0.2783130705356598
disk,1,0.18110279738903046,0.20805220305919647
disk,1,0.1797206550836563,0.2677476704120636
disk,1,0.1773671954870224,0.31298893690109253
disk,1,0.17670057713985443,0.3042237162590027
disk,1,0.17427030205726624,0.2647956907749176
disk,1,0.17404575645923615,0.19970034062862396
disk,1,0.17388810217380524,0.19564716517925262
disk,1,0.172831729054451,0.18809986114501953
disk,1,0.17193904519081116,0.17406071722507477
disk,1,0.17177921533584595,0.1788979321718216
disk,1,0.1716470569372177,0.26054951548576355
disk,1,0.17123354971408844,0.18124569952487946
disk,1,0.16993367671966553,0.1912696659564972
disk,1,0.16985741257667542,0.25496435165405273
disk,1,0.16928274929523468,0.26779839396476746
disk,1,0.16872107982635498,0.237753763794899
disk,1,0.16859085857868195,0.31575217843055725
disk,1,0.16849285364151,0.21521234512329102
disk,1,0.1684727817773819,0.26513034105300903
disk,1,0.16825009882450104,0.3265783190727234
disk,1,0.16823172569274902,0.20354725420475006
disk,1,0.168056458234787,0.1743580847978592
disk,1,0.1673928201198578,0.22826001048088074
disk,1,0.16531316936016083,0.16873575747013092
disk,1,0.16314594447612762,0.2500479221343994
disk,1,0.16202808916568756,0.16714031994342804
disk,1,0.1617690771818161,0.1855928599834442
disk,1,0.1612614542245865,0.19422447681427002
disk,1,0.1605159044265747,0.26624825596809387
disk,1,0.15835650265216827,0.1744098961353302
disk,1,0.15732184052467346,0.22133851051330566
disk,1,0.15448454022407532,0.23136524856090546
disk,1,0.15355530381202698,0.17914050817489624
disk,1,0.1519646942615509,0.18976324796676636
disk,1,0.15146280825138092,0.1866709589958191
disk,1,0.15091130137443542,0.2604869604110718
disk,1,0.1505008488893509,0.16625787317752838
disk,1,0.14933715760707855,0.26379990577697754
disk,1,0.14916755259037018,0.26264041662216187
disk,1,0.14784985780715942,0.2616167962551117
disk,1,0.14562420547008514,0.16712914407253265
disk,1,0.1450313925743103,0.16255763173103333
disk,1,0.1449628323316574,0.1731850504875183
disk,1,0.14382393658161163,0.17882589995861053
disk,1,0.1406237930059433,0.15704040229320526
disk,1,0.14048117399215698,0.15083028376102448
disk,1,0.13537758588790894,0.19600236415863037
disk,1,0.13256686925888062,0.1364181488752365
disk,1,0.13208235800266266,0.1822165995836258
disk,1,0.12976785004138947,0.14354844391345978
disk,1,0.12741325795650482,0.18056558072566986
disk,1,0.12650853395462036,0.13716275990009308
disk,1,0.12607553601264954,0.16273489594459534
disk,1,0.1244502067565918,0.1405854970216751
disk,1,0.12405716627836227,0.1352711021900177
disk,1,0.12351211905479431,0.1936839073896408
disk,1,0.12287410348653793,0.12343944609165192
disk,1,0.12201911211013794,0.16158825159072876
disk,1,0.11831465363502502,0.14272058010101318
disk,1,0.117507204413414,0.13692982494831085
disk,1,0.11711598187685013,0.12495622783899307
disk,1,0.11579078435897827,0.1478123515844345
disk,1,0.11570224165916443,0.11969374865293503
disk,1,0.11352988332509995,0.14513295888900757
disk,1,0.11284087598323822,0.1223355233669281
disk,1,0.11211168766021729,0.11795756220817566
disk,1,0.11167879402637482,0.11427118629217148
disk,1,0.11035434156656265,0.11060518026351929
disk,1,0.10723000019788742,0.1082443967461586
disk,1,0.1058540791273117,0.11594412475824356
disk,1,0.10571038722991943,0.1566123515367508
disk,1,0.1051296591758728,0.1356186419725418
disk,1,0.10387207567691803,0.10751845687627792
disk,1,0.10362248122692108,0.11470673978328705
disk,1,0.0965939536690712,0.12051292508840561
disk,1,0.09573213756084442,0.10985804349184036
disk,1,0.09550970047712326,0.11457820236682892
disk,1,0.08608531951904297,0.10986214131116867
disk,1,0.07790423184633255,0.0782439112663269
disk,1,0.077712781727314,0.08587568998336792
disk,1,0.05514853075146675,0.07472867518663406
cross_ring_arc,0,0.0,0.003985031042248011
cross_ring_arc,0,0.0,0.004327739588916302
cross_ring_arc,0,0.0,0.004724301863461733
cross_ring_arc,0,0.0,0.004990910179913044
cross_ring_arc,0,0.0,0.005771186202764511
cross_ring_arc,0,0.0,0.006185920909047127
cross_ring_arc,0,0.0,0.0066363015212118626
cross_ring_arc,0,0.0,0.007078105583786964
cross_ring_arc,0,0.0,0.007084900513291359
cross_ring_arc,0,0.0,0.007677321322262287
cross_ring_arc,0,0.0,0.007881088182330132
cross_ring_arc,0,0.0,0.00796461571007967
cross_ring_arc,0,0.0,0.008664281107485294
cross_ring_arc,0,0.0,0.008804689161479473
cross_ring_arc,0,0.0,0.00912211462855339
cross_ring_arc,0,0.0,0.009311540052294731
cross_ring_arc,0,0.0,0.009382391348481178
cross_ring_arc,0,0.0,0.009442096576094627
cross_ring_arc,0,0.0,0.009636464528739452
cross_ring_arc,0,0.0,0.010163266211748123
cross_ring_arc,0,0.0,0.010702854953706264
cross_ring_arc,0,0.0,0.011430641636252403
cross_ring_arc,0,0.0,0.01148817129433155
cross_ring_arc,0,0.0,0.012268544174730778
cross_ring_arc,0,0.0,0.012461598962545395
cross_ring_arc,0,0.0,0.012640106491744518
cross_ring_arc,0,0.0,0.01267729140818119
cross_ring_arc,0,0.0,0.0127192921936512
cross_ring_arc,0,0.0,0.012846903875470161
cross_ring_arc,0,0.0,0.012926951982080936
cross_ring_arc,0,0.0,0.013392502442002296
cross_ring_arc,0,0.0,0.013676293194293976
cross_ring_arc,0,0.0,0.013730207458138466
cross_ring_arc,0,0.0,0.013899330049753189
cross_ring_arc,0,0.0,0.014291073195636272
cross_ring_arc,0,0.0,0.014889725483953953
cross_ring_arc,0,0.0,0.015086312778294086
cross_ring_arc,0,0.0,0.016228988766670227
cross_ring_arc,0,0.0,0.0165700726211071
cross_ring_arc,0,0.0,0.016971159726381302
cross_ring_arc,0,0.0,0.017544705420732498
cross_ring_arc,0,0.0,0.017669573426246643
cross_ring_arc,0,0.0,0.01793523132801056
cross_ring_arc,0,0.0,0.01830192469060421
cross_ring_arc,0,0.0,0.01852399669587612
cross_ring_arc,0,0.0,0.018594788387417793
cross_ring_arc,0,0.0,0.018720492720603943
cross_ring_arc,0,0.0,0.01874520629644394
cross_ring_arc,0,0.0,0.019614852964878082
cross_ring_arc,0,0.0,0.02007974497973919
cross_ring_arc,0,0.0,0.020186977460980415
cross_ring_arc,0,0.0,0.02058316022157669
cross_ring_arc,0,0.0,0.02061031013727188
cross_ring_arc,0,0.0,0.020758898928761482
cross_ring_arc,0,0.0,0.020804602652788162
cross_ring_arc,0,0.0,0.021221265196800232
cross_ring_arc,0,0.0,0.021512778475880623
cross_ring_arc,0,0.0,0.021771766245365143
cross_ring_arc,0,0.0,0.02188882790505886
cross_ring_arc,0,0.0,0.022179972380399704
cross_ring_arc,0,0.0,0.02219831943511963
cross_ring_arc,0,0.0,0.022878611460328102
cross_ring_arc,0,0.0,0.023089643567800522
cross_ring_arc,0,0.0,0.023175949230790138
cross_ring_arc,0,0.0,0.023276228457689285
cross_ring_arc,0,0.0,0.023419857025146484
cross_ring_arc,0,0.0,0.0236522126942873
cross_ring_arc,0,0.0,0.024115165695548058
cross_ring_arc,0,0.0,0.024633700028061867
cross_ring_arc,0,0.0,0.02502085454761982
cross_ring_arc,0,0.0,0.025100186467170715
cross_ring_arc,0,0.0,0.025251485407352448
cross_ring_arc,0,0.0,0.025257868692278862
cross_ring_arc,0,0.0,0.025764580816030502
cross_ring_arc,0,0.0,0.025957683101296425
cross_ring_arc,0,0.0,0.026049893349409103
cross_ring_arc,0,0.0,0.026175986975431442
cross_ring_arc,0,0.0,0.026183655485510826
cross_ring_arc,0,0.0,0.027265062555670738
cross_ring_arc,0,0.0,0.02730664238333702
cross_ring_arc,0,0.0,0.027566436678171158
cross_ring_arc,0,0.0,0.028043659403920174
cross_ring_arc,0,0.0,0.028084641322493553
cross_ring_arc,0,0.0,0.0281343013048172
cross_ring_arc,0,0.0,0.02830522134900093
cross_ring_arc,0,0.0,0.028426093980669975
cross_ring_arc,0,0.0,0.029014894738793373
cross_ring_arc,0,0.0,0.029056018218398094
cross_ring_arc,0,0.0,0.02911379188299179
cross_ring_arc,0,0.0,0.02938556671142578
cross_ring_arc,0,0.0,0.029410820454359055
cross_ring_arc,0,0.0,0.029531188309192657
cross_ring_arc,0,0.0,0.02970283292233944
cross_ring_arc,0,0.0,0.029787758365273476
cross_ring_arc,0,0.0,0.029808366671204567
cross_ring_arc,0,0.0,0.03005613200366497
cross_ring_arc,0,0.0,0.030278697609901428
cross_ring_arc,0,0.0,0.030321907252073288
cross_ring_arc,0,0.0,0.030603043735027313
cross_ring_arc,0,0.0,0.03065025620162487
cross_ring_arc,0,0.0,0.03067755326628685
cross_ring_arc,0,0.0,0.030977683141827583
cross_ring_arc,0,0.0,0.030987944453954697
cross_ring_arc,0,0.0,0.031133009120821953
cross_ring_arc,0,0.0,0.031206002458930016
cross_ring_arc,0,0.0,0.031804341822862625
cross_ring_arc,0,0.0,0.03181491047143936
cross_ring_arc,0,0.0,0.03203419968485832
cross_ring_arc,0,0.0,0.03207944333553314
cross_ring_arc,0,0.0,0.03212819993495941
cross_ring_arc,0,0.0,0.032447803765535355
cross_ring_arc,0,0.0,0.03268074989318848
cross_ring_arc,0,0.0,0.0328453928232193
cross_ring_arc,0,0.0,0.03301524370908737
cross_ring_arc,0,0.0,0.03314473479986191
cross_ring_arc,0,0.0,0.0334387943148613
cross_ring_arc,0,0.0,0.03354262188076973
cross_ring_arc,0,0.0,0.03374306857585907
cross_ring_arc,0,0.0,0.034120216965675354
cross_ring_arc,0,0.0,0.0344977080821991
cross_ring_arc,0,0.0,0.03452032804489136
cross_ring_arc,0,0.0,0.03483833745121956
cross_ring_arc,0,0.0,0.035043131560087204
cross_ring_arc,0,0.0,0.0352206751704216
cross_ring_arc,0,0.0,0.03529229760169983
cross_ring_arc,0,0.0,0.03549215570092201
cross_ring_arc,0,0.0,0.03561759740114212
cross_ring_arc,0,0.0,0.03567074239253998
cross_ring_arc,0,0.0,0.036056794226169586
cross_ring_arc,0,0.0,0.036172106862068176
cross_ring_arc,0,0.0,0.03640799969434738
cross_ring_arc,0,0.0,0.03655048832297325
cross_ring_arc,0,0.0,0.03656182810664177
cross_ring_arc,0,0.0,0.03667124733328819
cross_ring_arc,0,0.0,0.036719903349876404
cross_ring_arc,0,0.0,0.03676052764058113
cross_ring_arc,0,0.0,0.036839038133621216
cross_ring_arc,0,0.0,0.03684145212173462
cross_ring_arc,0,0.0,0.03696666285395622
cross_ring_arc,0,0.0,0.03726661205291748
cross_ring_arc,0,0.0,0.037387341260910034
cross_ring_arc,0,0.0,0.03762733191251755
cross_ring_arc,0,0.0,0.037654295563697815
cross_ring_arc,0,0.0,0.037930089980363846
cross_ring_arc,0,0.0,0.03803305700421333
cross_ring_arc,0,0.0,0.038035232573747635
cross_ring_arc,0,0.0,0.038096971809864044
cross_ring_arc,0,0.0,0.03823141008615494
cross_ring_arc,0,0.0,0.038264572620391846
cross_ring_arc,0,0.0,0.03829662501811981
cross_ring_arc,0,0.0,0.03876214846968651
cross_ring_arc,0,0.0,0.03902182728052139
cross_ring_arc,0,0.0,0.03914204612374306
cross_ring_arc,0,0.0,0.03915258124470711
cross_ring_arc,0,0.0,0.03924166411161423
cross_ring_arc,0,0.0,0.039370037615299225
cross_ring_arc,0,0.0,0.03941618651151657
cross_ring_arc,0,0.0,0.039553891867399216
cross_ring_arc,0,0.0,0.03984709829092026
cross_ring_arc,0,0.0,0.03991319611668587
cross_ring_arc,0,0.0,0.03993077576160431
cross_ring_arc,0,0.0,0.040129173547029495
cross_ring_arc,0,0.0,0.040661077946424484
cross_ring_arc,0,0.0,0.040687259286642075
cross_ring_arc,0,0.0,0.04068975895643234
cross_ring_arc,0,0.0,0.04082479327917099
cross_ring_arc,0,0.0,0.04083402082324028
cross_ring_arc,0,0.0,0.04114064574241638
cross_ring_arc,0,0.0,0.04127819091081619
cross_ring_arc,0,0.0,0.04172007739543915
cross_ring_arc,0,0.0,0.041812337934970856
cross_ring_arc,0,0.0,0.04206972196698189
cross_ring_arc,0,0.0,0.0420842170715332
cross_ring_arc,0,0.0,0.04209301248192787
cross_ring_arc,0,0.0,0.04210220277309418
cross_ring_arc,0,0.0,0.0421144925057888
cross_ring_arc,0,0.0,0.04218435287475586
cross_ring_arc,0,0.0,0.0424470528960228
cross_ring_arc,0,0.0,0.042581405490636826
cross_ring_arc,0,0.0,0.04263746365904808
cross_ring_arc,0,0.0,0.04276927560567856
cross_ring_arc,0,0.0,0.04307268559932709
cross_ring_arc,0,0.0,0.043082114309072495
cross_ring_arc,0,0.0,0.04308305308222771
cross_ring_arc,0,0.0,0.04329468309879303
cross_ring_arc,0,0.0,0.04333264380693436
cross_ring_arc,0,0.0,0.043882112950086594
cross_ring_arc,0,0.0,0.04407595843076706
cross_ring_arc,0,0.0,0.04414743930101395
cross_ring_arc,0,0.0,0.04415508732199669
cross_ring_arc,0,0.0,0.04435835778713226
cross_ring_arc,0,0.0,0.04461829736828804
cross_ring_arc,0,0.0,0.044966235756874084
cross_ring_arc,0,0.0,0.045065172016620636
cross_ring_arc,0,0.0,0.04520948976278305
cross_ring_arc,0,0.0,0.04541326314210892
cross_ring_arc,0,0.0,0.04556437209248543
cross_ring_arc,0,0.0,0.04565027356147766
cross_ring_arc,0,0.0,0.045810531824827194
cross_ring_arc,0,0.0,0.046154703944921494
cross_ring_arc,0,0.0,0.046300116926431656
cross_ring_arc,0,0.0,0.04647243767976761
cross_ring_arc,0,0.0,0.04658076539635658
cross_ring_arc,0,0.0,0.04670342057943344
cross_ring_arc,0,0.0,0.04671865701675415
cross_ring_arc,0,0.0,0.04715319350361824
cross_ring_arc,0,0.0,0.04738400876522064
cross_ring_arc,0,0.0,0.0475337840616703
cross_ring_arc,0,0.0,0.04757567122578621
cross_ring_arc,0,0.0,0.04760633036494255
cross_ring_arc,0,0.0,0.04769064486026764
cross_ring_arc,0,0.0,0.04806273430585861
cross_ring_arc,0,0.0,0.04840666800737381
cross_ring_arc,0,0.0,0.04863172397017479
cross_ring_arc,0,0.0,0.04904477298259735
cross_ring_arc,0,0.0,0.049298420548439026
cross_ring_arc,0,0.0,0.049750931560993195
cross_ring_arc,0,0.0,0.04999622702598572
cross_ring_arc,0,0.0,0.05002116411924362
cross_ring_arc,0,0.0,0.05013991892337799
cross_ring_arc,0,0.0,0.0506526380777359
cross_ring_arc,0,0.0,0.05095909908413887
cross_ring_arc,0,0.0,0.05105787143111229
cross_ring_arc,0,0.0,0.0514497384428978
cross_ring_arc,0,0.0,0.051948923617601395
cross_ring_arc,0,0.0,0.05203073471784592
cross_ring_arc,0,0.0,0.05225437879562378
cross_ring_arc,0,0.0,0.05244011804461479
cross_ring_arc,0,0.0,0.052494943141937256
cross_ring_arc,0,0.0,0.052693624049425125
cross_ring_arc,0,0.0,0.0528259314596653
cross_ring_arc,0,0.0,0.0532284751534462
cross_ring_arc,0,0.0,0.05368971824645996
cross_ring_arc,0,0.0,0.05370718613266945
cross_ring_arc,0,0.0,0.05407393351197243
cross_ring_arc,0,0.0,0.0544862262904644
cross_ring_arc,0,0.0,0.0546998605132103
cross_ring_arc,0,0.0,0.0548163503408432
cross_ring_arc,0,0.0,0.05496380850672722
cross_ring_arc,0,0.0,0.055020518600940704
cross_ring_arc,0,0.0,0.05515198037028313
cross_ring_arc,0,0.0,0.05574023723602295
cross_ring_arc,0,0.0,0.05591493472456932
cross_ring_arc,0,0.0,0.05594037473201752
cross_ring_arc,0,0.0,0.055961064994335175
cross_ring_arc,0,0.0,0.05604536086320877
cross_ring_arc,0,0.0,0.056426625698804855
cross_ring_arc,0,0.0,0.057217665016651154
cross_ring_arc,0,0.0,0.05732598155736923
cross_ring_arc,0,0.0,0.05738259106874466
cross_ring_arc,0,0.0,0.057594552636146545
cross_ring_arc,0,0.0,0.05759865418076515
cross_ring_arc,0,0.0,0.057674381881952286
cross_ring_arc,0,0.0,0.058033570647239685
cross_ring_arc,0,0.0,0.058095719665288925
cross_ring_arc,0,0.0,0.05835392326116562
cross_ring_arc,0,0.0,0.058791033923625946
cross_ring_arc,0,0.0,0.058847952634096146
cross_ring_arc,0,0.0,0.05887618288397789
cross_ring_arc,0,0.0,0.059108667075634
cross_ring_arc,0,0.0,0.05915186554193497
cross_ring_arc,0,0.0,0.05921236053109169
cross_ring_arc,0,0.0,0.05925879627466202
cross_ring_arc,0,0.0,0.05961458012461662
cross_ring_arc,0,0.0,0.05968257784843445
cross_ring_arc,0,0.0,0.060160160064697266
cross_ring_arc,0,0.0,0.060189440846443176
cross_ring_arc,0,0.0,0.060244861990213394
cross_ring_arc,0,0.0,0.06030384823679924
cross_ring_arc,0,0.0,0.060819111764431
cross_ring_arc,0,0.0,0.06096213683485985
cross_ring_arc,0,0.0,0.060963910073041916
cross_ring_arc,0,0.0,0.06118898466229439
cross_ring_arc,0,0.0,0.06123155727982521
cross_ring_arc,0,0.0,0.06130119413137436
cross_ring_arc,0,0.0,0.06203332915902138
cross_ring_arc,0,0.0,0.06256724894046783
cross_ring_arc,0,0.0,0.06258135288953781
cross_ring_arc,0,0.0,0.06303720921278
cross_ring_arc,0,0.0,0.0630987212061882
cross_ring_arc,0,0.0,0.0631466656923294
cross_ring_arc,0,0.0,0.06348060816526413
cross_ring_arc,0,0.0,0.0634877160191536
cross_ring_arc,0,0.0,0.06367138028144836
cross_ring_arc,0,0.0,0.06369378417730331
cross_ring_arc,0,0.0,0.06417366862297058
cross_ring_arc,0,0.0,0.06457246094942093
cross_ring_arc,0,0.0,0.06458471715450287
cross_ring_arc,0,0.0,0.06486834585666656
cross_ring_arc,0,0.0,0.06529472023248672
cross_ring_arc,0,0.0,0.06536425650119781
cross_ring_arc,0,0.0,0.06536707282066345
cross_ring_arc,0,0.0,0.06564777344465256
cross_ring_arc,0,0.0,0.06570414453744888
cross_ring_arc,0,0.0,0.06580885499715805
cross_ring_arc,0,0.0,0.06645910441875458
cross_ring_arc,0,0.0,0.06659477949142456
cross_ring_arc,0,0.0,0.06665932387113571
cross_ring_arc,0,0.0,0.06699895113706589
cross_ring_arc,0,0.0,0.06729773432016373
cross_ring_arc,0,0.0,0.0673564225435257
cross_ring_arc,0,0.0,0.06744813919067383
cross_ring_arc,0,0.0,0.06868497282266617
cross_ring_arc,0,0.0,0.0687226951122284
cross_ring_arc,0,0.0,0.06885967403650284
cross_ring_arc,0,0.0,0.06900674104690552
cross_ring_arc,0,0.0,0.06950874626636505
cross_ring_arc,0,0.0,0.0697983056306839
cross_ring_arc,0,0.0,0.0707736536860466
cross_ring_arc,0,0.0,0.07090723514556885
cross_ring_arc,0,0.0,0.07125035673379898
cross_ring_arc,0,0.0,0.07130890339612961
cross_ring_arc,0,0.0,0.07182446122169495
cross_ring_arc,0,0.0,0.0720221996307373
cross_ring_arc,0,0.0,0.07215656340122223
cross_ring_arc,0,0.0,0.07238548994064331
cross_ring_arc,0,0.0,0.07323089241981506
cross_ring_arc,0,0.0,0.07420936226844788
cross_ring_arc,0,0.0,0.07490161061286926
cross_ring_arc,0,0.0,0.07542087882757187
cross_ring_arc,0,0.0,0.07545347511768341
cross_ring_arc,0,0.0,0.07563550770282745
cross_ring_arc,0,0.0,0.07585564255714417
cross_ring_arc,0,0.0,0.07621820271015167
cross_ring_arc,0,0.0,0.07633960992097855
cross_ring_arc,0,0.0,0.07795176655054092
cross_ring_arc,0,0.0,0.07802442461252213
cross_ring_arc,0,0.0,0.07876430451869965
cross_ring_arc,0,0.0,0.07939401268959045
cross_ring_arc,0,0.0,0.07986779510974884
cross_ring_arc,0,0.0,0.08012232929468155
cross_ring_arc,0,0.0,0.08030964434146881
cross_ring_arc,0,0.0,0.08056465536355972
cross_ring_arc,0,0.0,0.08117508143186569
cross_ring_arc,0,0.0,0.08215305209159851
cross_ring_arc,0,0.0,0.08234765380620956
cross_ring_arc,0,0.0,0.0827091857790947
cross_ring_arc,0,0.0,0.08275216817855835
cross_ring_arc,0,0.0,0.083448126912117
cross_ring_arc,0,0.0,0.08420439809560776
cross_ring_arc,0,0.0,0.08614207059144974
cross_ring_arc,0,0.0,0.0869060531258583
cross_ring_arc,0,0.0,0.08718158304691315
cross_ring_arc,0,0.0,0.0872846245765686
cross_ring_arc,0,0.0,0.08733618259429932
cross_ring_arc,0,0.0,0.08734562993049622
cross_ring_arc,0,0.0,0.08759450167417526
cross_ring_arc,0,0.0,0.08786647766828537
cross_ring_arc,0,0.0,0.08806994557380676
cross_ring_arc,0,0.0,0.08826667815446854
cross_ring_arc,0,0.0,0.08843230456113815
cross_ring_arc,0,0.0,0.08875800669193268
cross_ring_arc,0,0.0,0.08923454582691193
cross_ring_arc,0,0.0,0.0892937034368515
cross_ring_arc,0,0.0,0.09025344252586365
cross_ring_arc,0,0.0,0.09027205407619476
cross_ring_arc,0,0.0,0.09045372158288956
cross_ring_arc,0,0.0,0.09054399281740189
cross_ring_arc,0,0.0,0.09064805507659912
cross_ring_arc,0,0.0,0.09146945923566818
cross_ring_arc,0,0.0,0.09162158519029617
cross_ring_arc,0,0.0,0.09163027256727219
cross_ring_arc,0,0.0,0.09178575128316879
cross_ring_arc,0,0.0,0.09266242384910583
cross_ring_arc,0,0.0,0.09283330291509628
cross_ring_arc,0,0.0,0.09285999089479446
cross_ring_arc,0,0.0,0.0930599719285965
cross_ring_arc,0,0.0,0.09349960088729858
cross_ring_arc,0,0.0,0.0936383381485939
cross_ring_arc,0,0.0,0.09364255517721176
cross_ring_arc,0,0.0,0.09438411891460419
cross_ring_arc,0,0.0,0.09465581178665161
cross_ring_arc,0,0.0,0.09535350650548935
cross_ring_arc,0,0.0,0.09548094868659973
cross_ring_arc,0,0.0,0.09559763222932816
cross_ring_arc,0,0.0,0.09586381167173386
cross_ring_arc,0,0.0,0.09621236473321915
cross_ring_arc,0,0.0,0.09627147763967514
cross_ring_arc,0,0.0,0.09814618527889252
cross_ring_arc,0,0.0,0.09855766594409943
cross_ring_arc,0,0.0,0.09889692813158035
cross_ring_arc,0,0.0,0.09922458231449127
cross_ring_arc,0,0.0,0.09968320280313492
cross_ring_arc,0,0.0,0.10029787570238113
cross_ring_arc,0,0.0,0.10090740770101547
cross_ring_arc,0,0.0,0.10291687399148941
cross_ring_arc,0,0.0,0.1036144271492958
cross_ring_arc,0,0.0,0.10412096232175827
cross_ring_arc,0,0.0,0.10438673198223114
cross_ring_arc,0,0.0,0.10457982867956161
cross_ring_arc,0,0.0,0.10499482601881027
cross_ring_arc,0,0.0,0.10590868443250656
cross_ring_arc,0,0.0,0.10645183175802231
cross_ring_arc,0,0.0,0.10647948831319809
cross_ring_arc,0,0.0,0.10683970898389816
cross_ring_arc,0,0.0,0.10689030587673187
cross_ring_arc,0,0.0,0.10717950016260147
cross_ring_arc,0,0.0,0.10730204731225967
cross_ring_arc,0,0.0,0.10749039798974991
cross_ring_arc,0,0.0,0.1081731915473938
cross_ring_arc,0,0.0,0.10870209336280823
cross_ring_arc,0,0.0,0.10880693793296814
cross_ring_arc,0,0.0,0.10888031125068665
cross_ring_arc,0,0.0,0.10919059067964554
cross_ring_arc,0,0.0,0.11001060158014297
cross_ring_arc,0,0.0,0.11020707339048386
cross_ring_arc,0,0.0,0.11056112498044968
cross_ring_arc,0,0.0,0.11057455092668533
cross_ring_arc,0,0.0,0.1106109470129013
cross_ring_arc,0,0.0,0.11071503162384033
cross_ring_arc,0,0.0,0.11176469922065735
cross_ring_arc,0,0.0,0.11188790947198868
cross_ring_arc,0,0.0,0.11271149665117264
cross_ring_arc,0,0.0,0.11281048506498337
cross_ring_arc,0,0.0,0.11320532858371735
cross_ring_arc,0,0.0,0.11336317658424377
cross_ring_arc,0,0.0,0.11415613442659378
cross_ring_arc,0,0.0,0.11469826102256775
cross_ring_arc,0,0.0,0.11632876098155975
cross_ring_arc,0,0.0,0.11647322028875351
cross_ring_arc,0,0.0,0.11685405671596527
cross_ring_arc,0,0.0,0.11795344948768616
cross_ring_arc,0,0.0,0.11818612366914749
cross_ring_arc,0,0.0,0.11911667883396149
cross_ring_arc,0,0.0,0.1206287071108818
cross_ring_arc,0,0.0,0.12107578665018082
cross_ring_arc,0,0.0,0.12141819298267365
cross_ring_arc,0,0.0,0.12186747044324875
cross_ring_arc,0,0.0,0.12211450189352036
cross_ring_arc,0,0.0,0.1224079430103302
cross_ring_arc,0,0.0,0.1228097677230835
cross_ring_arc,0,0.0,0.12344976514577866
cross_ring_arc,0,0.0,0.12529218196868896
cross_ring_arc,0,0.0,0.12544122338294983
cross_ring_arc,0,0.0,0.12545932829380035
cross_ring_arc,0,0.0,0.1263236403465271
cross_ring_arc,0,0.0,0.12639392912387848
cross_ring_arc,0,0.0,0.126641184091568
cross_ring_arc,0,0.0,0.12681038677692413
cross_ring_arc,0,0.0,0.12779994308948517
cross_ring_arc,0,0.0,0.1289464235305786
cross_ring_arc,0,0.0,0.13009735941886902
cross_ring_arc,0,0.0,0.13045497238636017
cross_ring_arc,0,0.0,0.13059906661510468
cross_ring_arc,0,0.0,0.13124839961528778
cross_ring_arc,0,0.0,0.1312524974346161
cross_ring_arc,0,0.0,0.13127848505973816
cross_ring_arc,0,0.0,0.1313284933567047
cross_ring_arc,0,0.0,0.13224351406097412
cross_ring_arc,0,0.0,0.133601114153862
cross_ring_arc,0,0.0,0.13412556052207947
cross_ring_arc,0,0.0,0.1348545253276825
cross_ring_arc,0,0.0,0.1360516995191574
cross_ring_arc,0,0.0,0.14096735417842865
cross_ring_arc,0,0.0,0.14192131161689758
cross_ring_arc,0,0.0,0.1421528458595276
cross_ring_arc,0,0.0,0.14354421198368073
cross_ring_arc,0,0.0,0.14399854838848114
cross_ring_arc,0,0.0,0.1445397436618805
cross_ring_arc,0,0.0,0.14489516615867615
cross_ring_arc,0,0.0,0.14527815580368042
cross_ring_arc,0,0.0,0.1454264372587204
cross_ring_arc,0,0.0,0.14558179676532745
cross_ring_arc,0,0.0,0.14612805843353271
cross_ring_arc,0,0.0,0.1467176228761673
cross_ring_arc,0,0.0,0.14785948395729065
cross_ring_arc,0,0.0,0.14791196584701538
cross_ring_arc,0,0.0,0.1484309285879135
cross_ring_arc,0,0.0,0.14917156100273132
cross_ring_arc,0,0.0,0.15086233615875244
cross_ring_arc,0,0.0,0.1509561687707901
cross_ring_arc,0,0.0,0.15179090201854706
cross_ring_arc,0,0.0,0.15357202291488647
cross_ring_arc,0,0.0,0.15359759330749512
cross_ring_arc,0,0.0,0.15420089662075043
cross_ring_arc,0,0.0,0.15551158785820007
cross_ring_arc,0,0.0,0.15567095577716827
cross_ring_arc,0,0.0,0.1570609211921692
cross_ring_arc,0,0.0,0.15839776396751404
cross_ring_arc,0,0.0,0.15911860764026642
cross_ring_arc,0,0.0,0.15963348746299744
cross_ring_arc,0,0.0,0.15992647409439087
cross_ring_arc,0,0.0,0.1602211743593216
cross_ring_arc,0,0.0,0.16210594773292542
cross_ring_arc,0,0.0,0.1630231738090515
cross_ring_arc,0,0.0,0.16340072453022003
cross_ring_arc,0,0.0,0.16576005518436432
cross_ring_arc,0,0.0,0.17801670730113983
cross_ring_arc,0,0.0,0.19063131511211395
cross_ring_arc,0,0.0,0.19129548966884613
cross_ring_arc,0,0.0,0.195268914103508
cross_ring_arc,0,0.0,0.20005252957344055
cross_ring_arc,0,0.0,0.20766346156597137
cross_ring_arc,0,0.0,0.22265100479125977
cross_ring_arc,0,0.0,0.225937619805336
cross_ring_arc,0,0.0,0.22744299471378326
cross_ring_arc,0,0.0,0.23361849784851074
cross_ring_arc,0,0.0,0.2418626844882965
cross_ring_arc,0,0.0,0.2599736452102661
cross_ring_arc,0,0.0,0.27236655354499817
cross_ring_arc,1,0.45330849289894104,0.47824209928512573
cross_ring_arc,1,0.30997881293296814,0.3252982497215271
cross_ring_arc,1,0.28954651951789856,0.29285165667533875
cross_ring_arc,1,0.2782736122608185,0.3373680114746094
cross_ring_arc,1,0.27715763449668884,0.34766480326652527
cross_ring_arc,1,0.2739720940589905,0.3230350911617279
cross_ring_arc,1,0.27280086278915405,0.3038717806339264
cross_ring_arc,1,0.2647359073162079,0.2805200219154358
cross_ring_arc,1,0.257311075925827,0.30992555618286133
cross_ring_arc,1,0.22671052813529968,0.2418038696050644
cross_ring_arc,1,0.21539755165576935,0.2778410315513611
cross_ring_arc,1,0.21081577241420746,0.2572423815727234
cross_ring_arc,1,0.20674996078014374,0.2267661839723587
cross_ring_arc,1,0.20617374777793884,0.20986008644104004
cross_ring_arc,1,0.20564602315425873,0.23408596217632294
cross_ring_arc,1,0.2051001489162445,0.23891030251979828
cross_ring_arc,1,0.20307175815105438,0.23938965797424316
cross_ring_arc,1,0.20209266245365143,0.2657734155654907
cross_ring_arc,1,0.1998249590396881,0.22235839068889618
cross_ring_arc,1,0.19952169060707092,0.24450932443141937
cross_ring_arc,1,0.19896283745765686,0.24713188409805298
cross_ring_arc,1,0.19841445982456207,0.2230626344680786
cross_ring_arc,1,0.1979956030845642,0.2447265237569809
cross_ring_arc,1,0.19777967035770416,0.19806112349033356
cross_ring_arc,1,0.19573457539081573,0.23806683719158173
cross_ring_arc,1,0.18414127826690674,0.25380489230155945
cross_ring_arc,1,0.18301141262054443,0.18882152438163757
cross_ring_arc,1,0.18241284787654877,0.19378718733787537
cross_ring_arc,1,0.1816597580909729,0.23294667899608612
cross_ring_arc,1,0.17767983675003052,0.26394692063331604
cross_ring_arc,1,0.17561601102352142,0.19977997243404388
cross_ring_arc,1,0.17502497136592865,0.19038401544094086
cross_ring_arc,1,0.1722666472196579,0.18451908230781555
cross_ring_arc,1,0.17043864727020264,0.1953720897436142
cross_ring_arc,1,0.16513904929161072,0.17659349739551544
cross_ring_arc,1,0.1647615134716034,0.19071459770202637
cross_ring_arc,1,0.1639729142189026,0.18421176075935364
cross_ring_arc,1,0.16393305361270905,1.3266065120697021
cross_ring_arc,1,0.15772169828414917,0.17088545858860016
cross_ring_arc,1,0.1565156728029251,0.24763095378875732
cross_ring_arc,1,0.15242046117782593,0.19460536539554596
cross_ring_arc,1,0.15041649341583252,0.18349727988243103
cross_ring_arc,1,0.1481270045042038,0.15619994699954987
cross_ring_arc,1,0.14716577529907227,0.15069985389709473
cross_ring_arc,1,0.145536407828331,0.19355517625808716
cross_ring_arc,1,0.14522507786750793,0.16989149153232574
cross_ring_arc,1,0.14451691508293152,0.15890294313430786
cross_ring_arc,1,0.1393875777721405,0.14423131942749023
cross_ring_arc,1,0.13903111219406128,0.1570359766483307
cross_ring_arc,1,0.13774007558822632,0.1412668228149414
cross_ring_arc,1,0.1363525092601776,0.1396639496088028
cross_ring_arc,1,0.1354055106639862,0.16341552138328552
cross_ring_arc,1,0.13221541047096252,0.1334453672170639
cross_ring_arc,1,0.13115166127681732,0.1764141172170639
cross_ring_arc,1,0.13061313331127167,0.1457061767578125
cross_ring_arc,1,0.12995074689388275,0.13525018095970154
cross_ring_arc,1,0.12994971871376038,0.1734272539615631
cross_ring_arc,1,0.1275959014892578,0.15350617468357086
cross_ring_arc,1,0.1264846920967102,0.15531215071678162
cross_ring_arc,1,0.12646780908107758,0.18523575365543365
cross_ring_arc,1,0.12469309568405151,0.13011159002780914
cross_ring_arc,1,0.12165713310241699,0.13476687669754028
cross_ring_arc,1,0.12157821655273438,0.13143198192119598
cross_ring_arc,1,0.12091796100139618,0.13648442924022675
cross_ring_arc,1,0.12077777087688446,0.13464905321598053
cross_ring_arc,1,0.11895885318517685,0.12641356885433197
cross_ring_arc,1,0.11729378998279572,0.1733725666999817
cross_ring_arc,1,0.11548406630754471,0.15971308946609497
cross_ring_arc,1,0.11540084332227707,0.21850751340389252
cross_ring_arc,1,0.10800287127494812,0.1083352118730545
cross_ring_arc,1,0.10658464580774307,0.12414175271987915
cross_ring_arc,1,0.10614554584026337,0.15854044258594513
cross_ring_arc,1,0.10539126396179199,0.11009736359119415
cross_ring_arc,1,0.10318829119205475,0.10431120544672012
cross_ring_arc,1,0.10212556272745132,0.1504197120666504
cross_ring_arc,1,0.09967532753944397,0.10386966913938522
cross_ring_arc,1,0.09864138811826706,0.12530465424060822
cross_ring_arc,1,0.09863774478435516,0.10298082232475281
cross_ring_arc,1,0.09636241942644119,0.1356603354215622
cross_ring_arc,1,0.09489092230796814,0.11663102358579636
cross_ring_arc,1,0.09443144500255585,0.1212284043431282
cross_ring_arc,1,0.09428580105304718,0.09699753671884537
cross_ring_arc,1,0.09379450231790543,0.09489957988262177
cross_ring_arc,1,0.09132843464612961,0.11088418960571289
cross_ring_arc,1,0.09013158082962036,0.09039892256259918
cross_ring_arc,1,0.08790664374828339,0.1290036141872406
cross_ring_arc,1,0.08591857552528381,0.10314548760652542
cross_ring_arc,1,0.08471281826496124,0.08880811184644699
cross_ring_arc,1,0.08348565548658371,0.10207051038742065
cross_ring_arc,1,0.08179228752851486,0.1175302043557167
cross_ring_arc,1,0.08049704879522324,0.08821015059947968
cross_ring_arc,1,0.0789143443107605,0.10527069866657257
cross_ring_arc,1,0.07810133695602417,0.08787129074335098
cross_ring_arc,1,0.07309478521347046,0.08300892263650894
cross_ring_arc,1,0.06717761605978012,0.08395138382911682
cross_ring_arc,1,0.06397730112075806,0.11167203634977341
cross_ring_arc,1,0.06354080885648727,0.07382236421108246
cross_ring_arc,1,0.06173452362418175,0.0769544243812561
cross_ring_arc,1,0.06127392128109932,0.07103610783815384
cross_ring_arc,1,0.060772545635700226,0.10567503422498703
cross_ring_arc,1,0.06076986342668533,0.07575234025716782
cross_ring_arc,1,0.0607411228120327,0.07760676741600037
cross_ring_arc,1,0.06030604615807533,0.07241365313529968
cross_ring_arc,1,0.05973305553197861,0.07042132318019867
cross_ring_arc,1,0.05937613546848297,0.07329121977090836
cross_ring_arc,1,0.058030396699905396,0.07691662013530731
cross_ring_arc,1,0.054232098162174225,0.06578841060400009
cross_ring_arc,1,0.048731859773397446,0.0612013004720211
cross_ring_arc,1,0.048669666051864624,0.05540221929550171
cross_ring_arc,1,0.048421911895275116,0.06986120343208313
cross_ring_arc,1,0.047943249344825745,0.053989723324775696
cross_ring_arc,1,0.04374871402978897,0.04690186306834221
cross_ring_arc,1,0.04315779730677605,0.05531623587012291
cross_ring_arc,1,0.038054458796978,0.05667481943964958
cross_ring_arc,1,0.03788768872618675,0.03858231008052826
cross_ring_arc,1,0.030508121475577354,0.03102019801735878
